fs 3700;frames_per_buffer None;samples_per_frame None;refresh_rate_hz None
2024-08-29 15:29:06.206178;1.9873046875;1.988525390625;1.9921875;1.990966796875;1.990966796875;1.9921875;1.9921875;1.9921875;1.993408203125;1.995849609375;1.9970703125;1.998291015625;1.998291015625;1.993408203125;1.990966796875;1.988525390625;1.9921875;1.993408203125;1.993408203125;1.9921875;1.9873046875;1.9921875;1.995849609375;1.99951171875;1.995849609375;1.998291015625;1.998291015625;1.88232421875;31.25732421875;30.936279296875;1.9970703125;1.998291015625;2.000732421875;2.003173828125;2.00439453125;1.9970703125;1.995849609375;1.99951171875;1.9970703125;1.993408203125;1.98974609375;1.9921875;1.993408203125;1.990966796875;1.9921875;1.9921875;1.995849609375;1.9970703125;2.001953125;2.0068359375;2.003173828125;1.998291015625;1.995849609375;1.9970703125;1.995849609375;1.99462890625;1.990966796875;1.9921875;1.9921875;1.988525390625;1.98974609375;1.990966796875;1.9921875;1.995849609375;1.998291015625;1.9970703125;1.9970703125;1.99462890625;1.99951171875;1.99951171875;1.9970703125;1.99951171875;2.000732421875;2.000732421875;2.000732421875;1.99951171875;1.9970703125;1.9921875;1.988525390625;1.986083984375;1.9873046875;1.9873046875;1.98486328125;1.986083984375;1.98486328125;1.982421875;1.981201171875;1.98486328125;1.98974609375;1.99462890625;1.99462890625;1.995849609375;1.9970703125;1.995849609375;1.993408203125;1.99462890625;1.990966796875;1.990966796875;1.9921875;1.990966796875
2024-08-29 15:29:06.234410;1.988525390625;1.986083984375;1.982421875;1.978759765625;1.978759765625;1.97998046875;1.982421875;1.978759765625;1.982421875;1.986083984375;1.98974609375;1.990966796875;1.9921875;1.990966796875;1.988525390625;1.986083984375;1.97998046875;1.97998046875;1.981201171875;1.98974609375;1.99462890625;2.001953125;1.99462890625;1.990966796875;1.9873046875;1.983642578125;1.988525390625;1.988525390625;1.993408203125;1.9970703125;1.99462890625;1.9873046875;1.98486328125;1.982421875;1.9873046875;1.978759765625;1.9775390625;1.982421875;1.9873046875;1.98486328125;1.98486328125;1.98486328125;1.982421875;1.981201171875;1.986083984375;1.982421875;1.976318359375;1.978759765625;1.98486328125;1.988525390625;1.990966796875;1.9921875;1.9873046875;1.9873046875;1.9873046875;1.982421875;1.982421875;1.9873046875;1.988525390625;1.982421875;1.986083984375;1.9873046875;1.98486328125;1.988525390625;1.988525390625;1.990966796875;1.988525390625;1.990966796875;1.990966796875;1.98974609375;1.99462890625;1.998291015625;1.99951171875;1.998291015625;1.99951171875;2.000732421875;1.9970703125;1.99462890625;2.003173828125;2.008056640625;2.00927734375;2.0068359375;2.005615234375;2.005615234375;2.005615234375;2.005615234375;2.003173828125;2.001953125;1.99951171875;2.001953125;2.003173828125;1.99951171875;2.000732421875;1.995849609375;1.995849609375;1.99462890625;1.998291015625;1.9970703125;1.998291015625;1.9970703125
2024-08-29 15:29:06.259497;1.99462890625;1.993408203125;1.9921875;1.990966796875;1.993408203125;1.988525390625;1.983642578125;1.9921875;1.990966796875;1.988525390625;1.988525390625;1.99462890625;1.99951171875;1.99951171875;1.9970703125;1.9970703125;1.99951171875;2.003173828125;2.003173828125;2.00439453125;2.00439453125;2.001953125;2.003173828125;2.0068359375;2.017822265625;2.015380859375;2.008056640625;2.00439453125;2.001953125;1.995849609375;1.98974609375;1.988525390625;1.98974609375;1.986083984375;1.983642578125;1.981201171875;1.97998046875;1.986083984375;1.988525390625;1.986083984375;1.981201171875;1.988525390625;1.98974609375;1.98974609375;1.988525390625;1.986083984375;1.9921875;1.998291015625;1.99951171875;1.998291015625;1.99462890625;1.995849609375;1.99951171875;2.000732421875;2.008056640625;2.005615234375;2.0068359375;2.000732421875;1.99462890625;1.993408203125;1.98974609375;1.99462890625;1.9970703125;1.993408203125;1.98974609375;1.990966796875;1.9921875;1.990966796875;1.993408203125;1.998291015625;2.001953125;2.000732421875;2.000732421875;2.00439453125;2.0068359375;2.008056640625;2.008056640625;2.010498046875;2.00439453125;2.000732421875;1.995849609375;1.9921875;1.99462890625;1.988525390625;1.98486328125;1.97998046875;1.983642578125;1.98974609375;1.9921875;1.990966796875;1.98974609375;1.990966796875;1.988525390625;1.982421875;1.98486328125;1.9873046875;1.986083984375;1.986083984375;1.98974609375;1.990966796875
2024-08-29 15:29:06.288131;1.9873046875;1.986083984375;1.98974609375;1.9921875;1.990966796875;1.993408203125;1.993408203125;1.9921875;1.988525390625;1.988525390625;1.98486328125;1.98974609375;1.98974609375;1.990966796875;1.9921875;2.000732421875;2.001953125;1.99951171875;1.9970703125;1.993408203125;1.98974609375;1.98974609375;1.988525390625;1.98974609375;1.9921875;1.9921875;1.990966796875;1.993408203125;1.9970703125;1.99462890625;1.9921875;1.988525390625;1.993408203125;1.9970703125;1.99462890625;1.9921875;1.99462890625;1.9970703125;1.998291015625;1.995849609375;1.993408203125;1.993408203125;1.98974609375;1.988525390625;1.986083984375;1.986083984375;1.9873046875;1.9921875;1.99951171875;2.000732421875;2.000732421875;1.99951171875;1.995849609375;1.99462890625;1.998291015625;1.995849609375;1.993408203125;1.9921875;1.990966796875;1.988525390625;1.990966796875;1.993408203125;1.993408203125;1.990966796875;1.99462890625;1.99462890625;1.99462890625;1.9970703125;1.9970703125;1.995849609375;1.99462890625;1.9921875;1.9921875;1.998291015625;2.001953125;1.99951171875;1.9970703125;1.99951171875;1.998291015625;1.99462890625;1.988525390625;1.98974609375;1.986083984375;1.98486328125;1.98486328125;1.986083984375;1.986083984375;1.98974609375;1.98974609375;1.988525390625;1.98974609375;1.9921875;1.99462890625;1.9921875;1.9873046875;1.990966796875;1.990966796875;1.990966796875;1.9921875;1.9921875
2024-08-29 15:29:06.316670;1.993408203125;1.993408203125;1.9921875;1.993408203125;1.99462890625;1.998291015625;1.99951171875;1.9970703125;1.998291015625;2.003173828125;1.99951171875;1.99951171875;1.993408203125;1.990966796875;1.983642578125;1.983642578125;1.978759765625;1.982421875;1.98486328125;1.9873046875;1.988525390625;1.993408203125;1.99462890625;1.99462890625;1.9921875;1.990966796875;1.993408203125;1.99462890625;1.9873046875;1.986083984375;1.983642578125;1.986083984375;1.9873046875;1.983642578125;1.98486328125;1.98486328125;1.98486328125;1.97998046875;1.988525390625;1.993408203125;1.99462890625;1.9921875;1.9921875;1.990966796875;1.9921875;1.993408203125;1.9970703125;1.993408203125;1.99462890625;1.9921875;1.9873046875;1.98486328125;1.986083984375;1.98974609375;1.990966796875;1.993408203125;1.9970703125;1.998291015625;1.993408203125;1.993408203125;1.990966796875;1.98486328125;1.983642578125;1.9873046875;1.9873046875;1.98974609375;1.990966796875;1.9873046875;1.982421875;1.98486328125;1.98486328125;1.98974609375;1.9921875;1.993408203125;1.993408203125;1.9921875;1.9921875;1.9921875;1.9921875;1.98486328125;1.986083984375;1.9873046875;1.9921875;1.993408203125;1.993408203125;1.995849609375;1.99462890625;1.98974609375;1.986083984375;1.981201171875;1.98486328125;1.988525390625;1.9921875;1.988525390625;1.983642578125;1.9873046875;1.988525390625;1.9873046875;1.98974609375;1.9921875
2024-08-29 15:29:06.345154;1.99462890625;1.995849609375;1.998291015625;1.99462890625;1.9970703125;1.9970703125;1.998291015625;1.9970703125;2.00439453125;2.005615234375;2.010498046875;2.010498046875;2.00927734375;2.000732421875;2.001953125;2.003173828125;2.010498046875;2.015380859375;2.0068359375;2.001953125;2.000732421875;1.99951171875;1.9970703125;1.9970703125;1.9970703125;2.000732421875;2.001953125;1.998291015625;1.998291015625;1.9970703125;1.986083984375;1.98974609375;1.990966796875;1.990966796875;1.995849609375;1.995849609375;1.9970703125;1.99462890625;1.99462890625;1.998291015625;1.998291015625;1.995849609375;1.993408203125;1.993408203125;1.98974609375;1.9921875;1.9921875;1.98974609375;1.986083984375;1.9873046875;1.98486328125;1.98486328125;1.990966796875;1.995849609375;1.9970703125;1.99951171875;2.0068359375;2.0068359375;2.005615234375;2.005615234375;2.00439453125;2.00439453125;2.001953125;2.001953125;2.003173828125;2.000732421875;1.995849609375;1.990966796875;1.986083984375;1.983642578125;1.98486328125;1.988525390625;1.990966796875;1.988525390625;1.990966796875;1.990966796875;1.9921875;1.990966796875;1.9921875;1.988525390625;1.9873046875;1.988525390625;1.988525390625;1.993408203125;1.993408203125;1.99462890625;1.995849609375;1.990966796875;1.99462890625;1.998291015625;1.9921875;1.98974609375;1.993408203125;1.993408203125;1.993408203125;1.98974609375;1.988525390625;1.986083984375;1.97998046875;1.98486328125
2024-08-29 15:29:06.370259;1.99462890625;2.000732421875;2.001953125;1.998291015625;1.99462890625;1.993408203125;1.99462890625;1.9970703125;1.9970703125;1.995849609375;1.9970703125;1.993408203125;1.98974609375;1.990966796875;1.98974609375;1.98974609375;1.9921875;1.98974609375;1.995849609375;1.9970703125;1.993408203125;1.990966796875;1.98486328125;1.990966796875;1.995849609375;1.9970703125;1.995849609375;1.993408203125;1.993408203125;1.98974609375;1.9970703125;1.998291015625;1.998291015625;1.99951171875;2.000732421875;2.000732421875;1.99951171875;1.99951171875;2.005615234375;2.00439453125;2.00439453125;2.000732421875;2.005615234375;2.00927734375;2.0068359375;2.001953125;2.0068359375;2.003173828125;1.99462890625;1.990966796875;1.99951171875;1.9921875;1.990966796875;1.9921875;1.99462890625;1.98974609375;1.988525390625;1.990966796875;1.990966796875;1.990966796875;1.990966796875;1.9873046875;1.98974609375;1.9970703125;1.9970703125;1.99462890625;1.990966796875;1.986083984375;1.988525390625;1.988525390625;1.990966796875;1.98974609375;1.98974609375;1.9873046875;1.983642578125;1.983642578125;1.98486328125;1.9921875;1.98974609375;1.9921875;1.993408203125;1.9921875;1.998291015625;1.998291015625;1.995849609375;1.998291015625;1.993408203125;1.98974609375;1.990966796875;1.993408203125;1.9921875;1.9970703125;1.99462890625;1.995849609375;1.99462890625;1.99951171875;1.998291015625;1.99462890625;1.99462890625;1.990966796875
2024-08-29 15:29:06.398433;1.9921875;1.99462890625;1.99462890625;1.998291015625;1.99462890625;1.99462890625;1.99951171875;1.9970703125;2.000732421875;1.998291015625;1.993408203125;1.990966796875;1.98974609375;1.988525390625;1.993408203125;1.993408203125;1.995849609375;1.98974609375;1.98974609375;1.990966796875;1.990966796875;1.990966796875;1.9873046875;1.98486328125;1.98486328125;1.986083984375;1.986083984375;1.986083984375;1.9921875;1.998291015625;1.986083984375;1.9873046875;1.98486328125;1.988525390625;1.982421875;1.983642578125;1.990966796875;1.988525390625;1.9873046875;1.9921875;1.9921875;1.990966796875;1.99462890625;1.993408203125;1.98974609375;1.98974609375;1.986083984375;1.98486328125;1.981201171875;1.9873046875;1.988525390625;1.988525390625;1.98974609375;1.99462890625;1.993408203125;1.993408203125;1.998291015625;1.993408203125;1.993408203125;1.9921875;1.99462890625;1.990966796875;1.990966796875;1.9921875;1.99462890625;1.990966796875;1.986083984375;1.988525390625;1.990966796875;1.990966796875;1.993408203125;1.993408203125;1.99462890625;1.995849609375;1.993408203125;1.99462890625;1.99462890625;1.9970703125;1.99462890625;1.9970703125;1.9970703125;1.995849609375;1.99951171875;2.00439453125;2.00439453125;2.000732421875;2.000732421875;1.99462890625;1.99462890625;1.990966796875;1.98486328125;1.986083984375;1.98974609375;1.9921875;1.993408203125;1.9970703125;1.995849609375;1.995849609375;1.998291015625;1.993408203125
2024-08-29 15:29:06.427288;1.98974609375;1.99462890625;1.998291015625;1.99951171875;1.995849609375;1.9921875;1.993408203125;1.998291015625;1.998291015625;1.9970703125;1.998291015625;1.993408203125;1.9921875;1.99462890625;1.9970703125;1.995849609375;1.99951171875;1.9970703125;1.99462890625;1.9970703125;1.9921875;1.982421875;1.983642578125;1.986083984375;1.988525390625;1.988525390625;1.98486328125;1.9921875;1.990966796875;1.990966796875;1.995849609375;1.9970703125;1.9970703125;2.001953125;2.001953125;1.998291015625;1.9970703125;2.000732421875;1.993408203125;1.99462890625;1.995849609375;1.9970703125;1.99462890625;1.9970703125;1.9970703125;1.99462890625;1.99462890625;1.98974609375;1.9921875;1.995849609375;1.99462890625;1.9970703125;2.00439453125;2.008056640625;2.003173828125;2.001953125;2.0068359375;2.001953125;1.99951171875;1.9970703125;1.998291015625;1.99951171875;2.000732421875;1.9970703125;1.993408203125;1.9970703125;1.99462890625;1.9970703125;1.998291015625;1.9970703125;1.99462890625;1.995849609375;1.995849609375;1.995849609375;1.995849609375;2.000732421875;2.001953125;2.005615234375;1.995849609375;1.990966796875;1.990966796875;1.993408203125;1.9921875;1.99462890625;1.99462890625;1.99951171875;1.998291015625;1.990966796875;1.990966796875;1.993408203125;1.990966796875;1.9873046875;1.98486328125;1.986083984375;1.990966796875;1.9921875;1.993408203125;1.990966796875;1.988525390625;1.988525390625
2024-08-29 15:29:06.455957;1.9873046875;1.98486328125;1.981201171875;1.981201171875;1.988525390625;1.993408203125;1.993408203125;1.99951171875;1.9970703125;1.9921875;1.986083984375;1.986083984375;1.988525390625;1.98974609375;1.990966796875;1.988525390625;1.988525390625;1.9921875;1.993408203125;1.993408203125;1.99462890625;1.995849609375;1.995849609375;1.9921875;1.9921875;1.98974609375;1.98974609375;1.9873046875;1.9873046875;1.988525390625;1.98974609375;1.9921875;1.9921875;1.99462890625;1.993408203125;1.988525390625;1.9921875;1.990966796875;1.993408203125;1.993408203125;1.998291015625;1.995849609375;1.9921875;1.9970703125;1.99462890625;1.99951171875;1.99951171875;1.9970703125;1.98974609375;1.99462890625;2.001953125;2.001953125;2.000732421875;1.998291015625;1.99462890625;1.98974609375;1.98486328125;1.981201171875;1.983642578125;1.986083984375;1.986083984375;1.98974609375;1.993408203125;1.995849609375;1.99462890625;1.993408203125;1.9921875;1.9921875;1.99462890625;1.99462890625;1.99462890625;1.9921875;1.98974609375;1.98974609375;1.98974609375;1.988525390625;1.9921875;1.990966796875;1.993408203125;1.995849609375;1.990966796875;1.9970703125;2.000732421875;1.998291015625;2.001953125;2.003173828125;2.001953125;2.003173828125;2.00439453125;2.003173828125;1.99462890625;1.986083984375;1.986083984375;1.986083984375;1.98974609375;1.993408203125;1.9921875;1.98974609375;1.9921875;1.993408203125
2024-08-29 15:29:06.480280;1.993408203125;1.990966796875;1.9873046875;1.986083984375;1.9873046875;1.988525390625;1.98974609375;1.9921875;1.990966796875;1.990966796875;1.990966796875;1.993408203125;1.995849609375;1.99462890625;1.986083984375;1.986083984375;1.98974609375;1.988525390625;1.990966796875;1.993408203125;1.99462890625;1.99462890625;1.993408203125;1.993408203125;1.98974609375;1.98974609375;1.990966796875;1.993408203125;1.99462890625;1.9921875;1.99951171875;2.000732421875;2.001953125;1.9970703125;1.995849609375;1.998291015625;1.998291015625;1.9970703125;1.995849609375;1.9970703125;2.000732421875;2.001953125;1.998291015625;1.998291015625;1.99951171875;1.995849609375;1.998291015625;1.993408203125;1.993408203125;1.98974609375;1.9921875;1.98974609375;1.993408203125;1.990966796875;1.995849609375;1.995849609375;1.99462890625;1.998291015625;2.000732421875;1.99462890625;1.9921875;1.993408203125;1.995849609375;1.993408203125;1.990966796875;1.98974609375;1.9873046875;1.986083984375;1.990966796875;1.990966796875;1.9921875;1.9873046875;1.98974609375;1.9921875;1.99462890625;1.990966796875;1.9970703125;1.9970703125;2.001953125;1.998291015625;1.995849609375;1.9970703125;1.995849609375;1.9921875;1.9921875;1.995849609375;1.990966796875;1.98974609375;1.990966796875;1.9873046875;1.98974609375;1.990966796875;1.9921875;1.9873046875;1.98486328125;1.988525390625;1.98486328125;1.983642578125;1.9873046875;1.9970703125
2024-08-29 15:29:06.509224;1.9970703125;1.99462890625;1.9921875;1.9970703125;1.998291015625;1.9921875;1.99462890625;1.9970703125;1.99951171875;1.99951171875;1.98974609375;1.9921875;1.99462890625;1.990966796875;1.993408203125;1.995849609375;1.99462890625;1.9921875;1.98974609375;1.986083984375;1.983642578125;1.986083984375;1.9873046875;1.988525390625;1.98974609375;1.993408203125;1.993408203125;1.988525390625;1.98486328125;1.986083984375;1.98974609375;1.98974609375;1.98974609375;1.983642578125;1.986083984375;1.99462890625;1.99951171875;1.9970703125;1.993408203125;1.98974609375;1.990966796875;1.993408203125;1.9921875;1.988525390625;1.988525390625;1.990966796875;1.998291015625;2.000732421875;1.99951171875;2.003173828125;2.00439453125;2.003173828125;2.001953125;1.99462890625;1.993408203125;1.99462890625;1.99462890625;1.99462890625;1.993408203125;1.99951171875;1.9970703125;1.99462890625;1.998291015625;1.998291015625;1.995849609375;1.99462890625;1.9921875;1.988525390625;1.990966796875;1.988525390625;1.98486328125;1.983642578125;1.983642578125;1.9873046875;1.98974609375;1.9873046875;1.99462890625;1.993408203125;1.9873046875;1.9873046875;1.98974609375;1.988525390625;1.982421875;1.98486328125;1.9873046875;1.986083984375;1.988525390625;1.99462890625;1.9970703125;1.993408203125;1.990966796875;1.99462890625;1.998291015625;1.98974609375;1.988525390625;1.98974609375;1.995849609375;1.993408203125;1.99462890625;1.99462890625
2024-08-29 15:29:06.537341;2.000732421875;1.9970703125;1.9921875;1.988525390625;1.98974609375;1.988525390625;1.988525390625;1.99462890625;1.995849609375;1.9970703125;1.99462890625;1.988525390625;1.9873046875;1.988525390625;1.98486328125;1.98486328125;1.9873046875;1.98974609375;1.993408203125;1.9921875;1.98974609375;1.98974609375;1.990966796875;1.993408203125;1.99951171875;1.99951171875;1.99951171875;1.993408203125;1.9921875;1.98486328125;1.993408203125;1.993408203125;1.98974609375;1.9873046875;1.98974609375;1.990966796875;1.990966796875;1.983642578125;1.97998046875;1.978759765625;1.982421875;1.9775390625;1.982421875;1.9873046875;1.98486328125;1.988525390625;1.99462890625;1.9921875;1.98974609375;1.9921875;1.988525390625;1.988525390625;1.98974609375;1.988525390625;1.990966796875;1.9970703125;1.9970703125;1.99462890625;1.9970703125;1.99951171875;1.998291015625;1.9970703125;1.99462890625;1.995849609375;1.99462890625;1.99462890625;1.99462890625;2.001953125;2.000732421875;2.00927734375;2.008056640625;2.00439453125;2.000732421875;1.99462890625;1.9921875;1.986083984375;1.988525390625;1.9873046875;1.988525390625;1.990966796875;1.988525390625;1.98974609375;1.9873046875;1.98486328125;1.986083984375;1.97998046875;1.978759765625;1.981201171875;1.98486328125;1.986083984375;1.988525390625;1.986083984375;1.98974609375;1.99462890625;1.993408203125;1.9921875;1.993408203125;1.990966796875;1.9873046875;1.9873046875
2024-08-29 15:29:06.562340;1.988525390625;1.986083984375;1.988525390625;1.993408203125;1.990966796875;1.993408203125;1.993408203125;1.9921875;1.990966796875;1.99462890625;1.993408203125;1.993408203125;1.9970703125;1.995849609375;1.993408203125;1.988525390625;1.990966796875;1.995849609375;2.000732421875;1.998291015625;1.9921875;1.9921875;1.990966796875;1.99462890625;1.993408203125;1.99462890625;1.98974609375;1.98974609375;1.9921875;1.993408203125;1.9970703125;1.9970703125;1.995849609375;1.993408203125;1.988525390625;1.98486328125;1.988525390625;1.99462890625;2.001953125;1.9970703125;1.990966796875;1.988525390625;1.98974609375;1.99462890625;1.995849609375;1.99462890625;1.993408203125;1.99951171875;1.99951171875;1.993408203125;1.988525390625;1.986083984375;1.98974609375;1.990966796875;1.990966796875;1.988525390625;1.993408203125;2.000732421875;1.9970703125;1.995849609375;1.99462890625;1.993408203125;1.9921875;1.9921875;1.993408203125;1.9921875;1.99462890625;1.993408203125;1.993408203125;1.995849609375;1.998291015625;1.998291015625;1.99951171875;2.001953125;2.00439453125;2.003173828125;2.000732421875;1.995849609375;1.998291015625;1.99462890625;1.993408203125;1.99462890625;1.993408203125;1.990966796875;1.9921875;1.995849609375;1.990966796875;1.990966796875;1.990966796875;1.9921875;1.99462890625;1.998291015625;1.99951171875;1.99951171875;1.99951171875;1.998291015625;1.9970703125;1.990966796875;1.9873046875;1.9873046875
2024-08-29 15:29:06.591097;1.988525390625;1.9921875;1.99462890625;1.998291015625;2.000732421875;2.000732421875;2.003173828125;1.9970703125;1.998291015625;1.998291015625;1.9970703125;1.9970703125;1.99462890625;1.9970703125;1.99462890625;1.9921875;1.9970703125;2.000732421875;1.995849609375;1.9970703125;1.998291015625;2.00439453125;2.008056640625;2.008056640625;2.00927734375;2.010498046875;2.005615234375;1.998291015625;1.98974609375;1.986083984375;1.986083984375;1.986083984375;1.98974609375;1.990966796875;1.993408203125;1.9921875;1.99462890625;1.99462890625;1.9921875;1.9921875;1.9921875;1.993408203125;1.998291015625;1.99951171875;1.995849609375;1.993408203125;1.990966796875;1.993408203125;1.993408203125;1.99462890625;1.99951171875;1.995849609375;1.99462890625;1.990966796875;1.998291015625;2.003173828125;1.99951171875;2.000732421875;1.9970703125;1.993408203125;1.9921875;1.998291015625;1.998291015625;1.995849609375;1.9921875;1.9921875;1.9921875;1.990966796875;1.98974609375;1.990966796875;1.9970703125;2.003173828125;2.003173828125;2.000732421875;2.000732421875;1.998291015625;1.998291015625;1.995849609375;1.993408203125;1.99462890625;1.990966796875;1.988525390625;1.988525390625;1.98486328125;1.97998046875;1.978759765625;1.981201171875;1.978759765625;1.98486328125;1.990966796875;1.990966796875;1.9921875;1.995849609375;1.9970703125;1.995849609375;1.998291015625;1.995849609375;1.99462890625;1.995849609375;1.99462890625
2024-08-29 15:29:06.619740;1.9921875;1.986083984375;1.981201171875;1.9775390625;1.9775390625;1.97998046875;1.982421875;1.976318359375;1.973876953125;1.97509765625;1.9775390625;1.97998046875;1.97998046875;1.983642578125;1.990966796875;1.995849609375;1.99462890625;1.988525390625;1.9873046875;1.986083984375;1.9873046875;1.98486328125;1.981201171875;1.97509765625;1.976318359375;1.978759765625;1.98486328125;1.98486328125;1.98486328125;1.981201171875;1.97998046875;1.98486328125;1.98486328125;1.982421875;1.97998046875;1.978759765625;1.981201171875;1.99462890625;1.998291015625;1.99951171875;2.003173828125;1.9970703125;1.998291015625;1.9970703125;1.98974609375;1.98974609375;1.99462890625;1.99462890625;1.9921875;1.995849609375;1.990966796875;1.99462890625;1.9921875;1.98974609375;1.998291015625;2.000732421875;2.000732421875;1.9970703125;1.993408203125;1.98486328125;1.98974609375;1.98974609375;1.98486328125;1.981201171875;1.97998046875;1.9775390625;1.97998046875;1.98486328125;1.986083984375;1.98486328125;1.98974609375;1.990966796875;1.993408203125;1.99462890625;1.99462890625;1.995849609375;1.9970703125;1.99951171875;1.99951171875;1.99951171875;1.998291015625;1.9970703125;1.99462890625;1.993408203125;1.9921875;1.9970703125;1.993408203125;1.988525390625;1.990966796875;1.993408203125;1.990966796875;1.98974609375;1.9921875;1.988525390625;1.993408203125;1.99462890625;1.9970703125;1.99951171875;1.99462890625;1.998291015625
2024-08-29 15:29:06.648402;2.00439453125;2.001953125;2.000732421875;2.000732421875;2.003173828125;1.998291015625;1.9970703125;2.000732421875;2.001953125;2.005615234375;2.005615234375;2.00439453125;2.001953125;2.003173828125;1.9970703125;1.993408203125;1.990966796875;1.995849609375;2.001953125;2.001953125;2.00439453125;2.008056640625;2.015380859375;2.01416015625;2.012939453125;2.0068359375;2.000732421875;1.998291015625;1.998291015625;1.998291015625;1.99462890625;1.995849609375;1.9970703125;1.993408203125;1.98974609375;1.986083984375;1.9873046875;1.99462890625;1.9970703125;1.99951171875;1.998291015625;1.99951171875;1.998291015625;2.000732421875;2.001953125;1.99951171875;1.99951171875;1.99951171875;2.000732421875;1.995849609375;1.986083984375;1.97998046875;1.97509765625;1.97998046875;1.981201171875;1.98486328125;1.988525390625;1.9873046875;1.986083984375;1.986083984375;1.986083984375;1.983642578125;1.98974609375;1.9921875;1.99462890625;1.9921875;1.9921875;1.9921875;1.993408203125;1.998291015625;1.998291015625;1.99462890625;1.9970703125;1.993408203125;1.990966796875;1.993408203125;1.993408203125;1.988525390625;1.990966796875;1.9970703125;1.9970703125;1.998291015625;1.993408203125;1.998291015625;1.995849609375;1.998291015625;1.99951171875;1.99951171875;1.99462890625;1.99462890625;1.9970703125;1.99951171875;1.998291015625;2.001953125;2.003173828125;2.00439453125;2.003173828125;2.000732421875;1.99951171875;1.995849609375
2024-08-29 15:29:06.694075;1.993408203125;1.9970703125;1.99462890625;1.995849609375;1.99462890625;1.99951171875;1.998291015625;2.000732421875;2.005615234375;2.000732421875;1.99951171875;1.9970703125;1.993408203125;1.995849609375;2.001953125;1.99951171875;1.99951171875;2.003173828125;2.000732421875;1.99462890625;1.993408203125;1.993408203125;1.990966796875;1.98974609375;1.98974609375;1.9921875;1.995849609375;1.98974609375;1.990966796875;1.9921875;1.9873046875;1.98974609375;1.9873046875;1.98486328125;1.986083984375;1.990966796875;1.993408203125;1.993408203125;1.99462890625;1.993408203125;1.998291015625;2.001953125;2.00439453125;1.998291015625;1.99462890625;1.99462890625;1.9921875;1.990966796875;1.98974609375;1.990966796875;1.99462890625;1.998291015625;1.998291015625;1.9921875;1.98974609375;1.9873046875;1.98974609375;1.9873046875;1.98486328125;1.988525390625;1.9921875;1.98974609375;1.98974609375;1.99462890625;1.993408203125;1.990966796875;1.993408203125;1.99951171875;1.998291015625;1.990966796875;1.98974609375;1.9873046875;1.990966796875;1.993408203125;1.9970703125;1.998291015625;1.9970703125;1.993408203125;1.990966796875;1.993408203125;1.993408203125;1.990966796875;1.99462890625;1.993408203125;1.990966796875;1.9921875;1.9921875;1.98974609375;1.9970703125;1.99951171875;1.99951171875;1.99951171875;1.9921875;1.99462890625;1.995849609375;1.9921875;1.9921875;1.9873046875;1.9873046875;1.988525390625
2024-08-29 15:29:06.710153;1.988525390625;1.988525390625;1.990966796875;1.9921875;1.98974609375;1.988525390625;1.9921875;1.99462890625;1.998291015625;2.001953125;2.000732421875;1.995849609375;1.995849609375;1.995849609375;1.98974609375;1.98974609375;1.990966796875;1.99462890625;1.993408203125;1.99462890625;1.99951171875;2.005615234375;2.00927734375;2.008056640625;2.00439453125;2.003173828125;1.99951171875;1.995849609375;1.9921875;1.9873046875;1.986083984375;1.981201171875;1.97998046875;1.981201171875;1.983642578125;1.9873046875;1.98974609375;1.998291015625;2.000732421875;1.9970703125;1.9970703125;1.998291015625;2.003173828125;1.99951171875;1.99951171875;1.995849609375;1.993408203125;1.9921875;1.98974609375;1.98486328125;1.986083984375;1.986083984375;1.98974609375;1.9873046875;1.986083984375;1.990966796875;1.988525390625;1.98486328125;1.982421875;1.981201171875;1.98974609375;1.98974609375;1.99462890625;1.998291015625;1.9921875;1.9970703125;1.9970703125;1.99462890625;1.9970703125;1.99462890625;1.9970703125;1.995849609375;1.990966796875;1.990966796875;1.99462890625;1.9921875;1.993408203125;1.995849609375;1.9873046875;1.9873046875;1.990966796875;1.995849609375;1.998291015625;1.998291015625;1.995849609375;1.998291015625;1.99462890625;1.98974609375;1.9921875;1.990966796875;1.995849609375;2.000732421875;1.99951171875;1.99951171875;1.995849609375;1.995849609375;1.993408203125;1.9921875;1.995849609375;1.9921875
2024-08-29 15:29:06.819340;1.9921875;1.988525390625;1.990966796875;1.993408203125;1.990966796875;1.988525390625;1.990966796875;1.995849609375;1.9970703125;2.003173828125;1.995849609375;1.99462890625;1.9970703125;1.995849609375;1.9873046875;1.98974609375;1.990966796875;1.993408203125;1.990966796875;1.988525390625;1.9921875;1.995849609375;1.9970703125;1.993408203125;1.990966796875;1.990966796875;1.988525390625;1.990966796875;1.98486328125;1.98486328125;2.00439453125;1.998291015625;1.993408203125;1.9921875;1.988525390625;1.9873046875;1.9921875;1.993408203125;1.9970703125;1.9921875;1.9873046875;1.98974609375;1.986083984375;1.986083984375;1.988525390625;1.986083984375;1.990966796875;1.993408203125;1.98974609375;1.990966796875;1.995849609375;1.9970703125;1.990966796875;1.988525390625;1.9873046875;1.98486328125;1.97998046875;1.978759765625;1.986083984375;1.98974609375;1.9921875;1.9921875;1.9970703125;1.990966796875;1.9921875;1.995849609375;1.9921875;1.990966796875;1.98974609375;1.98974609375;1.993408203125;1.990966796875;1.9921875;1.993408203125;1.98974609375;1.98974609375;1.988525390625;1.98486328125;1.97998046875;1.98486328125;1.9921875;1.995849609375;1.99462890625;1.995849609375;1.993408203125;1.9921875;1.99462890625;1.98974609375;1.9921875;1.9921875;1.9921875;1.995849609375;1.998291015625;1.99462890625;1.993408203125;1.993408203125;2.000732421875;1.99951171875;1.998291015625;1.998291015625
2024-08-29 15:29:06.851245;1.99462890625;1.990966796875;1.986083984375;1.986083984375;1.9873046875;1.9873046875;1.986083984375;1.990966796875;1.9921875;1.995849609375;1.9970703125;1.99951171875;1.99951171875;1.995849609375;1.99462890625;1.993408203125;1.990966796875;1.990966796875;1.9970703125;1.99951171875;1.9921875;1.988525390625;1.990966796875;1.9873046875;1.9873046875;1.993408203125;1.990966796875;1.993408203125;1.995849609375;1.998291015625;2.00439453125;2.003173828125;1.998291015625;1.9970703125;1.995849609375;1.995849609375;1.995849609375;1.990966796875;1.98974609375;1.98974609375;1.99462890625;1.993408203125;1.995849609375;1.9970703125;1.99951171875;1.998291015625;2.003173828125;2.001953125;1.998291015625;1.99462890625;1.998291015625;2.003173828125;1.99951171875;1.9970703125;1.99951171875;1.998291015625;2.000732421875;2.001953125;1.99462890625;1.988525390625;1.981201171875;1.98486328125;1.988525390625;1.993408203125;1.98974609375;1.99462890625;1.995849609375;1.995849609375;1.99462890625;1.9921875;1.9970703125;1.9970703125;1.99462890625;1.98974609375;1.988525390625;1.9873046875;1.988525390625;1.9873046875;1.986083984375;1.986083984375;1.98486328125;1.97998046875;1.981201171875;1.98974609375;1.986083984375;1.98486328125;1.986083984375;1.9873046875;1.990966796875;1.988525390625;1.986083984375;1.988525390625;1.990966796875;1.9921875;1.99462890625;1.990966796875;1.995849609375;1.998291015625;1.9921875;1.995849609375
2024-08-29 15:29:06.882831;2.000732421875;1.99951171875;1.993408203125;1.9921875;1.988525390625;1.988525390625;1.98974609375;1.99462890625;1.995849609375;1.993408203125;1.990966796875;1.990966796875;1.99462890625;1.995849609375;1.995849609375;2.000732421875;1.99951171875;1.995849609375;1.99462890625;1.99462890625;1.995849609375;1.995849609375;1.9970703125;1.995849609375;1.9970703125;1.99462890625;1.99462890625;1.99462890625;1.9970703125;1.99462890625;1.988525390625;1.988525390625;1.983642578125;1.98486328125;1.98486328125;1.983642578125;1.98486328125;1.98486328125;1.98974609375;1.988525390625;1.988525390625;1.986083984375;1.986083984375;1.9873046875;1.9921875;1.9873046875;1.9873046875;1.9921875;1.998291015625;1.9921875;1.988525390625;1.988525390625;1.988525390625;1.98974609375;1.986083984375;1.988525390625;1.98974609375;1.98486328125;1.982421875;1.98486328125;1.983642578125;1.983642578125;1.98486328125;1.988525390625;1.98974609375;1.98974609375;1.990966796875;1.98486328125;1.982421875;1.986083984375;1.983642578125;1.981201171875;1.986083984375;1.988525390625;1.98974609375;1.9873046875;1.98486328125;1.98486328125;1.98486328125;1.982421875;1.9921875;1.9970703125;1.995849609375;1.99462890625;1.9970703125;1.99951171875;1.99951171875;2.000732421875;2.000732421875;1.99951171875;2.000732421875;1.9970703125;1.99462890625;1.99462890625;1.9970703125;1.993408203125;1.990966796875;1.9921875;1.9921875;1.990966796875
2024-08-29 15:29:06.928965;1.98974609375;1.98974609375;1.9873046875;1.988525390625;1.9921875;1.9921875;1.98974609375;1.9921875;1.98974609375;1.990966796875;1.9921875;1.990966796875;1.993408203125;1.99462890625;1.993408203125;1.9921875;1.988525390625;1.9921875;1.995849609375;1.993408203125;1.98974609375;1.988525390625;1.98486328125;1.986083984375;1.990966796875;1.99462890625;1.9970703125;1.995849609375;1.990966796875;1.98974609375;2.001953125;1.9921875;1.98974609375;1.993408203125;1.993408203125;1.990966796875;1.98974609375;1.988525390625;1.986083984375;1.983642578125;1.98486328125;1.98974609375;1.993408203125;1.99462890625;1.995849609375;1.995849609375;1.99951171875;2.003173828125;1.998291015625;1.988525390625;1.98974609375;1.993408203125;1.9921875;1.99462890625;1.9970703125;1.995849609375;1.995849609375;1.98974609375;1.988525390625;1.9970703125;1.995849609375;1.995849609375;1.988525390625;1.988525390625;1.986083984375;1.9873046875;1.98974609375;1.99462890625;1.9970703125;1.995849609375;1.99462890625;1.995849609375;1.9970703125;1.995849609375;1.995849609375;1.995849609375;1.993408203125;1.9921875;1.993408203125;1.9921875;1.99462890625;1.99462890625;1.990966796875;1.990966796875;1.9921875;1.988525390625;1.993408203125;1.993408203125;1.990966796875;1.99462890625;1.99462890625;1.9921875;1.98974609375;1.99462890625;2.003173828125;1.99951171875;1.993408203125;1.986083984375;1.97998046875;1.981201171875
2024-08-29 15:29:06.928965;1.983642578125;1.981201171875;1.97509765625;1.976318359375;1.982421875;1.988525390625;1.9921875;1.9873046875;1.983642578125;1.981201171875;1.97998046875;1.983642578125;1.98486328125;1.986083984375;1.988525390625;1.9921875;1.998291015625;1.998291015625;1.998291015625;1.995849609375;1.993408203125;1.995849609375;1.995849609375;1.99462890625;1.988525390625;1.98486328125;1.986083984375;1.988525390625;1.98974609375;1.993408203125;2.003173828125;2.005615234375;2.00439453125;1.998291015625;1.995849609375;1.995849609375;1.995849609375;1.99462890625;1.986083984375;1.98974609375;1.98974609375;1.990966796875;1.9921875;1.99462890625;1.993408203125;1.993408203125;1.990966796875;1.990966796875;1.98974609375;1.993408203125;1.9970703125;1.995849609375;1.993408203125;1.993408203125;1.990966796875;1.9921875;1.99462890625;1.993408203125;1.993408203125;1.98974609375;1.98974609375;1.986083984375;1.98486328125;1.988525390625;1.988525390625;1.993408203125;1.99462890625;1.993408203125;1.99462890625;1.993408203125;1.993408203125;1.99462890625;1.993408203125;1.993408203125;1.9970703125;1.993408203125;1.9921875;1.993408203125;1.998291015625;1.998291015625;1.9921875;1.9921875;2.000732421875;1.993408203125;1.9921875;1.9921875;1.98974609375;1.981201171875;1.981201171875;1.986083984375;1.983642578125;1.983642578125;1.9873046875;1.98974609375;1.9873046875;1.9921875;1.9921875;1.995849609375;1.99462890625;1.99462890625
2024-08-29 15:29:06.975001;1.99462890625;1.993408203125;1.988525390625;1.9873046875;1.988525390625;1.990966796875;1.990966796875;1.9921875;1.990966796875;1.98974609375;1.98974609375;1.99462890625;1.99951171875;2.003173828125;2.005615234375;2.0068359375;1.99951171875;2.001953125;2.001953125;1.9970703125;1.995849609375;1.9970703125;1.9970703125;2.000732421875;2.000732421875;1.99462890625;1.9921875;1.99462890625;1.9921875;1.988525390625;1.986083984375;1.98486328125;1.983642578125;1.988525390625;1.98486328125;1.986083984375;1.9921875;1.988525390625;1.98486328125;1.97998046875;1.981201171875;1.981201171875;1.981201171875;1.982421875;1.98486328125;1.986083984375;1.990966796875;1.995849609375;1.99951171875;2.003173828125;2.00439453125;1.9970703125;1.990966796875;1.986083984375;1.98486328125;1.986083984375;1.988525390625;1.988525390625;1.986083984375;1.9921875;1.993408203125;1.993408203125;1.98974609375;1.993408203125;1.9921875;1.98974609375;1.99462890625;1.998291015625;2.0068359375;2.0068359375;2.003173828125;2.003173828125;1.99951171875;1.99951171875;1.99951171875;1.998291015625;1.99462890625;1.993408203125;1.99462890625;1.9970703125;2.00439453125;2.008056640625;2.00927734375;2.0068359375;2.00439453125;2.005615234375;2.003173828125;2.003173828125;2.005615234375;2.01171875;2.01416015625;2.008056640625;2.005615234375;2.005615234375;2.001953125;2.001953125;1.98974609375;1.9873046875;1.9873046875;1.986083984375
2024-08-29 15:29:07.003750;1.98486328125;1.9775390625;1.9775390625;1.97998046875;1.981201171875;1.982421875;1.98486328125;1.990966796875;1.993408203125;1.990966796875;1.988525390625;1.990966796875;1.990966796875;1.9921875;1.9921875;1.990966796875;1.990966796875;1.988525390625;1.986083984375;1.98974609375;1.988525390625;1.98486328125;1.988525390625;1.988525390625;1.988525390625;1.98974609375;1.990966796875;1.98974609375;1.98974609375;1.993408203125;1.9970703125;1.99462890625;1.98974609375;1.990966796875;1.98974609375;1.988525390625;1.990966796875;1.990966796875;1.98974609375;1.98974609375;1.995849609375;1.99951171875;2.001953125;1.998291015625;1.99462890625;1.99951171875;1.998291015625;1.988525390625;1.983642578125;1.986083984375;1.983642578125;1.978759765625;1.97998046875;1.988525390625;1.99462890625;1.9921875;1.993408203125;1.98974609375;1.98974609375;1.99462890625;1.9921875;1.990966796875;1.9921875;1.98974609375;1.988525390625;1.98486328125;1.986083984375;1.986083984375;1.983642578125;1.986083984375;1.98974609375;1.990966796875;1.98974609375;1.986083984375;1.988525390625;1.988525390625;1.990966796875;1.9970703125;1.990966796875;1.990966796875;1.9873046875;1.986083984375;1.9873046875;1.986083984375;1.988525390625;1.99462890625;1.998291015625;2.003173828125;1.995849609375;1.98974609375;1.990966796875;1.9921875;1.995849609375;1.995849609375;1.995849609375;1.9970703125;2.001953125;2.000732421875;1.99951171875;1.99951171875
2024-08-29 15:29:07.099957;1.99462890625;1.995849609375;1.9921875;1.988525390625;1.9873046875;1.98974609375;1.990966796875;1.98974609375;1.993408203125;1.99462890625;1.993408203125;1.990966796875;1.988525390625;1.9873046875;1.98974609375;1.990966796875;1.98974609375;1.983642578125;1.982421875;1.988525390625;1.9921875;1.990966796875;1.988525390625;1.9873046875;1.988525390625;1.9873046875;1.988525390625;1.990966796875;1.990966796875;1.9921875;2.001953125;1.9970703125;1.995849609375;1.990966796875;1.995849609375;1.995849609375;1.988525390625;1.9921875;1.995849609375;1.993408203125;1.995849609375;1.995849609375;1.9921875;1.9921875;1.99462890625;1.998291015625;1.9970703125;2.001953125;1.99951171875;1.995849609375;1.995849609375;1.993408203125;1.993408203125;1.9921875;1.986083984375;1.9873046875;1.988525390625;1.993408203125;1.9873046875;1.9921875;1.99462890625;1.995849609375;1.998291015625;1.998291015625;1.99462890625;1.990966796875;1.993408203125;1.995849609375;1.9921875;1.9921875;1.990966796875;1.993408203125;1.99462890625;1.99462890625;1.99462890625;1.993408203125;1.993408203125;1.9921875;1.993408203125;1.990966796875;1.98974609375;1.98974609375;1.98974609375;1.98974609375;1.990966796875;1.99462890625;1.988525390625;1.9921875;1.995849609375;1.995849609375;1.99462890625;1.9921875;1.986083984375;1.9873046875;1.990966796875;1.988525390625;1.98974609375;1.990966796875;1.9921875;1.98974609375
2024-08-29 15:29:07.162747;1.9873046875;1.98974609375;1.9921875;1.988525390625;1.988525390625;1.9921875;1.99462890625;1.99951171875;1.995849609375;1.993408203125;1.9970703125;1.99462890625;1.99462890625;1.993408203125;1.9921875;1.98974609375;1.990966796875;1.990966796875;1.988525390625;1.9921875;1.9873046875;1.9921875;1.9921875;1.993408203125;1.9921875;1.99462890625;1.990966796875;1.9921875;1.99462890625;1.99462890625;1.98974609375;1.993408203125;1.9921875;1.9921875;1.998291015625;1.995849609375;1.9921875;1.99462890625;1.998291015625;1.99951171875;1.9970703125;1.9921875;1.988525390625;1.9873046875;1.988525390625;1.9873046875;1.98486328125;1.982421875;1.9873046875;1.9921875;1.99462890625;1.98974609375;1.990966796875;1.995849609375;1.99462890625;1.99951171875;2.003173828125;2.005615234375;2.003173828125;1.99951171875;1.995849609375;1.99462890625;1.998291015625;1.998291015625;1.990966796875;1.988525390625;1.98974609375;1.98974609375;1.98974609375;1.988525390625;1.986083984375;1.98974609375;1.99462890625;1.99462890625;1.9921875;1.990966796875;1.993408203125;1.995849609375;1.9970703125;2.000732421875;1.993408203125;1.988525390625;1.990966796875;1.990966796875;1.9921875;1.995849609375;1.9921875;1.986083984375;1.986083984375;1.98486328125;1.986083984375;1.986083984375;1.983642578125;1.988525390625;1.98974609375;1.988525390625;1.99951171875;1.99951171875;1.995849609375;1.995849609375
2024-08-29 15:29:07.162747;1.9873046875;1.986083984375;1.986083984375;1.98486328125;1.990966796875;1.98974609375;1.98974609375;1.988525390625;1.98974609375;1.988525390625;1.988525390625;1.988525390625;1.993408203125;1.995849609375;2.000732421875;1.995849609375;1.99462890625;1.993408203125;1.993408203125;1.990966796875;1.9921875;1.9970703125;1.995849609375;1.99462890625;1.993408203125;1.98974609375;1.9873046875;1.988525390625;1.990966796875;1.98974609375;1.99462890625;1.988525390625;1.98974609375;1.99462890625;1.98974609375;1.99462890625;1.99462890625;1.995849609375;1.995849609375;1.9970703125;1.99462890625;1.995849609375;2.000732421875;2.00439453125;2.00439453125;1.99951171875;1.998291015625;1.99462890625;1.993408203125;1.9921875;1.986083984375;1.983642578125;1.982421875;1.9873046875;1.9873046875;1.9873046875;1.983642578125;1.982421875;1.98486328125;1.9873046875;1.986083984375;1.986083984375;1.982421875;1.981201171875;1.981201171875;1.9775390625;1.976318359375;1.97509765625;1.97509765625;1.973876953125;1.97509765625;1.98486328125;1.9873046875;1.990966796875;1.990966796875;1.99462890625;1.9921875;1.9873046875;1.9873046875;1.983642578125;1.98486328125;1.988525390625;1.995849609375;1.99462890625;1.99462890625;1.995849609375;1.993408203125;1.9921875;1.9970703125;1.99462890625;1.995849609375;1.9970703125;1.9970703125;2.000732421875;2.003173828125;2.001953125;1.99951171875;1.995849609375;1.990966796875;1.9921875
2024-08-29 15:29:07.178693;1.9970703125;1.99462890625;1.993408203125;1.99462890625;1.9970703125;1.998291015625;1.99951171875;1.995849609375;1.99951171875;1.998291015625;1.9970703125;1.99462890625;1.998291015625;1.99462890625;1.9970703125;1.9921875;1.988525390625;1.988525390625;1.9921875;1.9970703125;1.998291015625;1.99462890625;1.995849609375;1.9970703125;1.9970703125;1.99462890625;1.99462890625;1.98974609375;1.988525390625;1.988525390625;1.993408203125;1.988525390625;1.986083984375;1.9873046875;1.98486328125;1.986083984375;1.986083984375;1.981201171875;1.9873046875;1.988525390625;1.9921875;1.9970703125;1.99951171875;1.99951171875;2.003173828125;2.001953125;2.001953125;1.995849609375;1.9970703125;1.99462890625;1.993408203125;1.998291015625;1.99951171875;1.998291015625;2.000732421875;1.9921875;1.98974609375;1.993408203125;1.99462890625;1.990966796875;1.995849609375;1.995849609375;1.995849609375;2.001953125;2.005615234375;2.001953125;1.99462890625;1.988525390625;1.993408203125;1.9970703125;1.995849609375;1.9970703125;1.995849609375;1.995849609375;1.990966796875;1.99462890625;1.99951171875;1.998291015625;1.995849609375;1.9921875;1.990966796875;1.98974609375;1.9921875;1.995849609375;1.995849609375;1.993408203125;1.990966796875;1.99462890625;1.993408203125;1.99462890625;1.9970703125;1.995849609375;1.993408203125;1.993408203125;1.99462890625;1.993408203125;1.990966796875;1.98974609375;1.9873046875;1.97998046875
2024-08-29 15:29:07.224788;1.978759765625;1.988525390625;1.99462890625;1.99462890625;1.99462890625;1.993408203125;1.993408203125;1.9921875;1.990966796875;1.990966796875;1.990966796875;1.990966796875;1.993408203125;1.99462890625;1.998291015625;1.998291015625;1.998291015625;1.9970703125;1.993408203125;1.99462890625;1.9921875;1.98974609375;1.9921875;1.99462890625;1.99951171875;1.9970703125;2.001953125;1.99951171875;1.993408203125;1.993408203125;1.983642578125;1.990966796875;1.993408203125;1.988525390625;1.988525390625;1.9921875;1.998291015625;1.990966796875;1.983642578125;1.9873046875;1.99462890625;1.998291015625;1.9921875;1.9873046875;1.98974609375;1.98974609375;1.990966796875;1.990966796875;1.993408203125;1.9921875;1.993408203125;1.995849609375;1.99951171875;2.003173828125;1.99951171875;1.995849609375;1.998291015625;1.99951171875;1.995849609375;1.993408203125;1.990966796875;1.995849609375;1.9970703125;1.9970703125;1.9970703125;1.993408203125;1.993408203125;1.99462890625;1.99462890625;1.99462890625;1.993408203125;1.993408203125;1.993408203125;1.993408203125;1.98974609375;1.99462890625;1.9970703125;1.998291015625;1.998291015625;1.9921875;1.988525390625;1.9921875;1.99462890625;1.9921875;1.995849609375;1.9970703125;1.990966796875;1.990966796875;1.99462890625;1.993408203125;1.993408203125;1.990966796875;1.98974609375;1.986083984375;1.9921875;1.9921875;1.993408203125;1.9921875;1.988525390625;1.988525390625
2024-08-29 15:29:07.241015;1.9921875;1.990966796875;1.995849609375;1.993408203125;1.995849609375;1.99951171875;1.99462890625;1.995849609375;1.990966796875;1.990966796875;1.993408203125;1.9970703125;1.998291015625;1.990966796875;1.9873046875;1.988525390625;1.9873046875;1.9873046875;1.990966796875;1.990966796875;1.98974609375;1.9873046875;1.986083984375;1.990966796875;1.9921875;1.98974609375;1.988525390625;1.990966796875;1.988525390625;1.990966796875;1.995849609375;1.995849609375;1.99951171875;2.000732421875;1.99951171875;1.998291015625;1.99462890625;1.990966796875;1.98974609375;1.9921875;1.98974609375;1.993408203125;1.9970703125;1.995849609375;1.993408203125;1.9921875;1.9921875;1.9921875;1.988525390625;1.9873046875;1.990966796875;1.990966796875;1.990966796875;1.993408203125;1.9970703125;1.9970703125;1.9970703125;1.9970703125;1.99462890625;1.98974609375;1.990966796875;1.990966796875;1.990966796875;1.993408203125;1.9970703125;1.998291015625;2.000732421875;1.99951171875;1.995849609375;1.998291015625;2.000732421875;1.99951171875;1.99951171875;2.000732421875;1.99951171875;2.000732421875;2.003173828125;2.000732421875;1.993408203125;1.990966796875;1.9921875;1.990966796875;1.993408203125;1.9921875;1.993408203125;1.9921875;1.9873046875;1.983642578125;1.98486328125;1.988525390625;1.98974609375;1.9873046875;1.9873046875;1.986083984375;1.9873046875;1.988525390625;1.986083984375;1.9873046875;1.990966796875;1.995849609375
2024-08-29 15:29:07.271913;1.993408203125;1.99462890625;1.9970703125;1.998291015625;2.001953125;2.003173828125;1.99951171875;1.995849609375;1.995849609375;1.99462890625;1.98974609375;1.98974609375;1.98974609375;1.98974609375;1.993408203125;1.993408203125;1.990966796875;1.98486328125;1.9873046875;1.98974609375;1.993408203125;1.9921875;1.988525390625;1.990966796875;1.98974609375;1.983642578125;1.982421875;1.982421875;1.982421875;1.986083984375;1.998291015625;1.995849609375;1.993408203125;1.982421875;1.97998046875;1.98974609375;1.98974609375;1.9921875;1.9921875;1.99462890625;1.998291015625;1.9970703125;1.998291015625;1.99462890625;1.995849609375;1.9970703125;1.995849609375;1.995849609375;1.99462890625;1.990966796875;1.990966796875;1.993408203125;1.9970703125;1.98974609375;1.990966796875;1.98974609375;1.986083984375;1.986083984375;1.98486328125;1.98486328125;1.98486328125;1.988525390625;1.9873046875;1.986083984375;1.990966796875;1.995849609375;1.990966796875;1.988525390625;1.988525390625;1.9921875;1.9921875;1.993408203125;1.993408203125;1.993408203125;1.990966796875;1.988525390625;1.9873046875;1.98486328125;1.98486328125;1.98486328125;1.986083984375;1.993408203125;1.9970703125;2.000732421875;2.003173828125;2.001953125;1.99462890625;1.9921875;1.988525390625;1.983642578125;1.990966796875;1.993408203125;1.993408203125;1.99951171875;1.99951171875;1.99951171875;1.995849609375;1.995849609375;1.995849609375;1.9921875
2024-08-29 15:29:07.303314;1.995849609375;1.993408203125;1.993408203125;1.99462890625;1.993408203125;1.9921875;1.9921875;1.988525390625;1.98974609375;1.990966796875;1.993408203125;1.993408203125;1.99462890625;1.995849609375;1.993408203125;1.99462890625;1.990966796875;1.98486328125;1.98486328125;1.983642578125;1.983642578125;1.983642578125;1.9873046875;1.98974609375;1.990966796875;1.98974609375;1.9921875;1.98974609375;1.990966796875;1.98974609375;1.98974609375;1.988525390625;1.9873046875;1.983642578125;1.983642578125;1.9921875;1.98974609375;1.98974609375;1.9921875;1.9921875;1.990966796875;1.99462890625;1.9970703125;2.000732421875;1.99951171875;1.9970703125;1.9921875;1.990966796875;1.990966796875;1.993408203125;1.99462890625;1.990966796875;1.98974609375;1.9921875;1.993408203125;1.99462890625;1.988525390625;1.995849609375;1.998291015625;1.998291015625;2.001953125;1.998291015625;2.000732421875;1.99462890625;1.98974609375;1.98974609375;1.990966796875;1.988525390625;1.986083984375;1.988525390625;1.98974609375;1.98974609375;1.988525390625;1.98486328125;1.9873046875;1.9921875;1.99462890625;1.995849609375;1.995849609375;1.993408203125;1.9970703125;1.995849609375;1.98974609375;1.9873046875;1.9873046875;1.983642578125;1.983642578125;1.9873046875;1.9921875;1.98974609375;1.988525390625;1.98974609375;1.988525390625;1.993408203125;1.995849609375;1.99462890625;1.990966796875;1.990966796875;1.988525390625;1.98974609375
2024-08-29 15:29:07.319270;1.9921875;1.9921875;1.9921875;1.9921875;1.993408203125;1.99462890625;1.9921875;1.988525390625;1.990966796875;1.988525390625;1.988525390625;1.990966796875;1.993408203125;1.998291015625;1.99462890625;1.99462890625;1.995849609375;1.995849609375;1.993408203125;1.9970703125;1.995849609375;1.995849609375;1.995849609375;1.998291015625;1.995849609375;1.99462890625;1.99462890625;1.995849609375;1.995849609375;1.993408203125;1.993408203125;1.990966796875;1.98974609375;1.98974609375;1.9873046875;1.988525390625;1.9921875;1.99462890625;1.9970703125;1.998291015625;1.9970703125;1.9921875;1.9921875;1.98974609375;1.990966796875;1.9921875;1.988525390625;1.9873046875;1.988525390625;1.9921875;1.990966796875;1.990966796875;1.99462890625;1.99951171875;1.995849609375;1.9921875;1.98974609375;1.993408203125;1.993408203125;1.993408203125;1.998291015625;1.99462890625;1.9921875;1.993408203125;1.98974609375;1.98974609375;1.990966796875;1.99462890625;1.99462890625;1.99462890625;1.9970703125;1.9970703125;1.99462890625;1.995849609375;1.9970703125;1.99462890625;1.99462890625;1.995849609375;1.9921875;1.9921875;1.9873046875;1.990966796875;1.993408203125;1.9970703125;2.001953125;2.001953125;1.998291015625;1.998291015625;1.998291015625;1.9921875;1.98974609375;1.98974609375;1.990966796875;1.993408203125;1.98974609375;1.9873046875;1.981201171875;1.983642578125;1.986083984375;1.98974609375
2024-08-29 15:29:07.350158;1.990966796875;1.993408203125;1.99462890625;1.998291015625;1.998291015625;1.99951171875;2.003173828125;2.00439453125;2.000732421875;1.99462890625;1.990966796875;1.98486328125;1.98486328125;1.986083984375;1.98974609375;1.990966796875;1.988525390625;1.9873046875;1.986083984375;1.983642578125;1.986083984375;1.9873046875;1.988525390625;1.99462890625;1.998291015625;1.99951171875;2.000732421875;1.995849609375;1.9921875;1.9921875;1.98974609375;1.98974609375;1.993408203125;1.98974609375;2.000732421875;1.998291015625;1.99462890625;1.995849609375;1.9970703125;1.99462890625;1.990966796875;1.988525390625;1.986083984375;1.98486328125;1.9921875;1.993408203125;1.99462890625;1.99462890625;1.993408203125;1.98974609375;1.993408203125;1.9921875;1.993408203125;1.9970703125;1.99462890625;1.99462890625;1.993408203125;1.99462890625;1.98974609375;1.98974609375;1.98974609375;1.993408203125;1.9921875;1.9921875;1.99462890625;1.98974609375;1.9873046875;1.986083984375;1.9873046875;1.990966796875;1.9873046875;1.986083984375;1.9873046875;1.986083984375;1.990966796875;1.993408203125;1.995849609375;1.995849609375;1.995849609375;1.993408203125;1.993408203125;1.993408203125;1.995849609375;1.99462890625;1.99462890625;1.9921875;1.988525390625;1.986083984375;1.988525390625;1.990966796875;1.993408203125;1.995849609375;2.001953125;2.000732421875;1.995849609375;1.9921875;1.98974609375;1.990966796875;1.98974609375;1.988525390625
2024-08-29 15:29:07.382067;1.990966796875;1.9873046875;1.983642578125;1.9873046875;1.9873046875;1.986083984375;1.98974609375;1.993408203125;1.9921875;1.990966796875;1.988525390625;1.986083984375;1.990966796875;1.99462890625;1.9921875;1.998291015625;1.995849609375;1.990966796875;1.98974609375;1.990966796875;1.98486328125;1.98486328125;1.982421875;1.982421875;1.98486328125;1.981201171875;1.978759765625;1.986083984375;1.990966796875;1.990966796875;1.990966796875;1.988525390625;1.993408203125;2.003173828125;2.005615234375;1.99951171875;1.9970703125;1.9921875;1.995849609375;2.000732421875;2.00439453125;2.008056640625;2.0068359375;2.003173828125;1.998291015625;1.9921875;1.99462890625;1.998291015625;1.995849609375;1.995849609375;1.9970703125;1.995849609375;1.99462890625;1.9921875;1.986083984375;1.98486328125;1.990966796875;1.993408203125;1.995849609375;1.993408203125;1.993408203125;2.000732421875;2.000732421875;1.998291015625;1.998291015625;1.99951171875;1.990966796875;1.9921875;1.9921875;1.98974609375;1.990966796875;1.993408203125;1.98974609375;1.993408203125;1.9921875;1.9921875;1.99462890625;1.998291015625;1.9970703125;1.98974609375;1.98974609375;1.990966796875;1.9921875;1.9873046875;1.990966796875;1.9921875;1.990966796875;1.995849609375;1.993408203125;1.993408203125;1.99951171875;2.000732421875;1.99462890625;1.9921875;1.993408203125;1.99462890625;1.993408203125;1.995849609375;1.99462890625;1.9921875
2024-08-29 15:29:07.413759;1.9921875;1.9970703125;1.99951171875;1.998291015625;1.995849609375;1.998291015625;1.99462890625;1.9970703125;1.993408203125;1.99462890625;1.998291015625;1.995849609375;1.9921875;1.990966796875;1.993408203125;1.9921875;1.99462890625;1.9921875;1.9873046875;1.9873046875;1.990966796875;1.9873046875;1.98486328125;1.98974609375;1.9921875;1.988525390625;1.98486328125;1.983642578125;1.986083984375;1.98486328125;1.9921875;1.993408203125;1.99462890625;1.995849609375;1.993408203125;1.99462890625;1.990966796875;1.988525390625;1.988525390625;1.986083984375;1.988525390625;1.98974609375;1.99462890625;1.993408203125;1.98974609375;1.9873046875;1.988525390625;1.990966796875;1.988525390625;1.9873046875;1.9921875;1.995849609375;1.995849609375;1.99951171875;1.995849609375;1.9921875;1.988525390625;1.986083984375;1.9873046875;1.9873046875;1.993408203125;1.9970703125;1.9970703125;2.000732421875;2.001953125;1.99951171875;1.993408203125;1.9921875;1.98974609375;1.98974609375;1.9873046875;1.9921875;1.993408203125;1.98974609375;1.9873046875;1.986083984375;1.988525390625;1.988525390625;1.986083984375;1.98486328125;1.986083984375;1.982421875;1.981201171875;1.978759765625;1.976318359375;1.9775390625;1.976318359375;1.978759765625;1.97998046875;1.98486328125;1.981201171875;1.983642578125;1.98486328125;1.98974609375;1.98974609375;1.9921875;1.993408203125;1.9970703125;1.99951171875;1.998291015625
2024-08-29 15:29:07.445653;1.99462890625;1.99462890625;1.9921875;1.990966796875;1.988525390625;1.98974609375;1.993408203125;1.993408203125;1.993408203125;1.995849609375;1.993408203125;1.98974609375;1.988525390625;1.990966796875;1.988525390625;1.98974609375;1.988525390625;1.9921875;1.993408203125;1.993408203125;1.99462890625;1.9970703125;1.99462890625;1.98974609375;1.988525390625;1.988525390625;1.98486328125;1.988525390625;1.9921875;1.9873046875;2.001953125;2.0068359375;2.00927734375;2.0068359375;2.001953125;1.995849609375;1.9970703125;1.993408203125;1.99462890625;1.98974609375;1.993408203125;1.9921875;1.990966796875;1.9873046875;1.988525390625;1.988525390625;1.988525390625;1.990966796875;1.99462890625;1.99462890625;1.993408203125;1.993408203125;1.99462890625;1.9970703125;1.995849609375;1.995849609375;1.99462890625;1.988525390625;1.983642578125;1.983642578125;1.9775390625;1.97998046875;1.98486328125;1.986083984375;1.982421875;1.9873046875;1.995849609375;2.000732421875;1.99951171875;1.995849609375;1.995849609375;1.99951171875;1.998291015625;2.000732421875;2.000732421875;2.003173828125;2.001953125;1.99462890625;1.993408203125;1.993408203125;1.993408203125;1.990966796875;1.990966796875;1.9921875;1.9921875;1.986083984375;1.9873046875;1.98974609375;1.98974609375;1.983642578125;1.982421875;1.98486328125;1.986083984375;1.986083984375;1.982421875;1.97998046875;1.9775390625;1.981201171875;1.98486328125;1.986083984375
2024-08-29 15:29:07.491004;1.9873046875;1.982421875;1.986083984375;1.983642578125;1.981201171875;1.981201171875;1.981201171875;1.97998046875;1.97998046875;1.981201171875;1.981201171875;1.9873046875;1.988525390625;1.98974609375;1.990966796875;1.993408203125;1.9970703125;1.998291015625;1.998291015625;1.995849609375;1.98974609375;1.9873046875;1.98974609375;1.993408203125;1.995849609375;1.99462890625;1.990966796875;1.993408203125;1.993408203125;1.9921875;1.98974609375;1.988525390625;1.988525390625;1.990966796875;1.99462890625;1.9921875;1.988525390625;1.983642578125;1.983642578125;1.983642578125;1.97998046875;1.986083984375;1.990966796875;1.995849609375;2.000732421875;2.000732421875;1.998291015625;1.9970703125;1.995849609375;1.990966796875;1.9970703125;1.99462890625;1.993408203125;1.990966796875;1.98974609375;1.990966796875;1.990966796875;1.988525390625;1.988525390625;1.98974609375;1.9921875;1.99462890625;1.9921875;1.995849609375;1.99951171875;1.998291015625;1.9970703125;1.998291015625;1.998291015625;1.99462890625;1.990966796875;1.9873046875;1.986083984375;1.986083984375;1.9873046875;1.990966796875;1.993408203125;1.9921875;1.993408203125;1.98974609375;1.995849609375;1.993408203125;1.99462890625;1.990966796875;1.990966796875;1.988525390625;1.988525390625;1.988525390625;1.988525390625;1.990966796875;1.990966796875;1.9921875;1.98486328125;1.98486328125;1.988525390625;1.993408203125;1.99462890625;1.990966796875;1.98486328125;1.981201171875
2024-08-29 15:29:07.521901;1.98486328125;1.9921875;1.988525390625;1.983642578125;1.9873046875;1.988525390625;1.9921875;1.995849609375;1.998291015625;1.993408203125;1.995849609375;1.990966796875;1.995849609375;1.998291015625;1.993408203125;1.993408203125;1.9921875;1.995849609375;1.995849609375;1.99462890625;1.995849609375;1.995849609375;1.998291015625;1.995849609375;1.9921875;1.995849609375;1.995849609375;1.99951171875;1.99951171875;2.003173828125;1.988525390625;1.986083984375;1.990966796875;1.986083984375;1.986083984375;1.98486328125;1.98486328125;1.983642578125;1.9873046875;1.993408203125;1.99462890625;1.9970703125;1.998291015625;1.995849609375;1.9970703125;2.001953125;2.0068359375;2.001953125;2.001953125;2.008056640625;2.00927734375;2.003173828125;2.003173828125;2.003173828125;2.003173828125;2.001953125;2.003173828125;2.003173828125;2.001953125;2.0068359375;2.005615234375;2.003173828125;2.003173828125;1.99951171875;1.993408203125;1.99951171875;2.00439453125;2.003173828125;1.99951171875;1.9970703125;1.998291015625;1.99951171875;1.99462890625;1.98974609375;1.993408203125;1.9921875;1.990966796875;1.990966796875;1.99462890625;1.990966796875;1.99462890625;1.9921875;1.990966796875;1.990966796875;1.993408203125;1.995849609375;1.995849609375;1.9970703125;2.005615234375;2.01171875;2.0166015625;2.012939453125;2.01171875;2.010498046875;2.012939453125;2.01171875;2.005615234375;1.9970703125;1.995849609375;1.9921875
2024-08-29 15:29:07.552860;1.9873046875;1.990966796875;1.993408203125;1.9921875;1.988525390625;1.9873046875;1.9921875;1.993408203125;1.995849609375;1.995849609375;1.9970703125;1.995849609375;1.995849609375;1.98974609375;1.988525390625;1.988525390625;1.9873046875;1.986083984375;1.98486328125;1.97998046875;1.978759765625;1.978759765625;1.978759765625;1.97265625;1.973876953125;1.98974609375;1.9921875;1.99462890625;1.9970703125;2.001953125;1.9970703125;1.990966796875;1.99462890625;1.9921875;1.995849609375;1.99951171875;1.99462890625;1.990966796875;1.990966796875;1.99462890625;1.9970703125;1.995849609375;1.995849609375;1.990966796875;1.9921875;1.995849609375;1.9970703125;1.9921875;1.986083984375;1.986083984375;1.986083984375;1.9873046875;1.986083984375;1.982421875;1.9873046875;1.98486328125;1.97998046875;1.98486328125;1.99462890625;1.993408203125;1.990966796875;1.990966796875;1.9921875;1.982421875;1.9873046875;1.9921875;1.98974609375;1.9873046875;1.988525390625;1.988525390625;1.988525390625;1.9921875;1.9921875;1.988525390625;1.9873046875;1.986083984375;1.9873046875;1.9873046875;1.9873046875;1.988525390625;1.993408203125;1.99462890625;1.99462890625;1.99462890625;1.993408203125;1.9921875;1.990966796875;1.9921875;1.993408203125;1.993408203125;1.990966796875;1.9873046875;1.988525390625;1.9873046875;1.98974609375;1.9921875;1.9921875;1.995849609375;2.003173828125;2.003173828125
2024-08-29 15:29:07.568322;1.99951171875;2.000732421875;1.9970703125;1.995849609375;1.998291015625;1.993408203125;1.988525390625;1.988525390625;1.983642578125;1.986083984375;1.9921875;1.993408203125;1.990966796875;1.990966796875;1.995849609375;1.99951171875;2.001953125;1.99951171875;1.9970703125;1.995849609375;1.993408203125;1.9970703125;1.9970703125;1.993408203125;1.988525390625;1.9873046875;1.986083984375;1.988525390625;1.993408203125;1.993408203125;1.993408203125;1.993408203125;1.995849609375;1.99462890625;1.99462890625;1.995849609375;1.993408203125;1.993408203125;1.9921875;1.9970703125;1.995849609375;2.000732421875;2.000732421875;1.998291015625;1.9970703125;1.995849609375;1.99951171875;1.995849609375;1.9921875;1.9921875;1.98974609375;1.98974609375;1.990966796875;1.993408203125;1.98974609375;1.993408203125;1.99951171875;1.998291015625;1.993408203125;1.9921875;1.9921875;1.993408203125;1.9970703125;1.9921875;1.9921875;1.993408203125;1.9921875;1.998291015625;1.9970703125;1.998291015625;1.993408203125;1.98974609375;1.988525390625;1.988525390625;1.986083984375;1.988525390625;1.995849609375;1.995849609375;1.993408203125;1.990966796875;1.990966796875;1.9873046875;1.982421875;1.983642578125;1.9873046875;1.9921875;1.993408203125;1.9921875;1.990966796875;1.9873046875;1.9873046875;1.981201171875;1.97998046875;1.98486328125;1.983642578125;1.986083984375;1.990966796875;1.9921875;1.98974609375;1.990966796875
2024-08-29 15:29:07.600317;1.98974609375;1.982421875;1.98486328125;1.9873046875;1.98486328125;1.98486328125;1.9873046875;1.9873046875;1.986083984375;1.98974609375;1.990966796875;1.986083984375;1.97998046875;1.98486328125;1.9873046875;1.9873046875;1.9921875;1.995849609375;1.995849609375;1.998291015625;1.998291015625;1.995849609375;1.995849609375;1.995849609375;1.99951171875;1.9970703125;1.99462890625;1.998291015625;1.995849609375;1.998291015625;2.005615234375;2.00439453125;1.99951171875;2.003173828125;1.998291015625;1.990966796875;1.99462890625;1.995849609375;1.993408203125;1.9873046875;1.986083984375;1.98486328125;1.98486328125;1.990966796875;1.99951171875;1.9970703125;1.99462890625;1.995849609375;1.998291015625;1.9970703125;1.998291015625;1.993408203125;1.9921875;1.990966796875;1.988525390625;1.9873046875;1.98974609375;1.99462890625;1.995849609375;1.99462890625;1.98974609375;1.98974609375;1.998291015625;1.99951171875;1.995849609375;1.990966796875;1.990966796875;1.988525390625;1.990966796875;1.990966796875;1.993408203125;1.993408203125;1.98974609375;1.9873046875;1.988525390625;1.990966796875;1.990966796875;1.9921875;1.99462890625;1.98974609375;1.98974609375;1.993408203125;1.993408203125;1.993408203125;1.9921875;1.9873046875;1.988525390625;1.988525390625;1.9873046875;1.990966796875;1.993408203125;1.98974609375;1.988525390625;1.986083984375;1.98974609375;1.9921875;1.98974609375;1.988525390625;1.990966796875;1.9873046875
2024-08-29 15:29:07.615748;1.98974609375;1.993408203125;1.9921875;1.988525390625;1.9873046875;1.98974609375;1.9921875;1.9970703125;1.99462890625;1.99462890625;1.993408203125;1.9921875;1.9921875;1.990966796875;1.98974609375;1.9873046875;1.986083984375;1.9921875;1.993408203125;1.99462890625;1.995849609375;1.99462890625;1.995849609375;1.99462890625;1.99462890625;1.9970703125;2.000732421875;1.998291015625;1.99462890625;1.9970703125;1.995849609375;1.993408203125;1.995849609375;1.990966796875;1.9921875;1.988525390625;1.98974609375;1.986083984375;1.98974609375;1.988525390625;1.98974609375;1.98974609375;1.99462890625;1.99462890625;1.993408203125;1.990966796875;1.990966796875;1.98974609375;1.98974609375;1.98486328125;1.982421875;1.982421875;1.983642578125;1.993408203125;1.9970703125;1.988525390625;1.98974609375;1.9921875;1.9873046875;1.986083984375;1.98974609375;1.9921875;1.995849609375;1.995849609375;1.995849609375;1.98974609375;1.9921875;1.99462890625;1.99462890625;1.9921875;1.993408203125;1.9921875;1.993408203125;1.990966796875;1.990966796875;1.988525390625;1.993408203125;1.993408203125;1.990966796875;1.9921875;1.988525390625;1.990966796875;1.9921875;1.99462890625;1.99951171875;1.995849609375;1.99462890625;1.995849609375;1.9970703125;2.000732421875;2.001953125;2.001953125;1.995849609375;1.988525390625;1.9873046875;1.986083984375;1.988525390625;1.9921875;1.995849609375;1.9970703125
2024-08-29 15:29:07.678347;1.99462890625;1.990966796875;1.988525390625;1.988525390625;1.990966796875;1.986083984375;1.98486328125;1.986083984375;1.98974609375;1.98974609375;1.9921875;1.995849609375;1.9921875;1.990966796875;1.9873046875;1.990966796875;1.99462890625;1.998291015625;1.9970703125;1.9873046875;1.98486328125;1.986083984375;1.988525390625;1.98974609375;1.98974609375;1.99462890625;1.9921875;1.98974609375;1.988525390625;1.986083984375;1.9921875;1.993408203125;1.99462890625;1.990966796875;1.9873046875;1.98974609375;1.99462890625;1.99462890625;1.998291015625;1.99951171875;1.99462890625;1.9970703125;1.995849609375;1.9970703125;1.9970703125;1.995849609375;1.99462890625;1.9970703125;1.990966796875;1.99462890625;1.99462890625;1.99462890625;1.993408203125;1.9970703125;1.995849609375;1.9921875;1.988525390625;1.988525390625;1.9873046875;1.983642578125;1.983642578125;1.983642578125;1.988525390625;1.990966796875;1.9921875;1.993408203125;1.9921875;1.9921875;1.99462890625;1.998291015625;1.99951171875;1.9970703125;1.990966796875;1.988525390625;1.98974609375;1.9921875;1.990966796875;1.993408203125;1.995849609375;1.9873046875;1.9873046875;1.98974609375;1.98974609375;1.99462890625;1.990966796875;1.990966796875;1.993408203125;1.993408203125;1.99462890625;1.993408203125;1.9921875;1.993408203125;1.9970703125;1.995849609375;1.99462890625;1.9921875;1.9921875;1.99462890625;1.99951171875;1.993408203125
2024-08-29 15:29:07.773031;1.98486328125;1.986083984375;1.982421875;1.986083984375;1.98974609375;1.988525390625;1.988525390625;1.988525390625;1.990966796875;1.988525390625;1.990966796875;1.990966796875;1.990966796875;1.990966796875;1.98974609375;1.98974609375;1.990966796875;1.990966796875;1.990966796875;1.9921875;1.98974609375;1.988525390625;1.986083984375;1.990966796875;1.99462890625;1.9921875;1.990966796875;1.995849609375;1.99462890625;1.9921875;1.9873046875;1.988525390625;1.993408203125;1.99462890625;1.9970703125;1.995849609375;1.993408203125;1.9921875;1.9921875;1.993408203125;1.995849609375;1.995849609375;1.995849609375;1.993408203125;1.98974609375;1.990966796875;1.993408203125;1.995849609375;1.9970703125;1.995849609375;1.995849609375;1.995849609375;1.9970703125;1.990966796875;1.988525390625;1.983642578125;1.98486328125;1.9873046875;1.98974609375;1.990966796875;1.9921875;1.98974609375;1.986083984375;1.988525390625;1.990966796875;1.9921875;1.988525390625;1.98974609375;1.990966796875;1.9873046875;1.98974609375;1.9873046875;1.983642578125;1.98486328125;1.983642578125;1.9873046875;1.990966796875;1.995849609375;1.9970703125;1.990966796875;1.9921875;1.995849609375;1.99951171875;2.000732421875;1.99951171875;1.99462890625;1.998291015625;1.998291015625;1.998291015625;1.995849609375;1.998291015625;1.99951171875;1.993408203125;1.993408203125;1.99462890625;1.9921875;1.986083984375;1.990966796875;1.98974609375;1.9921875
2024-08-29 15:29:07.788874;1.9921875;1.986083984375;1.986083984375;1.98486328125;1.98486328125;1.983642578125;1.986083984375;1.988525390625;1.988525390625;1.9873046875;1.9873046875;1.9921875;1.993408203125;1.9921875;1.9873046875;1.990966796875;1.990966796875;1.98974609375;1.988525390625;1.98974609375;1.990966796875;1.98974609375;1.9921875;1.990966796875;1.99462890625;1.99462890625;1.995849609375;1.9970703125;2.001953125;1.99951171875;1.99462890625;1.986083984375;1.973876953125;1.966552734375;1.97509765625;1.988525390625;1.982421875;1.97998046875;1.98974609375;2.001953125;2.008056640625;1.99951171875;2.001953125;1.99462890625;1.99462890625;1.988525390625;1.986083984375;2.017822265625;2.01171875;2.000732421875;1.981201171875;1.98486328125;2.003173828125;2.010498046875;2.020263671875;1.98974609375;1.964111328125;1.995849609375;2.01904296875;2.00439453125;2.003173828125;2.00439453125;1.982421875;1.953125;1.988525390625;2.00927734375;2.008056640625;2.015380859375;2.015380859375;2.01416015625;2.000732421875;1.98974609375;1.97509765625;1.983642578125;2.005615234375;1.99951171875;1.981201171875;1.98486328125;1.98974609375;1.998291015625;2.01416015625;2.021484375;2.010498046875;1.973876953125;1.944580078125;1.94580078125;1.961669921875;1.982421875;2.021484375;2.05078125;2.0556640625;2.03125;1.961669921875;1.92626953125;1.939697265625;1.961669921875;1.988525390625;2.01416015625;2.027587890625;2.0263671875
2024-08-29 15:29:07.788874;1.998291015625;1.97265625;1.966552734375;1.97265625;1.986083984375;1.99951171875;2.001953125;2.003173828125;2.00439453125;2.00927734375;2.01416015625;2.008056640625;2.005615234375;1.99951171875;1.993408203125;1.98974609375;1.981201171875;1.97265625;1.973876953125;1.986083984375;2.0068359375;2.021484375;2.00927734375;1.9873046875;1.982421875;1.982421875;1.9921875;2.003173828125;2.005615234375;2.00439453125;1.96044921875;1.91650390625;1.932373046875;1.986083984375;2.005615234375;2.027587890625;2.0654296875;2.020263671875;1.9775390625;1.964111328125;1.976318359375;2.00439453125;1.9970703125;1.9921875;2.000732421875;2.017822265625;1.9921875;1.98974609375;2.021484375;2.021484375;1.9873046875;1.990966796875;1.976318359375;1.9873046875;1.995849609375;1.981201171875;1.978759765625;2.015380859375;2.003173828125;2.0068359375;2.01904296875;1.995849609375;1.97998046875;1.986083984375;2.01416015625;2.015380859375;1.98974609375;1.990966796875;1.98974609375;1.993408203125;1.988525390625;1.97998046875;1.98486328125;1.9970703125;2.00927734375;2.000732421875;1.97265625;1.954345703125;1.956787109375;1.966552734375;1.96533203125;1.9677734375;2.01171875;2.041015625;1.99951171875;2.017822265625;2.0166015625;1.9970703125;1.98486328125;1.982421875;1.990966796875;1.9970703125;1.9921875;1.982421875;1.983642578125;2.000732421875;2.00927734375;1.9970703125;1.9873046875;1.97998046875
2024-08-29 15:29:07.820803;1.97265625;1.9775390625;1.998291015625;2.01904296875;2.025146484375;2.0263671875;2.015380859375;1.988525390625;1.96533203125;1.95068359375;1.954345703125;1.959228515625;1.973876953125;2.0068359375;2.01904296875;1.998291015625;1.9921875;1.978759765625;1.99462890625;1.993408203125;1.988525390625;2.021484375;2.012939453125;1.9970703125;1.98486328125;1.976318359375;1.98974609375;1.9580078125;1.959228515625;1.966552734375;1.978759765625;1.976318359375;1.978759765625;1.99462890625;1.982421875;1.98486328125;1.993408203125;1.99951171875;1.982421875;1.981201171875;2.01416015625;1.995849609375;1.9921875;1.986083984375;1.99951171875;1.964111328125;2.00439453125;2.008056640625;1.995849609375;2.0263671875;2.020263671875;1.97998046875;1.98974609375;1.988525390625;1.98974609375;1.96533203125;1.949462890625;1.99462890625;1.98486328125;1.998291015625;2.01171875;2.00927734375;1.982421875;1.96533203125;1.943359375;1.96533203125;1.9775390625;1.983642578125;1.98974609375;1.973876953125;1.9775390625;1.966552734375;1.973876953125;1.9677734375;1.966552734375;1.9677734375;1.9775390625;1.97021484375;1.988525390625;2.02880859375;2.034912109375;2.025146484375;2.021484375;2.02392578125;1.9970703125;1.986083984375;1.97509765625;1.998291015625;2.015380859375;2.0458984375;2.0458984375;2.03369140625;1.99462890625;1.947021484375;1.959228515625;1.9775390625;1.99462890625;1.9970703125;2.0263671875;2.0263671875
2024-08-29 15:29:07.836309;2.000732421875;2.008056640625;1.98974609375;1.983642578125;2.02880859375;2.005615234375;1.98974609375;1.990966796875;1.99951171875;1.95556640625;1.959228515625;1.99951171875;1.982421875;1.9775390625;1.99951171875;1.990966796875;1.9873046875;1.966552734375;1.976318359375;1.97265625;2.003173828125;1.9921875;1.9677734375;1.9775390625;2.010498046875;2.03125;2.012939453125;2.010498046875;1.995849609375;1.98974609375;1.993408203125;1.976318359375;1.981201171875;2.00439453125;2.00927734375;1.993408203125;1.9921875;1.993408203125;1.998291015625;1.986083984375;1.96533203125;1.983642578125;2.001953125;2.01416015625;1.97509765625;1.9482421875;1.97021484375;1.956787109375;2.015380859375;2.0263671875;2.052001953125;1.98974609375;1.947021484375;1.932373046875;1.96044921875;1.97265625;1.971435546875;1.98974609375;1.98486328125;1.9970703125;2.021484375;2.022705078125;1.9970703125;1.9775390625;1.962890625;1.97021484375;2.001953125;2.04345703125;2.05078125;2.04345703125;2.01416015625;1.982421875;1.93359375;1.978759765625;2.008056640625;2.034912109375;2.04345703125;2.022705078125;1.97265625;1.98974609375;2.003173828125;1.96533203125;1.947021484375;1.949462890625;1.98486328125;1.993408203125;1.998291015625;1.96533203125;1.954345703125;1.944580078125;1.97021484375;1.9921875;2.003173828125;2.03125;2.015380859375;2.01171875;2.03125;2.003173828125;2.000732421875;2.015380859375
2024-08-29 15:29:07.899273;2.017822265625;1.9970703125;1.993408203125;2.01904296875;2.027587890625;1.998291015625;2.00439453125;2.003173828125;2.012939453125;1.993408203125;1.962890625;1.978759765625;1.9775390625;1.971435546875;1.964111328125;1.956787109375;1.98974609375;1.96044921875;1.976318359375;1.97998046875;1.983642578125;1.990966796875;2.00927734375;1.990966796875;1.9970703125;1.97998046875;1.98974609375;1.981201171875;1.983642578125;2.010498046875;1.97509765625;1.9873046875;2.025146484375;2.04345703125;2.042236328125;2.0263671875;1.9873046875;1.949462890625;1.97021484375;1.983642578125;2.0556640625;2.0263671875;2.01416015625;1.981201171875;1.978759765625;1.97509765625;1.944580078125;1.9921875;1.98974609375;1.981201171875;1.98974609375;1.978759765625;2.001953125;1.9921875;2.010498046875;1.97998046875;1.981201171875;1.97509765625;1.993408203125;2.042236328125;2.030029296875;2.020263671875;2.0068359375;1.995849609375;1.998291015625;1.99951171875;2.005615234375;2.003173828125;1.99951171875;2.010498046875;1.9873046875;1.97509765625;1.966552734375;1.962890625;2.001953125;2.008056640625;1.990966796875;1.98486328125;1.981201171875;1.98486328125;2.003173828125;1.978759765625;1.9775390625;1.97265625;1.9921875;2.01171875;2.000732421875;1.99462890625;2.003173828125;1.968994140625;1.971435546875;1.998291015625;1.98486328125;1.968994140625;2.017822265625;2.02392578125;2.003173828125;1.998291015625;2.003173828125;2.01416015625
2024-08-29 15:29:07.899273;2.00439453125;1.953125;1.968994140625;1.982421875;1.96533203125;1.983642578125;1.956787109375;1.9775390625;2.015380859375;1.998291015625;1.956787109375;1.923828125;1.937255859375;2.001953125;2.03857421875;2.041015625;2.05078125;1.998291015625;1.942138671875;1.95068359375;2.005615234375;2.02880859375;2.0166015625;2.017822265625;2.037353515625;2.0068359375;1.99951171875;2.001953125;2.012939453125;2.00927734375;2.0166015625;2.047119140625;2.041015625;2.0361328125;1.978759765625;2.00439453125;2.005615234375;1.9970703125;2.005615234375;2.000732421875;2.012939453125;2.0068359375;1.97998046875;1.934814453125;1.95068359375;1.96044921875;1.9482421875;2.005615234375;1.981201171875;1.971435546875;2.015380859375;2.01416015625;1.97021484375;1.983642578125;1.982421875;2.027587890625;2.03857421875;2.02880859375;2.017822265625;2.01416015625;1.993408203125;2.000732421875;2.008056640625;2.012939453125;1.98974609375;1.973876953125;1.993408203125;1.976318359375;1.942138671875;1.947021484375;1.964111328125;1.96533203125;2.008056640625;1.983642578125;2.003173828125;2.000732421875;2.030029296875;1.998291015625;1.95068359375;1.94091796875;1.961669921875;2.04345703125;2.0458984375;2.039794921875;2.030029296875;2.0263671875;2.020263671875;2.00439453125;1.97509765625;1.99462890625;2.017822265625;2.00927734375;2.010498046875;1.988525390625;1.9482421875;1.939697265625;1.944580078125;1.962890625;1.9970703125;2.01416015625
2024-08-29 15:29:07.946159;2.022705078125;2.020263671875;1.990966796875;1.956787109375;1.961669921875;1.9580078125;1.942138671875;1.961669921875;1.97998046875;2.03369140625;2.047119140625;2.03369140625;2.02392578125;2.015380859375;1.9873046875;1.98486328125;1.982421875;1.988525390625;1.9921875;1.97021484375;1.964111328125;1.962890625;1.966552734375;2.001953125;2.042236328125;2.021484375;2.01171875;1.99462890625;1.97509765625;1.982421875;1.96044921875;1.97021484375;1.98974609375;2.027587890625;2.03125;2.01416015625;1.966552734375;1.956787109375;1.9873046875;2.02392578125;2.020263671875;2.017822265625;2.003173828125;1.9775390625;1.966552734375;1.978759765625;2.008056640625;1.99462890625;1.97265625;1.951904296875;1.998291015625;1.964111328125;1.976318359375;1.98974609375;1.9775390625;1.961669921875;1.97265625;1.981201171875;2.0068359375;2.01416015625;2.020263671875;2.01171875;2.020263671875;2.01171875;2.010498046875;2.025146484375;1.99462890625;1.988525390625;1.981201171875;1.9482421875;1.94091796875;1.976318359375;2.012939453125;2.047119140625;2.0361328125;1.97998046875;1.990966796875;2.025146484375;2.01904296875;1.96533203125;1.917724609375;1.939697265625;1.982421875;2.00439453125;2.01904296875;2.00927734375;1.986083984375;2.0068359375;2.01416015625;1.959228515625;1.9580078125;1.949462890625;1.939697265625;1.998291015625;1.995849609375;1.97998046875;1.993408203125;2.015380859375;1.9677734375;1.982421875
2024-08-29 15:29:07.992999;2.005615234375;2.03857421875;2.010498046875;1.982421875;2.00927734375;1.9775390625;1.981201171875;1.99951171875;2.01416015625;1.986083984375;2.00927734375;2.020263671875;1.98486328125;1.98486328125;1.995849609375;2.037353515625;2.00927734375;1.954345703125;1.993408203125;2.000732421875;2.012939453125;2.000732421875;1.97998046875;1.98486328125;1.97509765625;1.953125;1.976318359375;2.025146484375;2.032470703125;2.032470703125;1.97265625;2.00927734375;2.041015625;2.032470703125;2.01416015625;1.9873046875;1.98486328125;1.9970703125;1.9580078125;1.973876953125;1.97509765625;1.981201171875;2.01904296875;2.005615234375;2.01171875;1.988525390625;1.97998046875;1.959228515625;1.9873046875;1.978759765625;2.015380859375;2.022705078125;2.037353515625;1.951904296875;1.94091796875;1.98974609375;1.9873046875;1.968994140625;2.003173828125;2.05078125;2.05078125;2.012939453125;1.934814453125;1.947021484375;1.981201171875;1.9873046875;2.02880859375;2.015380859375;1.998291015625;2.008056640625;2.0361328125;1.99951171875;1.9970703125;2.008056640625;1.97265625;1.944580078125;1.9921875;2.012939453125;2.027587890625;2.022705078125;2.00439453125;1.97265625;1.98486328125;1.9921875;2.010498046875;2.020263671875;2.01416015625;2.01171875;1.995849609375;1.9970703125;1.976318359375;1.988525390625;1.968994140625;1.976318359375;1.9873046875;2.005615234375;2.0361328125;2.022705078125;2.015380859375;1.971435546875
2024-08-29 15:29:08.024888;1.97265625;1.961669921875;2.001953125;2.003173828125;2.021484375;1.9970703125;1.986083984375;1.953125;1.961669921875;1.9775390625;2.010498046875;2.015380859375;2.001953125;1.96533203125;1.94091796875;1.964111328125;1.9873046875;2.03125;2.0263671875;2.0361328125;1.99462890625;1.99951171875;1.983642578125;2.005615234375;1.9970703125;1.982421875;2.015380859375;2.041015625;2.02880859375;2.003173828125;1.986083984375;1.978759765625;1.993408203125;2.005615234375;2.021484375;2.0166015625;1.998291015625;1.9921875;1.983642578125;1.971435546875;1.983642578125;1.9921875;2.010498046875;1.99951171875;1.9873046875;1.98974609375;1.99462890625;2.010498046875;2.008056640625;2.00927734375;2.001953125;1.983642578125;1.9921875;2.008056640625;2.000732421875;1.990966796875;1.98486328125;1.9921875;1.993408203125;1.993408203125;1.98974609375;1.9921875;1.995849609375;1.9873046875;1.9775390625;1.97265625;2.00439453125;2.01171875;2.000732421875;2.020263671875;2.001953125;1.9677734375;1.9775390625;1.9921875;1.993408203125;2.001953125;2.000732421875;1.993408203125;1.9921875;1.988525390625;1.986083984375;1.983642578125;1.9775390625;1.976318359375;1.998291015625;2.0068359375;1.993408203125;1.982421875;1.988525390625;1.988525390625;1.981201171875;1.976318359375;1.9775390625;1.98974609375;1.97998046875;1.988525390625;2.00439453125;2.012939453125;2.0166015625;2.012939453125
2024-08-29 15:29:08.055495;1.99951171875;1.990966796875;1.993408203125;1.995849609375;1.981201171875;1.981201171875;2.000732421875;1.988525390625;1.962890625;1.9580078125;1.973876953125;1.981201171875;1.990966796875;2.005615234375;2.0068359375;1.988525390625;1.98974609375;1.995849609375;1.993408203125;2.000732421875;2.001953125;1.98974609375;1.97509765625;1.9970703125;2.003173828125;1.988525390625;2.001953125;2.012939453125;2.000732421875;1.983642578125;1.9775390625;2.010498046875;2.037353515625;2.041015625;1.99951171875;1.95068359375;1.9580078125;1.995849609375;2.008056640625;2.015380859375;1.990966796875;1.97998046875;1.98486328125;2.008056640625;2.02880859375;2.005615234375;1.983642578125;1.982421875;1.97509765625;1.98974609375;2.032470703125;1.99951171875;1.93115234375;1.953125;1.99951171875;2.03857421875;2.05078125;2.015380859375;1.94580078125;1.95068359375;1.97509765625;1.99462890625;2.003173828125;1.98974609375;2.001953125;2.0068359375;2.01171875;2.017822265625;2.0263671875;2.022705078125;1.993408203125;1.961669921875;1.9580078125;1.9970703125;2.041015625;2.039794921875;1.976318359375;1.94580078125;1.97265625;2.008056640625;2.022705078125;2.022705078125;2.0068359375;1.973876953125;1.956787109375;1.954345703125;1.968994140625;1.98974609375;1.97998046875;1.976318359375;1.99462890625;2.005615234375;2.020263671875;2.030029296875;2.021484375;1.99951171875;1.96533203125;1.942138671875;1.962890625;1.98974609375
2024-08-29 15:29:08.087388;2.003173828125;2.0068359375;1.9677734375;1.951904296875;1.981201171875;2.000732421875;2.01416015625;2.012939453125;1.986083984375;1.96044921875;1.973876953125;1.988525390625;1.988525390625;1.9921875;2.01416015625;2.0166015625;1.97998046875;1.97021484375;1.98974609375;2.012939453125;2.01904296875;1.9970703125;1.97021484375;1.966552734375;1.9775390625;1.9921875;2.0263671875;2.0068359375;1.959228515625;1.96533203125;1.98974609375;1.988525390625;1.97509765625;2.000732421875;2.021484375;2.015380859375;2.008056640625;1.981201171875;1.954345703125;1.959228515625;1.995849609375;1.9970703125;2.003173828125;2.032470703125;2.0166015625;2.003173828125;2.021484375;2.01416015625;2.000732421875;1.96533203125;1.932373046875;1.937255859375;1.97021484375;1.988525390625;1.9921875;1.97509765625;1.973876953125;2.010498046875;2.03857421875;2.0458984375;2.020263671875;1.968994140625;1.9677734375;1.97998046875;2.005615234375;2.047119140625;2.03369140625;1.944580078125;1.925048828125;1.96533203125;2.01416015625;2.047119140625;2.047119140625;2.00927734375;1.9482421875;1.927490234375;1.96044921875;1.9873046875;1.990966796875;2.01416015625;2.0263671875;2.030029296875;2.03857421875;2.03369140625;2.02880859375;2.021484375;1.986083984375;1.9287109375;1.92626953125;1.978759765625;2.02392578125;2.020263671875;1.9970703125;1.962890625;1.9580078125;2.012939453125;2.052001953125;2.05322265625;2.032470703125;1.982421875
2024-08-29 15:29:08.119281;1.954345703125;1.966552734375;1.98974609375;2.017822265625;2.0263671875;1.9873046875;1.95556640625;1.966552734375;2.001953125;2.03125;2.037353515625;2.022705078125;1.986083984375;1.944580078125;1.93359375;1.983642578125;2.00439453125;1.993408203125;1.973876953125;1.9775390625;2.005615234375;2.021484375;1.99951171875;1.981201171875;1.98974609375;2.000732421875;1.97998046875;1.9482421875;1.971435546875;2.003173828125;1.92626953125;1.962890625;1.982421875;1.9873046875;1.971435546875;1.97021484375;1.961669921875;1.99462890625;2.052001953125;2.01904296875;1.97998046875;1.990966796875;1.966552734375;1.9775390625;2.000732421875;1.99462890625;1.962890625;1.9482421875;2.003173828125;2.05322265625;2.037353515625;2.015380859375;2.010498046875;1.959228515625;1.92138671875;1.95556640625;1.97998046875;1.995849609375;2.005615234375;1.9921875;2.00439453125;2.034912109375;2.054443359375;2.015380859375;1.9677734375;1.973876953125;1.944580078125;1.949462890625;1.993408203125;2.000732421875;1.976318359375;1.94091796875;1.954345703125;2.010498046875;2.052001953125;2.061767578125;2.04345703125;1.978759765625;1.9189453125;1.92626953125;1.964111328125;1.990966796875;1.98974609375;1.9775390625;1.968994140625;1.9775390625;2.017822265625;2.066650390625;2.061767578125;2.005615234375;1.983642578125;1.990966796875;1.956787109375;1.96533203125;2.005615234375;2.00927734375;1.96044921875;1.937255859375;1.976318359375;2.030029296875
2024-08-29 15:29:08.166026;1.982421875;1.98486328125;1.986083984375;1.998291015625;2.012939453125;2.012939453125;1.968994140625;1.954345703125;1.966552734375;1.976318359375;1.986083984375;1.99462890625;1.986083984375;1.98486328125;1.99462890625;2.00927734375;2.010498046875;2.025146484375;2.02392578125;1.986083984375;1.968994140625;1.961669921875;1.982421875;2.00927734375;2.012939453125;1.990966796875;1.97998046875;1.97265625;1.981201171875;2.0166015625;2.01171875;2.02392578125;2.02880859375;2.001953125;1.9775390625;1.951904296875;1.968994140625;1.998291015625;2.0263671875;2.047119140625;2.021484375;1.995849609375;1.990966796875;1.990966796875;2.003173828125;1.986083984375;1.964111328125;1.951904296875;1.962890625;1.97265625;1.9873046875;1.9970703125;1.983642578125;1.981201171875;1.99951171875;2.03857421875;2.056884765625;2.0361328125;1.993408203125;1.951904296875;1.94580078125;1.968994140625;2.00927734375;2.015380859375;2.00927734375;1.9873046875;1.964111328125;1.968994140625;2.001953125;2.03857421875;2.021484375;1.986083984375;1.96533203125;1.943359375;1.982421875;2.010498046875;2.00439453125;1.988525390625;1.978759765625;1.993408203125;2.0166015625;2.034912109375;2.041015625;2.01904296875;1.9677734375;1.942138671875;1.944580078125;1.95556640625;1.978759765625;1.98974609375;1.97265625;1.983642578125;1.9970703125;2.005615234375;2.0263671875;2.034912109375;2.020263671875;1.981201171875;1.954345703125;1.951904296875
2024-08-29 15:29:08.196435;1.988525390625;2.010498046875;2.0068359375;1.9970703125;1.988525390625;1.9775390625;2.010498046875;2.039794921875;2.044677734375;2.022705078125;1.98486328125;1.959228515625;1.962890625;1.982421875;1.9970703125;2.008056640625;2.01416015625;1.995849609375;1.988525390625;1.99462890625;2.008056640625;2.010498046875;1.988525390625;1.9677734375;1.949462890625;1.9580078125;1.9921875;1.99951171875;1.988525390625;1.993408203125;1.995849609375;2.001953125;1.981201171875;1.961669921875;1.993408203125;2.039794921875;2.041015625;2.027587890625;1.9921875;1.949462890625;1.96044921875;2.02392578125;2.0556640625;2.034912109375;2.005615234375;1.978759765625;1.968994140625;1.978759765625;1.9921875;2.00927734375;1.97998046875;1.956787109375;1.953125;1.97509765625;1.995849609375;1.99951171875;1.981201171875;1.95556640625;1.978759765625;2.020263671875;2.0361328125;2.0166015625;1.97265625;1.9482421875;1.971435546875;2.010498046875;2.03857421875;2.0361328125;2.003173828125;1.97998046875;1.964111328125;1.971435546875;2.003173828125;2.022705078125;2.000732421875;1.97265625;1.959228515625;1.94580078125;1.986083984375;2.021484375;2.025146484375;1.983642578125;1.9482421875;1.962890625;2.015380859375;2.041015625;2.03857421875;2.015380859375;1.97509765625;1.9580078125;1.98974609375;2.027587890625;2.04345703125;2.021484375;1.982421875;1.962890625;1.971435546875;1.99951171875;2.012939453125;2.015380859375
2024-08-29 15:29:08.227763;1.99951171875;1.962890625;1.954345703125;1.976318359375;1.993408203125;1.995849609375;2.000732421875;1.9873046875;1.951904296875;1.971435546875;2.022705078125;2.034912109375;2.02392578125;1.982421875;1.964111328125;1.993408203125;2.015380859375;2.027587890625;2.027587890625;2.012939453125;1.99951171875;1.981201171875;1.966552734375;1.97998046875;1.998291015625;2.0068359375;1.983642578125;1.9677734375;1.956787109375;1.968994140625;1.95556640625;1.978759765625;1.97509765625;1.995849609375;2.02392578125;1.988525390625;1.944580078125;1.982421875;2.041015625;2.039794921875;2.01416015625;2.005615234375;1.983642578125;1.953125;1.964111328125;2.0068359375;2.00439453125;1.976318359375;1.9580078125;1.9873046875;2.022705078125;2.025146484375;1.99462890625;1.966552734375;1.966552734375;1.982421875;1.973876953125;1.995849609375;1.990966796875;1.9580078125;1.9677734375;2.01416015625;2.044677734375;2.017822265625;1.99951171875;1.990966796875;1.982421875;1.986083984375;1.988525390625;1.9921875;1.988525390625;1.98974609375;1.9970703125;2.00927734375;2.0166015625;2.015380859375;2.001953125;1.988525390625;1.964111328125;1.949462890625;1.968994140625;1.988525390625;1.982421875;1.976318359375;1.97509765625;2.001953125;2.0263671875;2.03125;2.01416015625;1.993408203125;1.981201171875;1.9677734375;1.96044921875;1.968994140625;1.9873046875;2.0068359375;2.01416015625;2.005615234375;1.9970703125;1.99462890625
2024-08-29 15:29:08.273808;1.986083984375;1.98486328125;1.97509765625;1.966552734375;1.98974609375;2.041015625;2.025146484375;1.971435546875;1.98974609375;1.9775390625;1.962890625;2.00439453125;2.02392578125;2.001953125;1.97021484375;1.95556640625;1.962890625;2.001953125;2.0556640625;2.06787109375;2.00927734375;1.942138671875;1.944580078125;1.966552734375;1.981201171875;1.99462890625;2.000732421875;1.990966796875;1.97021484375;1.961669921875;2.000732421875;1.9921875;1.990966796875;2.017822265625;2.04345703125;1.9873046875;1.9580078125;1.98974609375;1.943359375;1.966552734375;2.01171875;2.000732421875;1.962890625;1.95068359375;1.982421875;2.044677734375;2.073974609375;2.044677734375;1.97998046875;1.9287109375;1.922607421875;1.9580078125;2.010498046875;2.022705078125;2.000732421875;1.986083984375;1.9921875;2.030029296875;2.05810546875;1.993408203125;1.998291015625;1.96044921875;1.937255859375;1.988525390625;2.0166015625;1.995849609375;1.97265625;1.971435546875;1.993408203125;2.0458984375;2.0703125;2.054443359375;2.01171875;1.964111328125;1.93115234375;1.943359375;1.988525390625;2.0263671875;2.03125;2.000732421875;1.976318359375;1.97509765625;1.995849609375;2.02880859375;2.022705078125;1.9921875;1.97265625;1.94091796875;1.97265625;2.01416015625;2.000732421875;1.981201171875;1.971435546875;1.976318359375;1.9921875;2.008056640625;2.027587890625;2.01171875;1.97998046875;1.968994140625
2024-08-29 15:29:08.304924;1.971435546875;1.983642578125;1.98974609375;2.001953125;2.012939453125;1.998291015625;1.990966796875;1.9970703125;1.993408203125;2.005615234375;2.012939453125;1.98486328125;1.953125;1.96533203125;2.0068359375;2.01171875;1.995849609375;1.97998046875;1.971435546875;1.983642578125;1.998291015625;1.99951171875;2.020263671875;2.005615234375;1.96533203125;1.953125;1.971435546875;2.000732421875;2.00927734375;2.012939453125;1.961669921875;1.97265625;1.971435546875;1.97021484375;1.97998046875;2.010498046875;2.042236328125;2.041015625;2.012939453125;1.97265625;1.961669921875;1.986083984375;1.9970703125;2.01171875;2.00439453125;1.97998046875;1.97509765625;2.001953125;2.025146484375;2.01904296875;2.01416015625;1.98974609375;1.95556640625;1.956787109375;1.97509765625;1.973876953125;1.96533203125;1.961669921875;1.976318359375;2.01416015625;2.039794921875;2.03857421875;2.001953125;1.9677734375;1.971435546875;1.988525390625;1.9970703125;2.003173828125;2.001953125;1.988525390625;1.97998046875;1.99462890625;2.0263671875;2.021484375;2.001953125;1.993408203125;1.988525390625;1.983642578125;1.973876953125;1.983642578125;1.9873046875;1.97265625;1.962890625;1.97265625;2.00439453125;2.034912109375;2.041015625;2.0166015625;1.981201171875;1.95556640625;1.96533203125;1.983642578125;2.003173828125;2.020263671875;1.9970703125;1.959228515625;1.959228515625;1.988525390625;2.01171875;2.015380859375
2024-08-29 15:29:08.351587;2.015380859375;2.001953125;1.971435546875;1.953125;1.96533203125;1.9873046875;1.983642578125;1.981201171875;1.9775390625;1.982421875;2.001953125;2.025146484375;2.034912109375;2.030029296875;1.990966796875;1.96533203125;1.96044921875;1.98486328125;2.00439453125;2.005615234375;1.97265625;1.968994140625;1.97998046875;2.000732421875;2.01904296875;2.01904296875;2.017822265625;2.000732421875;1.96044921875;1.954345703125;1.995849609375;1.976318359375;1.951904296875;1.949462890625;1.978759765625;2.0068359375;2.003173828125;1.986083984375;1.988525390625;2.008056640625;2.032470703125;2.01904296875;1.956787109375;1.9580078125;1.962890625;1.964111328125;1.990966796875;1.98974609375;1.988525390625;1.981201171875;1.986083984375;2.039794921875;2.049560546875;2.02392578125;1.993408203125;1.95556640625;1.94091796875;1.961669921875;1.99462890625;2.010498046875;1.99951171875;1.9873046875;1.982421875;2.003173828125;2.02880859375;2.008056640625;1.964111328125;1.95556640625;1.971435546875;1.9677734375;1.978759765625;1.982421875;1.981201171875;1.97998046875;1.990966796875;2.03369140625;2.052001953125;2.022705078125;1.9921875;1.976318359375;1.976318359375;1.96044921875;1.968994140625;1.986083984375;1.99951171875;1.9921875;1.9921875;2.01171875;2.027587890625;2.0263671875;2.000732421875;1.97265625;1.942138671875;1.942138671875;1.97998046875;1.98974609375;1.988525390625;1.98486328125;1.983642578125;1.982421875
2024-08-29 15:29:08.398963;2.00927734375;2.044677734375;2.0458984375;2.017822265625;1.9921875;1.981201171875;1.96044921875;1.94580078125;1.97021484375;1.98974609375;2.003173828125;1.99951171875;1.990966796875;1.998291015625;2.015380859375;2.02392578125;2.0166015625;1.98486328125;1.956787109375;1.964111328125;1.97509765625;1.9873046875;1.99951171875;1.986083984375;1.978759765625;1.98974609375;2.000732421875;2.037353515625;2.030029296875;2.005615234375;1.986083984375;2.0361328125;2.06298828125;2.0263671875;1.961669921875;1.93603515625;1.961669921875;1.998291015625;2.017822265625;2.008056640625;1.993408203125;1.97998046875;1.982421875;2.02392578125;2.037353515625;1.9921875;1.97998046875;1.959228515625;1.953125;1.98974609375;1.993408203125;1.998291015625;1.98974609375;1.986083984375;2.01904296875;2.056884765625;2.044677734375;2.005615234375;1.947021484375;1.9287109375;1.9580078125;2.000732421875;2.0068359375;2.001953125;1.9921875;1.983642578125;1.995849609375;2.02880859375;2.032470703125;1.988525390625;1.97509765625;1.966552734375;1.949462890625;1.981201171875;1.998291015625;1.983642578125;1.98974609375;1.99951171875;1.995849609375;2.000732421875;2.0263671875;2.04345703125;2.021484375;1.97265625;1.94091796875;1.959228515625;1.9921875;2.008056640625;2.00439453125;1.99951171875;1.995849609375;1.98974609375;1.9970703125;2.02392578125;2.032470703125;1.9970703125;1.971435546875;1.9482421875;1.954345703125;1.98974609375
2024-08-29 15:29:08.476983;2.015380859375;2.01416015625;1.978759765625;1.9580078125;1.961669921875;1.97265625;1.998291015625;2.00439453125;1.98974609375;1.986083984375;1.986083984375;1.9921875;2.025146484375;2.042236328125;2.01904296875;1.9873046875;1.95556640625;1.944580078125;1.973876953125;1.990966796875;1.993408203125;1.99462890625;1.99462890625;1.9970703125;2.001953125;2.01171875;2.021484375;2.0068359375;1.973876953125;1.96533203125;2.022705078125;1.988525390625;1.97021484375;1.951904296875;1.973876953125;2.008056640625;1.9970703125;1.98486328125;1.983642578125;1.986083984375;2.021484375;2.042236328125;2.017822265625;1.98974609375;1.96044921875;1.96044921875;1.97265625;1.9775390625;1.96533203125;1.981201171875;2.0068359375;2.01904296875;2.030029296875;2.03125;1.9970703125;1.959228515625;1.961669921875;1.97509765625;2.001953125;1.99462890625;1.97265625;1.983642578125;1.98974609375;2.003173828125;2.020263671875;2.020263671875;2.00927734375;1.98486328125;1.964111328125;1.966552734375;1.9775390625;1.995849609375;2.010498046875;2.010498046875;2.00927734375;2.005615234375;2.00927734375;2.00927734375;2.008056640625;1.98486328125;1.961669921875;1.96044921875;1.964111328125;1.99462890625;2.0068359375;1.9921875;1.9921875;2.008056640625;2.001953125;2.005615234375;2.041015625;2.0361328125;2.00439453125;1.971435546875;1.943359375;1.9482421875;1.981201171875;2.010498046875;2.01904296875;2.0068359375
2024-08-29 15:29:08.476983;1.9970703125;1.9921875;1.995849609375;2.012939453125;2.010498046875;1.973876953125;1.953125;1.961669921875;1.9580078125;1.983642578125;1.98974609375;1.97509765625;1.998291015625;2.00927734375;1.9970703125;2.005615234375;2.02880859375;2.03369140625;2.015380859375;1.97509765625;1.94580078125;1.962890625;1.99951171875;2.01171875;2.01416015625;2.0068359375;2.000732421875;1.995849609375;1.99462890625;2.00927734375;1.995849609375;1.99951171875;2.01171875;2.008056640625;1.97265625;1.9677734375;1.949462890625;1.966552734375;1.99462890625;1.97265625;1.982421875;2.001953125;2.01171875;2.02392578125;2.034912109375;2.034912109375;2.000732421875;1.951904296875;1.939697265625;1.964111328125;2.01171875;2.032470703125;2.030029296875;2.01416015625;1.99462890625;1.995849609375;2.02392578125;2.008056640625;1.973876953125;1.956787109375;1.9384765625;1.978759765625;1.99462890625;1.995849609375;1.9921875;1.982421875;1.9873046875;2.01416015625;2.04345703125;2.042236328125;2.010498046875;1.968994140625;1.934814453125;1.93603515625;1.976318359375;2.005615234375;2.021484375;2.020263671875;1.9921875;1.97998046875;1.9873046875;2.017822265625;2.012939453125;1.976318359375;1.97021484375;1.94091796875;1.951904296875;2.0068359375;2.0166015625;1.9921875;1.9677734375;1.954345703125;1.973876953125;2.017822265625;2.042236328125;2.034912109375;2.005615234375;1.96533203125;1.93603515625;1.947021484375
2024-08-29 15:29:08.508075;1.988525390625;2.021484375;2.0263671875;2.005615234375;1.9775390625;1.97509765625;1.99951171875;2.047119140625;2.03369140625;2.000732421875;1.9873046875;1.9287109375;1.9384765625;1.993408203125;2.01171875;1.993408203125;1.97265625;1.96533203125;1.993408203125;2.047119140625;2.069091796875;2.0458984375;2.000732421875;1.949462890625;1.93359375;1.954345703125;1.982421875;1.998291015625;1.998291015625;1.993408203125;1.99951171875;2.0068359375;1.993408203125;1.97998046875;1.986083984375;2.03369140625;2.044677734375;1.99951171875;1.99462890625;1.949462890625;1.94091796875;1.993408203125;2.0068359375;1.981201171875;1.956787109375;1.96533203125;2.01171875;2.06787109375;2.07763671875;2.0458984375;1.973876953125;1.910400390625;1.91162109375;1.954345703125;1.9921875;1.990966796875;1.986083984375;1.981201171875;1.988525390625;2.04345703125;2.05322265625;2.0068359375;1.990966796875;1.92138671875;1.959228515625;2.0166015625;2.0166015625;1.998291015625;1.97998046875;1.97509765625;1.9873046875;2.00927734375;2.0361328125;2.021484375;1.953125;1.91650390625;1.9482421875;1.98974609375;1.995849609375;2.00927734375;2.0166015625;1.9970703125;1.98486328125;1.98486328125;1.9921875;2.047119140625;2.06298828125;2.030029296875;1.97021484375;1.925048828125;1.986083984375;2.021484375;2.008056640625;1.9921875;1.97265625;1.96533203125;1.982421875;2.02392578125;2.04833984375;2.03125
2024-08-29 15:29:08.523721;1.9775390625;1.9384765625;1.9482421875;1.97509765625;1.993408203125;2.00927734375;2.005615234375;1.988525390625;1.9775390625;1.982421875;2.012939453125;2.059326171875;2.037353515625;2.008056640625;1.953125;1.951904296875;2.00439453125;2.015380859375;1.99462890625;1.988525390625;1.973876953125;1.9677734375;1.993408203125;2.027587890625;2.03857421875;1.99951171875;1.942138671875;1.93115234375;1.9677734375;2.005615234375;1.942138671875;1.9775390625;2.015380859375;2.01904296875;2.017822265625;1.998291015625;1.97021484375;1.976318359375;1.993408203125;2.005615234375;2.010498046875;1.97509765625;1.94580078125;1.998291015625;2.0166015625;1.998291015625;1.988525390625;1.976318359375;1.988525390625;2.02392578125;2.008056640625;2.001953125;1.983642578125;1.976318359375;1.98486328125;1.986083984375;1.990966796875;1.9921875;1.995849609375;1.98486328125;1.995849609375;2.01904296875;2.010498046875;2.012939453125;1.9970703125;1.96044921875;1.95068359375;2.000732421875;2.0166015625;2.00927734375;1.9921875;1.97265625;1.971435546875;1.99951171875;2.012939453125;2.003173828125;2.005615234375;1.986083984375;1.96044921875;1.966552734375;1.983642578125;1.988525390625;1.990966796875;2.005615234375;2.01171875;1.9970703125;1.98486328125;1.995849609375;2.0068359375;2.010498046875;1.98486328125;1.95556640625;1.96533203125;2.015380859375;2.025146484375;2.010498046875;1.98974609375;1.9775390625;1.981201171875;2.003173828125
2024-08-29 15:29:08.570087;2.0068359375;2.00927734375;2.01416015625;1.9921875;1.976318359375;1.9775390625;1.97021484375;1.968994140625;1.976318359375;2.001953125;2.012939453125;2.012939453125;2.00927734375;2.01171875;2.017822265625;2.010498046875;1.983642578125;1.956787109375;1.976318359375;2.01171875;2.015380859375;2.000732421875;1.976318359375;1.97021484375;1.993408203125;2.021484375;2.0263671875;2.02880859375;2.01904296875;1.982421875;2.027587890625;2.012939453125;1.976318359375;1.934814453125;1.9482421875;1.99462890625;2.017822265625;2.02392578125;2.008056640625;1.990966796875;1.981201171875;1.99462890625;2.021484375;2.0166015625;1.981201171875;1.947021484375;1.9775390625;2.01171875;2.003173828125;1.981201171875;1.97021484375;1.982421875;1.99462890625;2.01171875;2.0263671875;1.9921875;1.954345703125;1.943359375;1.973876953125;2.01171875;2.030029296875;2.01904296875;2.00439453125;2.000732421875;1.9970703125;1.9970703125;1.99951171875;1.97998046875;1.951904296875;1.94580078125;1.973876953125;2.015380859375;2.020263671875;1.998291015625;1.9775390625;1.97998046875;1.988525390625;1.998291015625;2.017822265625;2.0263671875;2.001953125;1.96533203125;1.9580078125;1.97509765625;1.99462890625;2.001953125;2.01416015625;2.0166015625;1.99462890625;1.966552734375;1.968994140625;1.9921875;2.017822265625;2.01171875;1.982421875;1.95068359375;1.97021484375;2.01904296875;2.025146484375;1.993408203125
2024-08-29 15:29:08.601892;1.998291015625;2.012939453125;2.005615234375;1.98974609375;1.983642578125;1.9921875;1.99951171875;1.998291015625;2.015380859375;2.01171875;1.96533203125;1.92138671875;1.929931640625;1.964111328125;2.005615234375;2.03369140625;2.022705078125;1.99951171875;1.981201171875;1.986083984375;2.00927734375;2.03369140625;2.03125;1.97998046875;1.93603515625;1.9677734375;2.01416015625;2.027587890625;2.005615234375;1.97265625;1.995849609375;2.005615234375;2.01416015625;1.995849609375;1.986083984375;2.000732421875;2.0166015625;2.010498046875;1.981201171875;1.95556640625;1.9482421875;1.9775390625;2.01171875;2.03125;2.02392578125;1.9970703125;1.988525390625;1.99951171875;2.020263671875;2.017822265625;1.9873046875;1.951904296875;1.949462890625;1.9921875;2.01171875;1.990966796875;1.9775390625;1.982421875;1.98974609375;2.01904296875;2.039794921875;2.02392578125;1.968994140625;1.93115234375;1.943359375;1.9873046875;2.017822265625;2.0263671875;2.01904296875;1.9921875;1.968994140625;1.978759765625;2.003173828125;2.027587890625;2.015380859375;1.982421875;1.9482421875;1.990966796875;2.025146484375;2.020263671875;1.9873046875;1.96533203125;1.971435546875;1.9970703125;2.020263671875;2.01416015625;2.005615234375;1.983642578125;1.947021484375;1.964111328125;1.9970703125;1.99951171875;1.9873046875;2.001953125;2.00439453125;1.98486328125;1.988525390625;2.003173828125;2.0068359375;2.01171875
2024-08-29 15:29:08.631820;1.986083984375;1.951904296875;1.97265625;2.015380859375;2.020263671875;2.0068359375;1.981201171875;1.97021484375;1.976318359375;1.993408203125;2.000732421875;2.01171875;2.01171875;1.983642578125;1.96533203125;1.971435546875;1.97509765625;1.976318359375;1.9873046875;2.010498046875;2.01171875;2.001953125;2.00927734375;2.020263671875;2.010498046875;1.990966796875;1.96044921875;1.949462890625;1.982421875;2.008056640625;1.95556640625;1.978759765625;1.97998046875;1.993408203125;2.008056640625;2.000732421875;1.988525390625;1.9970703125;2.020263671875;2.012939453125;2.000732421875;1.986083984375;1.97021484375;1.954345703125;1.97265625;1.982421875;1.97265625;1.968994140625;1.983642578125;2.0166015625;2.049560546875;2.04345703125;2.01904296875;1.97998046875;1.982421875;1.9921875;1.98486328125;1.995849609375;1.99462890625;1.990966796875;1.98486328125;2.00439453125;2.02392578125;2.01171875;1.9970703125;1.98486328125;1.968994140625;1.964111328125;1.983642578125;1.998291015625;1.97021484375;1.959228515625;1.961669921875;1.98486328125;2.02392578125;2.04345703125;2.027587890625;1.98974609375;1.9580078125;1.97021484375;1.983642578125;1.983642578125;1.998291015625;1.9970703125;1.973876953125;1.971435546875;1.99462890625;2.03125;2.03369140625;2.025146484375;2.015380859375;1.976318359375;1.9482421875;1.961669921875;1.982421875;1.976318359375;1.97265625;1.97265625;1.9775390625;1.9873046875
2024-08-29 15:29:08.663182;2.00439453125;2.0263671875;2.037353515625;2.012939453125;1.9775390625;1.964111328125;1.976318359375;2.00439453125;2.00927734375;1.990966796875;1.959228515625;1.942138671875;1.976318359375;2.02392578125;2.042236328125;2.034912109375;2.0068359375;1.9775390625;1.966552734375;1.97265625;1.978759765625;1.976318359375;1.988525390625;2.001953125;2.001953125;2.00439453125;2.01416015625;2.022705078125;2.012939453125;1.982421875;2.01416015625;2.034912109375;2.003173828125;1.973876953125;1.944580078125;1.947021484375;1.988525390625;1.9970703125;1.986083984375;1.9921875;1.97998046875;2.00927734375;2.054443359375;2.042236328125;1.9775390625;1.93603515625;1.942138671875;1.97509765625;1.995849609375;2.00439453125;1.998291015625;1.982421875;1.97998046875;2.000732421875;2.01904296875;2.0068359375;1.97998046875;1.961669921875;1.959228515625;1.993408203125;2.020263671875;2.010498046875;1.986083984375;1.966552734375;1.97998046875;2.0263671875;2.044677734375;2.02880859375;1.988525390625;1.949462890625;1.953125;1.981201171875;1.988525390625;1.9873046875;1.9775390625;1.982421875;1.9873046875;1.98974609375;2.008056640625;2.01416015625;2.01416015625;1.98486328125;1.9580078125;1.956787109375;1.9873046875;2.0166015625;2.00927734375;1.9921875;1.976318359375;1.961669921875;1.98974609375;2.0361328125;2.042236328125;2.020263671875;1.97265625;1.94580078125;1.97021484375;1.98486328125;1.98486328125;1.981201171875
2024-08-29 15:29:08.694532;1.978759765625;1.986083984375;1.986083984375;1.9970703125;2.01171875;2.020263671875;2.00927734375;1.978759765625;1.95556640625;1.982421875;2.015380859375;2.02392578125;2.0068359375;1.9921875;1.97998046875;1.98486328125;2.012939453125;2.03125;2.027587890625;1.998291015625;1.959228515625;1.9482421875;1.9677734375;1.976318359375;1.990966796875;1.988525390625;1.981201171875;1.988525390625;1.988525390625;2.003173828125;1.9775390625;1.998291015625;2.02880859375;2.037353515625;2.010498046875;1.983642578125;1.956787109375;1.968994140625;1.995849609375;2.008056640625;1.995849609375;1.971435546875;1.976318359375;1.9873046875;2.00439453125;2.01171875;2.008056640625;1.986083984375;1.964111328125;1.954345703125;1.961669921875;1.9921875;2.008056640625;1.978759765625;1.976318359375;2.005615234375;2.02392578125;2.03857421875;2.03857421875;2.000732421875;1.968994140625;1.96533203125;2.001953125;2.01904296875;2.005615234375;1.98486328125;1.976318359375;1.990966796875;2.0166015625;2.025146484375;2.0166015625;1.993408203125;1.954345703125;1.937255859375;1.9482421875;1.988525390625;2.044677734375;2.0556640625;2.003173828125;1.976318359375;1.97998046875;1.995849609375;2.0068359375;2.010498046875;1.993408203125;1.9580078125;1.953125;1.978759765625;1.990966796875;1.99951171875;1.9873046875;1.982421875;1.98974609375;2.003173828125;2.020263671875;2.03125;2.027587890625;2.00439453125;1.966552734375;1.9482421875
2024-08-29 15:29:08.741245;1.9482421875;1.9482421875;1.988525390625;2.01904296875;2.05078125;2.056884765625;1.97509765625;1.91162109375;1.922607421875;1.982421875;2.0263671875;2.010498046875;1.99951171875;2.012939453125;1.961669921875;1.947021484375;1.998291015625;2.042236328125;2.066650390625;2.039794921875;1.9873046875;1.956787109375;1.983642578125;2.021484375;2.01416015625;2.001953125;1.954345703125;1.9091796875;1.944580078125;2.003173828125;1.95556640625;1.96044921875;1.98486328125;2.015380859375;2.0263671875;1.99462890625;1.9580078125;1.956787109375;1.9970703125;2.025146484375;2.047119140625;2.034912109375;1.988525390625;1.956787109375;1.981201171875;2.0166015625;2.056884765625;2.010498046875;1.949462890625;1.961669921875;1.990966796875;2.010498046875;2.021484375;2.000732421875;1.962890625;1.94580078125;1.962890625;1.98974609375;1.981201171875;1.9580078125;1.95068359375;1.98974609375;2.0361328125;2.0556640625;2.054443359375;2.021484375;1.986083984375;1.956787109375;1.968994140625;2.00927734375;2.034912109375;2.032470703125;1.988525390625;1.959228515625;1.97265625;2.000732421875;2.020263671875;2.027587890625;1.9970703125;1.95068359375;1.925048828125;1.9384765625;1.982421875;2.005615234375;1.988525390625;1.968994140625;1.988525390625;2.01904296875;2.032470703125;2.0556640625;2.044677734375;1.995849609375;1.9873046875;1.954345703125;1.937255859375;1.97265625;2.00927734375;2.0068359375;1.961669921875;1.9580078125
2024-08-29 15:29:08.787905;2.000732421875;2.064208984375;2.0751953125;2.04345703125;2.015380859375;1.97265625;1.923828125;1.92138671875;1.954345703125;1.9775390625;1.99462890625;2.008056640625;2.015380859375;2.0263671875;2.05078125;2.0556640625;1.988525390625;1.951904296875;1.978759765625;1.95556640625;1.93603515625;1.95556640625;1.9677734375;1.9677734375;1.97265625;1.98974609375;2.042236328125;2.073974609375;2.030029296875;2.015380859375;2.066650390625;2.044677734375;1.98486328125;1.971435546875;1.983642578125;1.973876953125;1.982421875;2.010498046875;2.021484375;2.02392578125;2.022705078125;2.034912109375;2.044677734375;2.008056640625;1.93359375;1.917724609375;1.97265625;1.9580078125;1.954345703125;1.971435546875;1.9775390625;1.986083984375;2.01171875;2.059326171875;2.081298828125;2.037353515625;2.0166015625;1.96533203125;1.91650390625;1.92138671875;1.953125;1.986083984375;2.00439453125;1.998291015625;1.99462890625;2.00927734375;2.042236328125;2.03857421875;1.9580078125;1.929931640625;1.9775390625;1.97509765625;1.95556640625;1.964111328125;1.9775390625;1.983642578125;2.008056640625;2.037353515625;2.0654296875;2.066650390625;2.02392578125;1.9970703125;1.988525390625;1.964111328125;1.95068359375;1.961669921875;1.99462890625;2.008056640625;2.012939453125;2.01416015625;2.021484375;2.03125;2.044677734375;2.008056640625;1.94091796875;1.927490234375;1.971435546875;1.976318359375;1.96044921875;1.971435546875
2024-08-29 15:29:08.835465;1.964111328125;1.986083984375;2.00439453125;2.00439453125;1.983642578125;1.962890625;1.986083984375;2.0263671875;2.044677734375;2.039794921875;2.022705078125;1.98486328125;1.95068359375;1.954345703125;2.003173828125;2.04345703125;2.021484375;1.981201171875;1.966552734375;1.97998046875;1.995849609375;2.01416015625;2.01904296875;2.001953125;1.9775390625;1.96533203125;1.949462890625;1.964111328125;1.990966796875;1.998291015625;1.97265625;1.981201171875;1.98974609375;1.9677734375;1.971435546875;2.010498046875;2.042236328125;2.034912109375;2.020263671875;1.9970703125;1.9775390625;1.956787109375;1.962890625;1.9775390625;1.97509765625;1.98974609375;1.998291015625;2.01416015625;2.027587890625;2.01171875;1.98486328125;1.95556640625;1.956787109375;1.9775390625;1.97998046875;1.973876953125;1.9677734375;1.97265625;2.005615234375;2.044677734375;2.049560546875;2.025146484375;2.008056640625;1.983642578125;1.962890625;1.956787109375;1.962890625;1.97998046875;1.98974609375;1.9873046875;1.988525390625;2.005615234375;2.032470703125;2.0458984375;2.022705078125;1.97509765625;1.959228515625;1.971435546875;1.98486328125;1.99462890625;1.993408203125;1.973876953125;1.959228515625;1.9970703125;2.025146484375;2.02880859375;2.027587890625;2.025146484375;2.008056640625;1.976318359375;1.962890625;1.96533203125;1.9775390625;1.990966796875;1.983642578125;1.97509765625;1.978759765625;1.998291015625;2.020263671875;2.025146484375
2024-08-29 15:29:08.866775;2.012939453125;1.98486328125;1.966552734375;1.959228515625;1.97998046875;1.995849609375;1.988525390625;1.961669921875;1.966552734375;1.9921875;2.01416015625;2.022705078125;2.020263671875;2.020263671875;1.998291015625;1.96533203125;1.9580078125;1.97998046875;1.98974609375;1.986083984375;1.990966796875;1.99462890625;1.998291015625;2.00439453125;2.005615234375;2.017822265625;2.0166015625;1.9921875;1.959228515625;1.944580078125;2.001953125;1.97509765625;1.961669921875;1.971435546875;2.008056640625;2.015380859375;1.986083984375;1.968994140625;1.956787109375;1.968994140625;2.00439453125;2.02880859375;1.98974609375;1.97021484375;1.97509765625;1.993408203125;2.010498046875;2.010498046875;1.998291015625;1.98486328125;1.9873046875;2.003173828125;2.025146484375;2.025146484375;1.993408203125;1.962890625;1.954345703125;1.988525390625;2.00439453125;1.98974609375;1.983642578125;1.97509765625;1.966552734375;1.97998046875;2.022705078125;2.0361328125;1.990966796875;1.961669921875;1.964111328125;1.97998046875;2.001953125;1.99951171875;1.9873046875;1.976318359375;1.961669921875;1.97265625;1.995849609375;2.03857421875;2.0556640625;2.027587890625;1.97998046875;1.951904296875;1.99951171875;2.03369140625;2.017822265625;1.988525390625;1.97509765625;1.9677734375;1.973876953125;2.00439453125;2.03369140625;2.015380859375;1.966552734375;1.953125;1.962890625;1.9873046875;2.008056640625;2.017822265625;2.0068359375;1.986083984375
2024-08-29 15:29:08.928414;1.968994140625;1.983642578125;2.020263671875;2.0458984375;2.027587890625;2.00439453125;1.981201171875;1.962890625;1.998291015625;2.020263671875;1.995849609375;1.986083984375;1.978759765625;1.968994140625;1.998291015625;2.059326171875;2.06298828125;2.021484375;1.962890625;1.937255859375;1.943359375;1.966552734375;1.982421875;1.990966796875;1.993408203125;1.98974609375;1.988525390625;2.000732421875;2.039794921875;2.03369140625;1.9921875;2.03857421875;2.039794921875;1.9775390625;1.986083984375;1.951904296875;1.94580078125;1.9873046875;2.00439453125;2.005615234375;1.986083984375;1.976318359375;1.998291015625;2.047119140625;2.060546875;2.017822265625;1.968994140625;1.9384765625;1.944580078125;1.976318359375;1.99951171875;2.001953125;1.993408203125;1.995849609375;2.015380859375;2.052001953125;2.01904296875;1.981201171875;1.95556640625;1.929931640625;1.97998046875;1.993408203125;1.983642578125;1.990966796875;1.978759765625;1.9775390625;1.9970703125;2.02880859375;2.039794921875;1.9970703125;1.947021484375;1.9384765625;1.959228515625;1.995849609375;2.01904296875;2.017822265625;2.0068359375;1.983642578125;1.97021484375;1.9921875;2.041015625;2.05322265625;2.015380859375;1.97265625;1.9287109375;1.97021484375;2.0068359375;2.008056640625;1.99462890625;1.9775390625;1.97265625;1.9873046875;2.022705078125;2.061767578125;2.049560546875;2.00439453125;1.947021484375;1.929931640625;1.9482421875;1.973876953125
2024-08-29 15:29:08.974789;1.998291015625;2.00439453125;1.998291015625;1.988525390625;1.97509765625;1.988525390625;2.0263671875;2.03369140625;2.00439453125;1.962890625;1.934814453125;1.97021484375;2.01171875;2.000732421875;1.988525390625;1.9873046875;1.986083984375;1.998291015625;2.021484375;2.044677734375;2.017822265625;1.961669921875;1.939697265625;1.97509765625;1.993408203125;2.00439453125;2.01171875;2.008056640625;1.998291015625;1.9921875;1.9677734375;1.962890625;1.978759765625;2.012939453125;2.02880859375;2.05322265625;2.034912109375;1.981201171875;1.9580078125;1.990966796875;2.0263671875;2.027587890625;1.9775390625;1.964111328125;1.988525390625;2.022705078125;2.025146484375;2.020263671875;1.983642578125;1.94091796875;1.949462890625;1.978759765625;1.995849609375;1.983642578125;1.966552734375;1.961669921875;1.990966796875;2.01904296875;2.027587890625;2.0361328125;2.00439453125;1.966552734375;1.97021484375;2.010498046875;2.0361328125;2.001953125;1.956787109375;1.959228515625;1.983642578125;2.012939453125;2.030029296875;2.042236328125;2.01904296875;1.964111328125;1.943359375;1.961669921875;1.986083984375;1.988525390625;1.986083984375;1.981201171875;1.97509765625;1.976318359375;1.990966796875;2.012939453125;2.037353515625;2.032470703125;1.99462890625;1.959228515625;1.956787109375;1.99462890625;2.00439453125;1.978759765625;1.96533203125;1.9677734375;1.993408203125;2.022705078125;2.03369140625;2.0361328125;1.9970703125;1.9482421875
2024-08-29 15:29:08.974789;1.944580078125;1.97021484375;1.986083984375;1.9873046875;1.986083984375;1.98974609375;1.993408203125;2.005615234375;2.025146484375;2.04345703125;2.034912109375;2.00439453125;1.981201171875;1.96044921875;1.968994140625;1.99951171875;1.988525390625;1.966552734375;1.97021484375;1.981201171875;2.005615234375;2.021484375;2.032470703125;2.0361328125;2.00439453125;1.96533203125;1.95556640625;1.9677734375;1.97998046875;1.9873046875;1.9677734375;2.001953125;2.01904296875;2.01904296875;2.01171875;2.00439453125;1.9970703125;2.005615234375;2.021484375;1.981201171875;1.96044921875;1.953125;1.956787109375;1.993408203125;2.001953125;1.9970703125;1.982421875;1.986083984375;2.015380859375;2.04345703125;2.034912109375;1.998291015625;1.947021484375;1.9287109375;1.96044921875;2.00439453125;2.025146484375;2.01416015625;2.000732421875;1.98974609375;2.008056640625;2.0361328125;2.003173828125;1.966552734375;1.96533203125;1.9384765625;1.9580078125;1.998291015625;2.0068359375;1.99462890625;1.97998046875;1.97998046875;1.9970703125;2.021484375;2.034912109375;2.02392578125;1.9873046875;1.947021484375;1.947021484375;1.981201171875;2.00927734375;2.01171875;2.010498046875;2.000732421875;1.98486328125;1.9873046875;2.00927734375;2.027587890625;1.998291015625;1.97021484375;1.943359375;1.93603515625;1.971435546875;1.990966796875;1.982421875;1.98974609375;1.993408203125;1.9970703125;2.0068359375;2.0263671875
2024-08-29 15:29:09.005087;2.000732421875;2.022705078125;2.025146484375;2.015380859375;1.9970703125;1.968994140625;1.953125;1.978759765625;1.9970703125;1.99951171875;1.98486328125;1.97265625;1.973876953125;1.982421875;1.998291015625;2.01171875;2.02392578125;2.00927734375;1.973876953125;1.954345703125;1.97998046875;2.010498046875;2.01171875;1.982421875;1.97021484375;1.983642578125;2.000732421875;2.01416015625;2.01904296875;2.030029296875;1.9970703125;2.030029296875;2.042236328125;2.0068359375;1.9580078125;1.95556640625;1.981201171875;2.003173828125;2.012939453125;2.01416015625;2.003173828125;1.9921875;1.998291015625;2.008056640625;2.008056640625;1.981201171875;1.956787109375;1.959228515625;1.995849609375;2.010498046875;1.993408203125;1.982421875;1.99462890625;1.995849609375;2.015380859375;2.021484375;2.01904296875;1.993408203125;1.95556640625;1.96044921875;1.97998046875;1.9921875;1.97265625;1.97998046875;2.008056640625;2.025146484375;2.027587890625;2.034912109375;2.021484375;1.981201171875;1.966552734375;1.96044921875;1.973876953125;1.998291015625;2.001953125;1.982421875;1.982421875;1.9873046875;1.9970703125;2.0166015625;2.015380859375;2.012939453125;1.99462890625;1.97021484375;1.95068359375;1.959228515625;1.982421875;1.993408203125;1.995849609375;1.9970703125;2.001953125;2.015380859375;2.01416015625;2.017822265625;2.00439453125;1.964111328125;1.959228515625;1.96533203125;1.981201171875;2.00439453125
2024-08-29 15:29:09.020270;1.9970703125;1.990966796875;2.003173828125;2.005615234375;2.010498046875;2.017822265625;2.012939453125;1.998291015625;1.983642578125;1.9677734375;1.964111328125;1.973876953125;1.98974609375;1.9873046875;1.993408203125;1.99951171875;2.010498046875;2.01171875;2.017822265625;2.0166015625;1.983642578125;1.949462890625;1.962890625;1.973876953125;1.993408203125;1.9970703125;1.97998046875;1.981201171875;2.001953125;2.01416015625;1.986083984375;1.97509765625;1.9970703125;2.022705078125;2.032470703125;2.025146484375;2.000732421875;1.954345703125;1.943359375;1.97998046875;2.015380859375;1.981201171875;1.9140625;1.9384765625;1.99951171875;2.041015625;2.0458984375;2.041015625;2.005615234375;1.9677734375;1.949462890625;1.97021484375;1.99951171875;1.993408203125;1.978759765625;1.9921875;2.01904296875;2.04345703125;2.041015625;2.02392578125;1.97509765625;1.947021484375;1.954345703125;1.98974609375;2.020263671875;1.962890625;1.925048828125;1.953125;2.003173828125;2.039794921875;2.05078125;2.04345703125;2.022705078125;1.98486328125;1.961669921875;1.96044921875;1.971435546875;1.9921875;1.98974609375;1.981201171875;1.9970703125;1.998291015625;2.010498046875;2.020263671875;2.020263671875;2.00439453125;1.973876953125;1.942138671875;1.94580078125;1.959228515625;1.96044921875;1.956787109375;1.973876953125;1.990966796875;2.025146484375;2.041015625;2.044677734375;2.032470703125;1.99951171875;1.976318359375
2024-08-29 15:29:09.068046;1.9677734375;1.96533203125;1.98974609375;1.9921875;1.97998046875;1.988525390625;1.99462890625;2.00439453125;2.015380859375;2.015380859375;2.01904296875;2.012939453125;1.97998046875;1.959228515625;1.959228515625;1.973876953125;1.982421875;1.9677734375;1.97998046875;2.010498046875;2.02880859375;2.03369140625;2.0263671875;2.008056640625;1.981201171875;1.968994140625;1.96533203125;1.976318359375;1.9921875;1.995849609375;1.956787109375;1.982421875;1.99462890625;1.981201171875;1.990966796875;1.99462890625;2.010498046875;2.021484375;2.020263671875;2.015380859375;1.978759765625;1.949462890625;1.9580078125;1.982421875;1.966552734375;1.96044921875;1.995849609375;2.02392578125;2.03857421875;2.0361328125;2.00439453125;1.9677734375;1.96533203125;1.981201171875;1.99462890625;2.015380859375;2.010498046875;2.000732421875;1.9970703125;1.995849609375;2.027587890625;2.03369140625;2.008056640625;1.982421875;1.964111328125;1.943359375;1.959228515625;1.9775390625;1.976318359375;1.988525390625;1.998291015625;2.003173828125;2.020263671875;2.032470703125;2.025146484375;1.99462890625;1.95556640625;1.962890625;1.968994140625;1.982421875;2.001953125;2.003173828125;1.99951171875;2.000732421875;1.998291015625;2.008056640625;2.025146484375;2.027587890625;2.015380859375;1.983642578125;1.953125;1.96044921875;1.9775390625;1.993408203125;1.98974609375;1.968994140625;1.9775390625;1.995849609375;2.0068359375;2.0166015625
2024-08-29 15:29:09.083821;2.0166015625;1.993408203125;1.962890625;1.95068359375;1.97021484375;1.9873046875;1.9970703125;1.993408203125;1.98974609375;1.98486328125;1.982421875;2.000732421875;2.0263671875;2.030029296875;2.008056640625;1.97998046875;1.9677734375;1.976318359375;1.981201171875;1.990966796875;1.97265625;1.9677734375;1.9873046875;2.000732421875;2.01416015625;2.02880859375;2.012939453125;1.98974609375;1.961669921875;1.9580078125;2.015380859375;1.981201171875;1.9580078125;1.962890625;1.982421875;2.0068359375;1.986083984375;1.964111328125;1.954345703125;1.982421875;2.041015625;2.05322265625;2.021484375;1.973876953125;1.968994140625;1.9921875;2.00927734375;2.0068359375;1.988525390625;1.982421875;1.978759765625;1.993408203125;2.017822265625;2.022705078125;1.9970703125;1.961669921875;1.959228515625;1.976318359375;1.995849609375;2.005615234375;1.97998046875;1.968994140625;1.9677734375;1.993408203125;2.03369140625;2.0361328125;2.00439453125;1.966552734375;1.968994140625;1.9873046875;2.003173828125;2.01171875;2.000732421875;1.988525390625;1.978759765625;1.9775390625;1.99462890625;2.0068359375;2.008056640625;1.98974609375;1.959228515625;1.964111328125;1.986083984375;1.998291015625;2.0068359375;2.000732421875;1.98486328125;1.978759765625;1.990966796875;2.02392578125;2.041015625;2.032470703125;1.993408203125;1.976318359375;1.993408203125;1.998291015625;2.00439453125;1.998291015625;1.98486328125;1.9775390625
2024-08-29 15:29:09.130135;1.993408203125;1.993408203125;1.973876953125;1.986083984375;2.00927734375;2.020263671875;2.0263671875;2.021484375;1.998291015625;1.96533203125;1.964111328125;1.964111328125;1.98486328125;2.003173828125;1.99462890625;1.98974609375;1.98486328125;1.983642578125;2.0068359375;2.03125;2.025146484375;1.9970703125;1.97265625;1.953125;1.961669921875;1.982421875;1.9921875;1.971435546875;1.97998046875;2.00439453125;2.027587890625;2.015380859375;1.97265625;1.976318359375;2.00927734375;2.025146484375;2.01416015625;1.983642578125;1.9677734375;1.962890625;1.9677734375;1.9921875;2.003173828125;1.97509765625;1.973876953125;2.00927734375;2.041015625;2.03125;2.0166015625;2.001953125;1.981201171875;1.959228515625;1.973876953125;2.021484375;2.022705078125;1.9775390625;1.96533203125;1.9970703125;2.027587890625;2.0361328125;2.00927734375;1.978759765625;1.966552734375;1.95556640625;1.96533203125;1.99951171875;2.010498046875;1.982421875;1.947021484375;1.971435546875;2.02880859375;2.05322265625;2.037353515625;2.02392578125;1.99462890625;1.962890625;1.94580078125;1.959228515625;1.9921875;2.001953125;1.9775390625;1.9677734375;1.9873046875;2.01416015625;2.03857421875;2.039794921875;1.998291015625;1.97021484375;1.981201171875;1.97509765625;1.9775390625;2.005615234375;1.99951171875;1.966552734375;1.98486328125;2.022705078125;2.039794921875;2.030029296875;2.01904296875;2.02880859375
2024-08-29 15:29:09.161308;2.00927734375;1.961669921875;1.94580078125;1.956787109375;1.973876953125;1.9873046875;1.9970703125;2.003173828125;2.017822265625;2.027587890625;2.0361328125;2.01416015625;1.959228515625;1.95068359375;1.983642578125;1.966552734375;1.962890625;1.990966796875;1.97509765625;1.966552734375;1.990966796875;2.02880859375;2.041015625;2.027587890625;2.0263671875;2.02880859375;1.97998046875;1.932373046875;1.939697265625;1.966552734375;1.978759765625;1.981201171875;1.9921875;1.998291015625;2.0068359375;2.00439453125;1.998291015625;2.012939453125;2.01171875;1.983642578125;1.95068359375;1.92138671875;1.954345703125;1.978759765625;1.983642578125;1.96533203125;1.98486328125;2.015380859375;2.008056640625;2.008056640625;2.010498046875;2.000732421875;2.01171875;1.99462890625;1.97021484375;1.973876953125;1.9970703125;2.021484375;2.020263671875;2.01171875;1.9873046875;1.976318359375;1.988525390625;1.993408203125;1.971435546875;1.9482421875;1.9482421875;1.981201171875;1.9970703125;1.9921875;1.998291015625;1.9970703125;1.986083984375;2.003173828125;2.022705078125;2.021484375;2.008056640625;1.981201171875;1.951904296875;1.9384765625;1.95556640625;1.98974609375;2.021484375;2.030029296875;2.00927734375;1.990966796875;1.986083984375;1.99462890625;2.01416015625;2.00439453125;1.971435546875;1.953125;1.95556640625;1.9873046875;1.998291015625;1.993408203125;1.9873046875;1.98486328125;1.976318359375;1.9873046875
2024-08-29 15:29:09.203702;2.01904296875;2.030029296875;2.00927734375;1.9775390625;1.953125;1.94580078125;1.97509765625;2.00439453125;2.022705078125;2.034912109375;2.020263671875;2.003173828125;1.995849609375;1.998291015625;2.01171875;2.001953125;1.96044921875;1.93359375;1.953125;1.998291015625;2.010498046875;1.9970703125;1.978759765625;1.966552734375;1.96044921875;1.98974609375;2.03125;2.039794921875;2.021484375;1.986083984375;2.02880859375;2.022705078125;1.971435546875;1.927490234375;1.959228515625;2.000732421875;2.00927734375;2.00439453125;2.001953125;1.993408203125;1.982421875;1.983642578125;2.0263671875;2.0458984375;2.00439453125;1.94580078125;1.964111328125;2.015380859375;2.008056640625;1.97998046875;1.973876953125;1.9580078125;1.97265625;2.01171875;2.044677734375;2.01416015625;1.942138671875;1.92626953125;1.956787109375;1.978759765625;2.000732421875;2.00927734375;2.008056640625;1.99462890625;1.98486328125;1.9921875;2.039794921875;2.049560546875;2.017822265625;1.961669921875;1.943359375;2.005615234375;2.01904296875;1.9970703125;1.982421875;1.9677734375;1.956787109375;1.964111328125;2.001953125;2.03857421875;2.012939453125;1.949462890625;1.943359375;1.971435546875;2.003173828125;2.01416015625;2.003173828125;2.00439453125;1.988525390625;1.9775390625;1.9873046875;2.010498046875;2.0458984375;2.027587890625;1.995849609375;1.966552734375;1.96044921875;1.9921875;2.01416015625;1.98974609375
2024-08-29 15:29:09.204353;1.971435546875;1.966552734375;1.966552734375;2.010498046875;2.06298828125;2.05810546875;2.012939453125;1.962890625;1.951904296875;1.981201171875;2.010498046875;2.012939453125;2.003173828125;2.001953125;1.9921875;1.97998046875;1.998291015625;2.025146484375;2.02392578125;1.993408203125;1.966552734375;1.947021484375;1.964111328125;1.988525390625;1.99951171875;1.97998046875;1.96533203125;1.96044921875;1.973876953125;2.02880859375;1.988525390625;1.99951171875;2.0556640625;2.0458984375;1.99462890625;1.99462890625;1.976318359375;1.9482421875;1.951904296875;1.982421875;1.9970703125;1.982421875;1.993408203125;2.015380859375;2.027587890625;2.03369140625;1.9921875;1.964111328125;1.966552734375;1.95068359375;1.973876953125;1.98974609375;1.990966796875;1.99462890625;1.981201171875;2.00439453125;2.047119140625;2.042236328125;2.001953125;1.953125;1.939697265625;1.956787109375;1.98974609375;2.01416015625;2.021484375;2.0166015625;2.00439453125;1.99951171875;2.003173828125;2.012939453125;2.008056640625;1.9775390625;1.96533203125;1.959228515625;1.97021484375;2.001953125;2.010498046875;1.995849609375;2.000732421875;1.99462890625;2.008056640625;2.03369140625;2.03125;2.008056640625;1.983642578125;1.968994140625;1.9580078125;1.966552734375;1.986083984375;2.001953125;1.998291015625;1.9970703125;1.995849609375;2.003173828125;2.00927734375;2.01904296875;1.99462890625;1.961669921875;1.96044921875;1.968994140625
2024-08-29 15:29:09.255185;1.993408203125;2.008056640625;1.99462890625;1.98974609375;2.003173828125;2.012939453125;2.021484375;2.02880859375;2.01904296875;1.99951171875;1.983642578125;1.97021484375;1.96044921875;1.9677734375;1.990966796875;2.001953125;1.998291015625;1.995849609375;2.000732421875;2.005615234375;2.001953125;1.99951171875;1.976318359375;1.951904296875;1.96044921875;1.983642578125;1.9970703125;1.98974609375;1.9775390625;1.982421875;2.008056640625;2.00927734375;1.9580078125;1.942138671875;1.982421875;2.030029296875;2.054443359375;2.049560546875;1.986083984375;1.9384765625;1.949462890625;1.978759765625;1.993408203125;1.981201171875;1.97021484375;1.9775390625;1.9921875;2.021484375;2.052001953125;2.041015625;2.003173828125;1.97021484375;1.956787109375;1.978759765625;2.015380859375;2.000732421875;1.949462890625;1.949462890625;1.993408203125;2.034912109375;2.047119140625;2.0263671875;1.982421875;1.942138671875;1.93603515625;1.964111328125;2.000732421875;2.003173828125;1.990966796875;1.98486328125;1.990966796875;2.012939453125;2.032470703125;2.03857421875;2.01171875;1.97998046875;1.966552734375;1.96533203125;1.990966796875;2.027587890625;2.0263671875;1.962890625;1.94091796875;1.966552734375;2.017822265625;2.049560546875;2.04833984375;2.021484375;1.97021484375;1.937255859375;1.9384765625;1.959228515625;1.978759765625;1.97998046875;1.97021484375;1.968994140625;1.98974609375;2.021484375;2.05322265625;2.052001953125
2024-08-29 15:29:09.285741;2.0166015625;1.99951171875;1.962890625;1.951904296875;1.978759765625;1.986083984375;1.9580078125;1.968994140625;1.98974609375;2.0068359375;2.021484375;2.025146484375;2.0263671875;2.02392578125;1.983642578125;1.95068359375;1.956787109375;1.973876953125;1.986083984375;1.98486328125;1.983642578125;1.98486328125;2.000732421875;2.022705078125;2.04345703125;2.03369140625;1.993408203125;1.97998046875;1.964111328125;1.97021484375;1.95556640625;1.9580078125;1.982421875;1.998291015625;1.981201171875;1.9775390625;1.988525390625;1.993408203125;2.01416015625;2.0263671875;2.0166015625;1.988525390625;1.956787109375;1.9677734375;1.98486328125;1.988525390625;1.9921875;1.995849609375;2.001953125;2.000732421875;2.008056640625;2.020263671875;2.001953125;1.968994140625;1.95068359375;1.961669921875;1.998291015625;2.0068359375;1.981201171875;1.9775390625;1.97998046875;1.9921875;2.039794921875;2.049560546875;2.020263671875;1.97021484375;1.944580078125;1.951904296875;1.981201171875;2.000732421875;2.012939453125;2.00927734375;1.9970703125;1.98974609375;1.9921875;1.998291015625;2.010498046875;1.998291015625;1.973876953125;1.95556640625;1.951904296875;1.981201171875;2.000732421875;1.983642578125;1.97509765625;1.973876953125;1.971435546875;1.998291015625;2.05078125;2.05810546875;2.02392578125;1.97265625;1.949462890625;1.961669921875;1.986083984375;1.99951171875;2.00927734375;2.000732421875;1.995849609375;1.97998046875
2024-08-29 15:29:09.301210;1.981201171875;2.000732421875;2.01416015625;1.995849609375;1.968994140625;1.9482421875;1.9482421875;1.981201171875;2.0068359375;1.99462890625;1.97509765625;1.9677734375;1.96533203125;2.003173828125;2.052001953125;2.0458984375;2.001953125;1.964111328125;1.961669921875;1.98486328125;2.00439453125;2.008056640625;2.010498046875;2.005615234375;1.995849609375;1.9873046875;1.998291015625;2.027587890625;2.02880859375;2.00439453125;2.01416015625;2.020263671875;1.990966796875;1.959228515625;1.964111328125;1.995849609375;2.008056640625;2.000732421875;1.9873046875;1.978759765625;1.973876953125;2.001953125;2.020263671875;2.008056640625;1.97021484375;1.966552734375;1.9775390625;1.99462890625;2.008056640625;1.990966796875;1.981201171875;2.000732421875;2.010498046875;2.022705078125;2.020263671875;2.012939453125;1.9775390625;1.954345703125;1.982421875;2.012939453125;2.01904296875;2.000732421875;1.98974609375;1.973876953125;1.97998046875;2.021484375;2.03369140625;2.020263671875;1.986083984375;1.953125;1.962890625;1.973876953125;1.97998046875;1.9873046875;1.983642578125;1.98486328125;1.993408203125;2.001953125;2.01416015625;2.020263671875;2.020263671875;1.9873046875;1.961669921875;1.97509765625;2.008056640625;2.01904296875;2.008056640625;1.9921875;1.986083984375;1.981201171875;2.000732421875;2.01171875;2.008056640625;1.995849609375;1.9677734375;1.943359375;1.929931640625;1.944580078125;1.968994140625;2.0068359375
2024-08-29 15:29:09.347956;1.9970703125;1.983642578125;1.9921875;2.0068359375;2.0361328125;2.07275390625;2.047119140625;2.01171875;1.973876953125;1.94091796875;1.9775390625;2.010498046875;2.017822265625;1.986083984375;1.962890625;1.968994140625;1.99462890625;2.02880859375;2.059326171875;2.04345703125;2.00439453125;1.9580078125;1.93603515625;1.95068359375;1.986083984375;1.99951171875;1.98974609375;1.981201171875;1.9873046875;2.01416015625;1.942138671875;1.96044921875;2.012939453125;2.041015625;2.064208984375;2.042236328125;2.000732421875;1.961669921875;1.981201171875;2.0361328125;2.059326171875;1.97998046875;1.91650390625;1.932373046875;1.9873046875;2.0263671875;2.042236328125;2.0068359375;1.962890625;1.953125;1.97265625;1.99462890625;2.003173828125;1.982421875;1.953125;1.966552734375;2.005615234375;2.0361328125;2.073974609375;2.03369140625;1.96044921875;1.971435546875;2.00927734375;2.041015625;2.04345703125;1.976318359375;1.912841796875;1.922607421875;1.971435546875;1.9921875;2.0068359375;2.000732421875;1.9677734375;1.956787109375;1.97021484375;1.99951171875;2.02392578125;2.008056640625;1.993408203125;1.983642578125;1.983642578125;1.99951171875;2.015380859375;2.0556640625;2.0556640625;1.995849609375;1.9482421875;1.976318359375;2.020263671875;2.049560546875;2.017822265625;1.922607421875;1.888427734375;1.917724609375;1.986083984375;2.044677734375;2.066650390625;2.0458984375;1.98974609375;1.944580078125
2024-08-29 15:29:09.378648;2.041015625;1.976318359375;1.93359375;1.934814453125;1.962890625;1.983642578125;2.020263671875;2.0263671875;2.01171875;1.99462890625;2.008056640625;2.037353515625;2.039794921875;1.998291015625;1.966552734375;1.9677734375;1.95556640625;1.97509765625;2.0068359375;1.98486328125;1.929931640625;1.937255859375;1.993408203125;2.044677734375;2.064208984375;2.0556640625;2.02880859375;1.981201171875;1.94091796875;1.934814453125;2.005615234375;1.97998046875;1.94091796875;1.94580078125;1.968994140625;1.9873046875;1.986083984375;1.990966796875;2.027587890625;2.05322265625;2.000732421875;1.95068359375;1.937255859375;2.000732421875;1.97265625;1.964111328125;1.993408203125;1.966552734375;1.9677734375;1.9970703125;2.039794921875;2.05810546875;2.02880859375;1.998291015625;1.9921875;1.99951171875;1.986083984375;1.98974609375;2.001953125;1.99951171875;1.986083984375;1.99951171875;2.02880859375;2.021484375;1.96044921875;1.927490234375;1.93359375;1.98974609375;1.954345703125;1.953125;1.986083984375;1.981201171875;1.959228515625;1.976318359375;1.9970703125;2.030029296875;2.066650390625;2.060546875;2.03125;1.990966796875;1.942138671875;1.929931640625;1.959228515625;1.98974609375;1.99462890625;1.993408203125;1.9970703125;2.010498046875;2.0361328125;2.0654296875;2.037353515625;1.986083984375;1.976318359375;1.939697265625;1.953125;1.993408203125;2.01171875;1.98486328125;1.9677734375;1.973876953125
2024-08-29 15:29:09.409842;1.98486328125;2.015380859375;2.04345703125;2.0361328125;1.99951171875;1.9580078125;1.93359375;1.942138671875;1.982421875;2.01171875;2.003173828125;1.9873046875;1.978759765625;1.9970703125;2.020263671875;2.041015625;2.027587890625;1.9873046875;1.96044921875;1.973876953125;1.99462890625;2.015380859375;2.003173828125;1.990966796875;1.993408203125;1.9970703125;2.0068359375;2.01171875;2.00927734375;1.98974609375;2.01904296875;2.060546875;2.060546875;2.030029296875;1.97509765625;1.932373046875;1.944580078125;1.9775390625;1.993408203125;1.9873046875;1.990966796875;1.9921875;2.01416015625;2.061767578125;2.021484375;1.982421875;1.966552734375;1.947021484375;1.988525390625;2.00927734375;2.005615234375;1.98486328125;1.97998046875;1.995849609375;2.00439453125;2.00927734375;1.993408203125;1.953125;1.937255859375;1.956787109375;1.978759765625;2.000732421875;1.978759765625;1.976318359375;1.99462890625;2.0166015625;2.030029296875;2.037353515625;2.027587890625;1.982421875;1.953125;1.97509765625;2.005615234375;2.0166015625;2.005615234375;1.986083984375;1.98486328125;1.98974609375;2.000732421875;2.010498046875;2.012939453125;1.993408203125;1.966552734375;1.9580078125;1.96533203125;1.982421875;1.998291015625;1.99462890625;1.951904296875;1.9580078125;1.993408203125;2.0166015625;2.030029296875;2.02880859375;2.0166015625;1.978759765625;1.962890625;1.982421875;2.010498046875;2.0068359375
2024-08-29 15:29:09.520113;1.953125;1.964111328125;2.01171875;2.037353515625;1.983642578125;1.929931640625;1.949462890625;1.9970703125;2.03857421875;2.056884765625;2.041015625;2.001953125;1.96533203125;1.934814453125;1.947021484375;1.973876953125;1.9970703125;1.9970703125;1.97998046875;1.97998046875;2.00927734375;2.044677734375;2.04833984375;2.000732421875;1.981201171875;1.973876953125;1.9482421875;1.9677734375;2.015380859375;2.0263671875;1.986083984375;2.02392578125;2.01904296875;1.96044921875;1.968994140625;2.005615234375;2.032470703125;2.0361328125;2.0263671875;1.951904296875;1.934814453125;1.966552734375;2.001953125;1.97265625;1.943359375;1.961669921875;1.956787109375;1.998291015625;2.02880859375;2.044677734375;2.06298828125;2.015380859375;1.966552734375;1.97021484375;2.00927734375;2.030029296875;1.99951171875;1.964111328125;1.983642578125;2.021484375;2.02392578125;2.01171875;1.97998046875;1.922607421875;1.92138671875;1.961669921875;2.01171875;2.00439453125;1.9384765625;1.9384765625;1.94580078125;1.97509765625;2.0166015625;2.03857421875;2.0751953125;2.05810546875;1.998291015625;1.942138671875;1.953125;1.9970703125;2.03125;2.001953125;1.96533203125;1.981201171875;2.000732421875;2.012939453125;2.01416015625;2.025146484375;2.015380859375;1.96533203125;1.9287109375;1.939697265625;1.966552734375;1.953125;1.943359375;1.96044921875;1.97998046875;2.015380859375;2.04833984375;2.064208984375
2024-08-29 15:29:09.552007;2.02392578125;2.020263671875;1.99951171875;1.982421875;1.97998046875;2.001953125;2.0166015625;1.99951171875;1.961669921875;1.947021484375;1.9482421875;1.986083984375;2.005615234375;1.988525390625;1.9873046875;1.99462890625;1.9921875;2.0166015625;2.054443359375;2.05322265625;2.010498046875;1.959228515625;1.944580078125;1.959228515625;1.983642578125;2.008056640625;2.0166015625;2.005615234375;1.995849609375;1.986083984375;2.005615234375;1.995849609375;1.99462890625;2.012939453125;2.02392578125;2.01904296875;1.981201171875;1.95556640625;1.9580078125;1.98486328125;2.005615234375;1.99951171875;1.9921875;1.986083984375;1.983642578125;2.001953125;2.020263671875;2.02392578125;1.99951171875;1.964111328125;1.949462890625;1.96533203125;1.97998046875;1.96044921875;1.968994140625;1.9921875;2.025146484375;2.032470703125;2.0361328125;2.022705078125;1.98974609375;1.968994140625;1.96044921875;1.978759765625;1.99462890625;1.98486328125;1.98974609375;1.998291015625;1.9970703125;2.01416015625;2.02880859375;2.02880859375;2.01904296875;1.99462890625;1.962890625;1.951904296875;1.968994140625;1.978759765625;1.9580078125;1.97021484375;1.995849609375;2.025146484375;2.042236328125;2.041015625;2.022705078125;1.983642578125;1.953125;1.9677734375;1.971435546875;1.9873046875;1.98486328125;1.971435546875;1.983642578125;2.000732421875;2.012939453125;2.027587890625;2.0263671875;2.020263671875;2.015380859375;1.9921875
2024-08-29 15:29:09.582766;1.961669921875;1.95556640625;1.9775390625;1.995849609375;1.97998046875;1.988525390625;2.00927734375;2.030029296875;2.034912109375;2.025146484375;2.000732421875;1.966552734375;1.954345703125;1.97509765625;1.988525390625;1.9970703125;1.983642578125;1.983642578125;1.998291015625;2.00439453125;2.010498046875;2.01416015625;2.00927734375;1.99951171875;1.9921875;1.97509765625;1.949462890625;1.95556640625;1.982421875;1.9775390625;1.959228515625;2.001953125;2.02392578125;1.993408203125;1.976318359375;1.986083984375;2.01416015625;2.03369140625;2.02392578125;1.98974609375;1.968994140625;1.96044921875;1.97265625;1.982421875;1.976318359375;1.96533203125;1.9873046875;2.008056640625;2.030029296875;2.0263671875;2.0166015625;2.00439453125;1.97509765625;1.951904296875;1.9677734375;2.001953125;1.98486328125;1.966552734375;1.988525390625;2.02392578125;2.03857421875;2.042236328125;2.020263671875;1.982421875;1.966552734375;1.956787109375;1.96044921875;1.9775390625;1.982421875;1.96044921875;1.971435546875;1.998291015625;2.021484375;2.030029296875;2.025146484375;2.027587890625;1.9970703125;1.949462890625;1.94580078125;1.97021484375;2.00927734375;2.01416015625;1.99462890625;1.9970703125;2.010498046875;2.0166015625;2.015380859375;2.008056640625;1.990966796875;1.961669921875;1.953125;1.968994140625;1.98974609375;1.9921875;1.978759765625;1.9775390625;1.998291015625;2.00439453125;2.015380859375;2.030029296875
2024-08-29 15:29:09.597987;2.021484375;1.9970703125;1.973876953125;1.954345703125;1.95556640625;1.978759765625;2.000732421875;2.010498046875;2.001953125;1.9921875;1.988525390625;1.9970703125;2.00439453125;2.00439453125;1.97998046875;1.9580078125;1.95556640625;1.971435546875;2.000732421875;2.0068359375;1.986083984375;1.986083984375;2.005615234375;2.012939453125;2.017822265625;2.025146484375;2.015380859375;1.993408203125;1.968994140625;1.951904296875;2.012939453125;1.981201171875;1.956787109375;1.964111328125;1.981201171875;1.99462890625;1.99951171875;2.005615234375;2.003173828125;2.000732421875;2.00927734375;2.015380859375;1.97998046875;1.9580078125;1.947021484375;1.976318359375;2.00439453125;1.99462890625;1.978759765625;1.982421875;1.981201171875;2.010498046875;2.041015625;2.015380859375;1.97021484375;1.949462890625;1.96044921875;1.976318359375;1.993408203125;2.015380859375;1.995849609375;1.983642578125;1.986083984375;2.00439453125;2.0263671875;2.03125;1.99951171875;1.971435546875;1.94580078125;1.961669921875;1.995849609375;1.998291015625;1.988525390625;1.982421875;1.97021484375;1.990966796875;2.037353515625;2.056884765625;2.037353515625;1.988525390625;1.947021484375;1.94580078125;1.966552734375;1.995849609375;2.003173828125;2.001953125;1.990966796875;1.978759765625;1.983642578125;2.003173828125;2.025146484375;2.03125;1.998291015625;1.964111328125;1.959228515625;1.981201171875;2.0068359375;2.00439453125;1.978759765625;1.971435546875
2024-08-29 15:29:09.645042;1.96533203125;1.978759765625;2.021484375;2.034912109375;2.012939453125;1.97021484375;1.95068359375;1.97021484375;1.998291015625;2.010498046875;1.998291015625;1.99462890625;1.990966796875;1.982421875;1.993408203125;2.01171875;2.020263671875;2.003173828125;1.97021484375;1.956787109375;1.97265625;1.98486328125;1.995849609375;1.988525390625;1.9580078125;1.953125;1.966552734375;2.015380859375;2.061767578125;2.056884765625;2.001953125;2.049560546875;2.049560546875;2.012939453125;1.97265625;1.968994140625;1.982421875;2.001953125;2.0068359375;1.995849609375;1.986083984375;1.978759765625;1.990966796875;2.010498046875;2.00927734375;1.982421875;1.9580078125;1.966552734375;1.986083984375;1.998291015625;1.998291015625;1.97509765625;1.959228515625;1.982421875;2.02392578125;2.041015625;2.01904296875;1.971435546875;1.95556640625;1.978759765625;2.001953125;2.01416015625;2.000732421875;1.986083984375;1.988525390625;1.9873046875;2.00927734375;2.02392578125;2.020263671875;1.988525390625;1.9580078125;1.954345703125;1.96533203125;1.986083984375;2.001953125;2.000732421875;1.978759765625;1.96533203125;1.978759765625;2.01416015625;2.04345703125;2.032470703125;1.993408203125;1.968994140625;1.981201171875;1.981201171875;1.993408203125;2.00439453125;1.995849609375;1.988525390625;1.9921875;2.0068359375;2.017822265625;2.022705078125;1.9921875;1.968994140625;1.947021484375;1.97509765625;2.00439453125;2.012939453125
2024-08-29 15:29:09.676935;1.97998046875;1.973876953125;1.998291015625;2.008056640625;1.993408203125;1.971435546875;1.978759765625;1.998291015625;2.017822265625;2.025146484375;2.021484375;2.00439453125;1.959228515625;1.929931640625;1.953125;1.988525390625;2.020263671875;1.9775390625;1.934814453125;1.964111328125;2.01416015625;2.042236328125;2.047119140625;2.042236328125;2.02392578125;1.982421875;1.954345703125;1.9482421875;1.97265625;1.99462890625;1.96044921875;1.982421875;1.9921875;1.9921875;1.959228515625;1.9580078125;1.99462890625;2.039794921875;2.052001953125;2.02880859375;1.982421875;1.9580078125;1.9775390625;2.01171875;2.05322265625;2.02392578125;1.95068359375;1.95556640625;1.99462890625;2.015380859375;2.01904296875;1.993408203125;1.962890625;1.953125;1.964111328125;1.9873046875;1.998291015625;1.982421875;1.96044921875;1.966552734375;2.015380859375;2.05322265625;2.0458984375;2.0166015625;1.973876953125;1.95068359375;1.96533203125;2.0068359375;2.01416015625;1.942138671875;1.912841796875;1.944580078125;1.99951171875;2.025146484375;2.0263671875;2.027587890625;2.01416015625;1.978759765625;1.96533203125;1.97021484375;1.99462890625;2.001953125;1.98486328125;1.968994140625;1.97509765625;2.008056640625;2.041015625;2.047119140625;2.03857421875;2.017822265625;1.983642578125;1.954345703125;1.949462890625;1.9775390625;2.0068359375;2.000732421875;1.97998046875;1.97998046875;2.005615234375;2.0263671875
2024-08-29 15:29:09.708829;2.025146484375;2.00439453125;1.973876953125;1.973876953125;1.976318359375;1.986083984375;1.983642578125;1.97998046875;1.9677734375;1.9873046875;2.017822265625;2.025146484375;2.020263671875;2.021484375;2.0166015625;2.008056640625;1.97998046875;1.9677734375;1.973876953125;1.99462890625;2.008056640625;2.005615234375;1.99462890625;1.983642578125;1.998291015625;2.01416015625;2.0068359375;1.97021484375;1.934814453125;1.9482421875;2.001953125;1.966552734375;1.959228515625;1.96533203125;1.982421875;2.008056640625;2.000732421875;2.000732421875;1.99951171875;1.99951171875;2.0263671875;2.037353515625;2.01171875;1.97265625;1.951904296875;1.944580078125;1.968994140625;1.993408203125;2.008056640625;1.998291015625;1.99462890625;1.9970703125;2.017822265625;2.037353515625;2.008056640625;1.96533203125;1.964111328125;1.959228515625;1.973876953125;1.986083984375;1.99462890625;1.99462890625;1.978759765625;2.001953125;2.054443359375;2.0703125;2.04833984375;2.008056640625;1.96044921875;1.9287109375;1.94091796875;1.976318359375;1.99951171875;2.00439453125;2.000732421875;1.9873046875;1.993408203125;2.02392578125;2.05078125;2.008056640625;1.968994140625;1.97021484375;1.9384765625;1.93603515625;1.9677734375;1.9873046875;1.99951171875;1.98974609375;1.982421875;2.005615234375;2.0556640625;2.069091796875;2.042236328125;2.00439453125;1.954345703125;1.93115234375;1.944580078125;1.976318359375;1.99951171875;2.0068359375
2024-08-29 15:29:09.739493;1.9970703125;1.98486328125;1.995849609375;2.027587890625;2.044677734375;1.99462890625;1.9775390625;1.953125;1.9140625;1.966552734375;1.998291015625;1.99951171875;1.9873046875;1.9677734375;1.96533203125;1.990966796875;2.030029296875;2.05078125;2.021484375;1.953125;1.922607421875;1.943359375;1.973876953125;1.99462890625;2.012939453125;2.01171875;1.995849609375;1.988525390625;2.000732421875;2.041015625;2.00927734375;2.005615234375;2.008056640625;2.027587890625;2.008056640625;1.95556640625;1.944580078125;2.001953125;2.015380859375;1.9970703125;1.988525390625;1.976318359375;1.978759765625;1.986083984375;1.99462890625;2.0068359375;1.983642578125;1.97265625;1.978759765625;1.99951171875;2.005615234375;1.995849609375;1.99462890625;1.990966796875;1.995849609375;2.001953125;2.0068359375;2.025146484375;1.9970703125;1.949462890625;1.98486328125;2.01171875;2.01171875;2.000732421875;1.988525390625;1.9873046875;1.9970703125;2.01171875;1.99951171875;1.9970703125;1.97998046875;1.947021484375;1.947021484375;1.976318359375;2.003173828125;2.01416015625;2.02392578125;2.008056640625;1.981201171875;1.97021484375;1.978759765625;2.00439453125;2.030029296875;2.01904296875;1.9677734375;1.954345703125;1.988525390625;1.966552734375;1.9775390625;1.993408203125;2.001953125;2.005615234375;2.01416015625;2.01416015625;2.008056640625;2.0068359375;1.986083984375;1.956787109375;1.95556640625;1.982421875
2024-08-29 15:29:09.800442;1.968994140625;1.951904296875;1.973876953125;1.98974609375;2.003173828125;2.0068359375;2.00439453125;1.99951171875;1.993408203125;2.001953125;2.01416015625;2.01171875;1.993408203125;1.96044921875;1.94580078125;1.966552734375;1.99951171875;2.001953125;1.97265625;1.956787109375;1.9775390625;2.00927734375;2.020263671875;2.030029296875;2.03857421875;2.01904296875;1.98486328125;1.973876953125;1.97998046875;1.988525390625;1.94580078125;1.971435546875;2.001953125;2.000732421875;1.97998046875;1.97998046875;1.993408203125;2.00927734375;2.025146484375;2.02880859375;2.010498046875;1.964111328125;1.959228515625;2.000732421875;2.012939453125;2.003173828125;1.976318359375;1.97998046875;1.98974609375;2.012939453125;2.015380859375;2.01416015625;1.993408203125;1.959228515625;1.97509765625;1.9921875;1.998291015625;1.98486328125;1.981201171875;1.986083984375;1.98974609375;1.99951171875;2.0166015625;2.012939453125;1.990966796875;1.959228515625;1.961669921875;1.98974609375;2.0068359375;2.010498046875;1.978759765625;1.971435546875;1.990966796875;1.99462890625;2.001953125;2.0263671875;2.025146484375;1.993408203125;1.964111328125;1.966552734375;1.98974609375;2.000732421875;2.00927734375;2.005615234375;1.995849609375;1.995849609375;1.9873046875;1.995849609375;2.02392578125;2.030029296875;2.000732421875;1.951904296875;1.9384765625;1.983642578125;2.005615234375;1.98974609375;1.971435546875;1.983642578125;1.986083984375;2.001953125
2024-08-29 15:29:09.816199;2.012939453125;2.012939453125;1.99951171875;1.968994140625;1.9482421875;1.968994140625;1.99462890625;2.001953125;1.99951171875;2.012939453125;2.008056640625;1.98974609375;1.981201171875;1.9921875;1.990966796875;1.995849609375;1.97265625;1.937255859375;1.968994140625;2.022705078125;2.037353515625;2.02392578125;2.0068359375;1.993408203125;1.98974609375;1.993408203125;2.001953125;2.021484375;2.008056640625;1.962890625;2.021484375;2.0166015625;1.968994140625;1.9580078125;1.993408203125;2.00927734375;2.008056640625;1.998291015625;1.998291015625;1.988525390625;1.976318359375;1.97998046875;2.00927734375;2.0263671875;1.97998046875;1.927490234375;1.981201171875;2.017822265625;2.00927734375;1.990966796875;1.973876953125;1.959228515625;1.97998046875;2.02880859375;2.04833984375;2.008056640625;1.94091796875;1.9482421875;1.97998046875;1.990966796875;2.00927734375;2.021484375;2.008056640625;1.9921875;1.990966796875;1.988525390625;2.017822265625;2.027587890625;1.9775390625;1.932373046875;1.9873046875;2.021484375;2.010498046875;2.001953125;2.001953125;1.993408203125;1.9921875;2.005615234375;2.00439453125;1.998291015625;1.97021484375;1.947021484375;1.97509765625;2.008056640625;2.01171875;2.015380859375;2.00927734375;1.988525390625;1.966552734375;1.973876953125;2.00927734375;2.010498046875;2.008056640625;1.98486328125;1.94580078125;1.976318359375;2.010498046875;1.9970703125;1.99951171875;2.00439453125
2024-08-29 15:29:09.848006;1.990966796875;1.995849609375;2.01171875;2.02880859375;2.01416015625;1.990966796875;1.9677734375;1.959228515625;1.981201171875;2.00927734375;2.0166015625;2.008056640625;1.9921875;1.97265625;1.9775390625;2.003173828125;2.025146484375;2.010498046875;1.986083984375;1.961669921875;1.961669921875;1.976318359375;1.97021484375;1.976318359375;1.98486328125;1.978759765625;1.964111328125;1.978759765625;2.00927734375;2.049560546875;1.98974609375;2.003173828125;2.01171875;2.008056640625;1.99462890625;1.968994140625;1.96533203125;1.988525390625;2.000732421875;1.99951171875;1.9970703125;2.008056640625;2.0068359375;2.00439453125;2.0166015625;1.99951171875;1.976318359375;1.944580078125;1.947021484375;1.993408203125;1.99462890625;1.993408203125;1.99462890625;1.995849609375;2.0068359375;2.027587890625;2.02880859375;1.99951171875;1.97998046875;1.971435546875;1.983642578125;1.998291015625;2.001953125;1.986083984375;1.978759765625;1.976318359375;1.983642578125;2.008056640625;2.017822265625;1.99951171875;1.9873046875;1.962890625;1.9384765625;1.97265625;2.001953125;1.9970703125;1.995849609375;1.990966796875;1.9921875;1.9970703125;2.021484375;2.017822265625;2.003173828125;1.99951171875;1.9775390625;1.9677734375;1.978759765625;1.9970703125;2.000732421875;1.98486328125;1.983642578125;1.9873046875;1.9970703125;2.022705078125;2.027587890625;2.001953125;1.995849609375;1.968994140625;1.943359375;1.9873046875
2024-08-29 15:29:09.910408;1.97509765625;1.956787109375;1.966552734375;1.9775390625;1.98974609375;1.9775390625;1.964111328125;1.983642578125;2.000732421875;2.01171875;2.021484375;2.01904296875;2.01416015625;2.003173828125;1.97509765625;1.95068359375;1.964111328125;1.990966796875;2.00439453125;1.959228515625;1.951904296875;1.98486328125;2.027587890625;2.04345703125;2.04345703125;2.022705078125;1.990966796875;1.962890625;1.947021484375;1.961669921875;1.9580078125;1.951904296875;1.971435546875;1.978759765625;1.982421875;1.966552734375;1.959228515625;1.982421875;2.017822265625;2.034912109375;2.032470703125;2.01171875;1.964111328125;1.951904296875;1.97998046875;2.001953125;2.003173828125;1.9921875;1.986083984375;1.99462890625;2.010498046875;2.01904296875;2.0068359375;1.97509765625;1.954345703125;1.953125;1.971435546875;1.9970703125;1.9873046875;1.968994140625;1.978759765625;2.012939453125;2.039794921875;2.037353515625;2.017822265625;1.971435546875;1.951904296875;1.971435546875;1.990966796875;2.00927734375;2.042236328125;2.027587890625;1.983642578125;1.971435546875;1.981201171875;2.000732421875;2.00927734375;2.001953125;1.966552734375;1.947021484375;1.973876953125;1.988525390625;1.9970703125;2.0068359375;2.000732421875;1.982421875;1.9873046875;2.0068359375;2.0263671875;2.017822265625;1.99951171875;1.964111328125;1.942138671875;1.943359375;1.96533203125;2.00439453125;2.01904296875;1.97021484375;1.95556640625;1.983642578125
2024-08-29 15:29:09.949278;2.015380859375;2.034912109375;2.027587890625;2.00927734375;1.966552734375;1.96044921875;1.983642578125;1.990966796875;2.0068359375;1.99951171875;1.98486328125;1.99462890625;2.00927734375;2.032470703125;2.039794921875;2.02880859375;1.99951171875;1.961669921875;1.966552734375;1.98486328125;1.9970703125;2.0263671875;1.9775390625;1.93115234375;1.96044921875;2.00439453125;2.0263671875;2.03125;2.02392578125;1.9970703125;2.037353515625;2.052001953125;2.032470703125;1.986083984375;1.959228515625;1.988525390625;2.0166015625;2.027587890625;2.010498046875;1.971435546875;1.9775390625;2.000732421875;2.012939453125;2.01416015625;1.9873046875;1.9482421875;1.927490234375;1.944580078125;1.993408203125;2.0166015625;1.9775390625;1.961669921875;1.995849609375;2.034912109375;2.061767578125;2.05810546875;2.01416015625;1.968994140625;1.944580078125;1.982421875;2.0166015625;2.00439453125;1.956787109375;1.9677734375;1.988525390625;2.012939453125;2.032470703125;2.039794921875;2.021484375;1.98486328125;1.947021484375;1.93359375;1.961669921875;1.98486328125;1.983642578125;1.973876953125;1.978759765625;1.99951171875;2.025146484375;2.05322265625;2.0458984375;2.0068359375;1.9775390625;1.94091796875;1.956787109375;1.99462890625;2.012939453125;2.005615234375;1.97998046875;1.976318359375;1.998291015625;2.020263671875;2.03369140625;2.02392578125;1.983642578125;1.943359375;1.93359375;1.95556640625;1.993408203125;1.99951171875
2024-08-29 15:29:09.949278;1.956787109375;1.94580078125;1.986083984375;2.025146484375;2.0361328125;2.03857421875;2.020263671875;1.986083984375;1.96533203125;1.9775390625;2.005615234375;2.01904296875;2.012939453125;1.98974609375;1.99462890625;1.9970703125;2.01171875;2.032470703125;2.030029296875;2.01171875;1.976318359375;1.959228515625;1.96533203125;1.976318359375;1.983642578125;1.961669921875;1.95556640625;1.976318359375;2.008056640625;2.02880859375;1.959228515625;1.982421875;2.008056640625;2.01904296875;2.0263671875;2.001953125;1.961669921875;1.96044921875;1.9970703125;2.012939453125;2.015380859375;1.998291015625;1.97998046875;1.993408203125;2.025146484375;2.02392578125;2.010498046875;1.976318359375;1.944580078125;1.9482421875;1.968994140625;2.008056640625;1.993408203125;1.93359375;1.951904296875;2.00927734375;2.042236328125;2.0458984375;2.0263671875;1.98486328125;1.96533203125;1.9775390625;1.982421875;1.998291015625;1.9921875;1.968994140625;1.982421875;2.0068359375;2.03369140625;2.044677734375;2.041015625;2.00927734375;1.966552734375;1.959228515625;1.96533203125;1.98486328125;2.00439453125;1.986083984375;1.973876953125;1.988525390625;2.000732421875;2.008056640625;2.017822265625;2.01904296875;1.9970703125;1.971435546875;1.9580078125;1.968994140625;1.983642578125;1.990966796875;1.968994140625;1.97021484375;1.993408203125;2.012939453125;2.02880859375;2.03369140625;2.030029296875;2.001953125;1.953125;1.954345703125
2024-08-29 15:29:09.988579;1.973876953125;1.995849609375;1.99462890625;1.9482421875;1.949462890625;1.98974609375;2.01171875;2.025146484375;2.037353515625;2.027587890625;1.9921875;1.964111328125;1.96044921875;1.973876953125;1.990966796875;1.993408203125;1.973876953125;1.966552734375;1.983642578125;2.012939453125;2.044677734375;2.047119140625;2.030029296875;1.983642578125;1.953125;1.959228515625;1.97998046875;2.00927734375;2.010498046875;1.9677734375;1.986083984375;1.97509765625;1.978759765625;1.99951171875;2.027587890625;2.02880859375;2.0361328125;2.02880859375;1.988525390625;1.9677734375;1.95556640625;1.971435546875;1.988525390625;1.971435546875;1.961669921875;1.986083984375;2.010498046875;2.032470703125;2.02880859375;2.01904296875;1.983642578125;1.943359375;1.9482421875;1.97265625;1.9970703125;2.001953125;2.008056640625;2.005615234375;2.010498046875;2.021484375;2.021484375;2.001953125;1.96533203125;1.96044921875;1.971435546875;1.983642578125;1.986083984375;1.97021484375;1.9580078125;1.97998046875;2.001953125;2.027587890625;2.039794921875;2.025146484375;2.01171875;1.988525390625;1.95556640625;1.9580078125;1.9775390625;1.99462890625;1.998291015625;1.9970703125;2.003173828125;2.01171875;2.0166015625;2.01904296875;2.00927734375;1.97998046875;1.949462890625;1.9482421875;1.968994140625;1.9921875;1.98486328125;1.968994140625;1.97021484375;1.986083984375;1.99951171875;2.01416015625;2.0263671875;2.017822265625
2024-08-29 15:29:10.003930;2.0068359375;1.968994140625;1.947021484375;1.961669921875;1.982421875;2.005615234375;1.99462890625;1.982421875;1.99462890625;2.008056640625;2.02392578125;2.03369140625;2.020263671875;1.988525390625;1.962890625;1.961669921875;1.9677734375;1.986083984375;1.9921875;1.978759765625;1.988525390625;1.995849609375;2.01171875;2.03369140625;2.037353515625;2.025146484375;1.9873046875;1.951904296875;1.961669921875;1.981201171875;1.97509765625;1.961669921875;1.961669921875;1.982421875;1.9873046875;1.988525390625;1.995849609375;2.003173828125;2.01904296875;2.037353515625;2.027587890625;1.982421875;1.96044921875;1.971435546875;1.98974609375;2.003173828125;1.986083984375;1.956787109375;1.971435546875;2.001953125;2.021484375;2.032470703125;2.01904296875;2.000732421875;1.968994140625;1.964111328125;1.973876953125;1.993408203125;1.99951171875;2.001953125;1.99951171875;2.008056640625;2.0263671875;2.025146484375;2.00439453125;1.968994140625;1.95556640625;1.9677734375;1.97998046875;1.988525390625;1.97998046875;1.959228515625;1.97265625;1.993408203125;2.020263671875;2.0361328125;2.03857421875;2.0263671875;1.99462890625;1.953125;1.944580078125;1.9677734375;1.998291015625;2.015380859375;1.9970703125;1.9921875;2.003173828125;2.01904296875;2.030029296875;2.021484375;1.9970703125;1.96533203125;1.9580078125;1.971435546875;1.990966796875;1.99462890625;1.98486328125;1.986083984375;2.003173828125;2.0166015625
2024-08-29 15:29:10.065988;2.000732421875;1.998291015625;1.990966796875;1.998291015625;2.0068359375;2.010498046875;2.00439453125;1.988525390625;1.97265625;1.968994140625;1.976318359375;1.9921875;2.021484375;2.0361328125;2.025146484375;1.995849609375;1.98974609375;1.995849609375;2.000732421875;1.9873046875;1.953125;1.95068359375;1.990966796875;2.001953125;2.003173828125;1.986083984375;1.97021484375;1.97265625;1.993408203125;2.010498046875;1.97265625;1.973876953125;2.01416015625;2.021484375;2.00439453125;1.982421875;1.9775390625;1.982421875;1.97998046875;1.9775390625;1.993408203125;2.01904296875;2.010498046875;1.993408203125;2.010498046875;2.00439453125;1.990966796875;1.964111328125;1.947021484375;1.988525390625;2.01171875;2.003173828125;1.99462890625;1.983642578125;1.976318359375;1.990966796875;2.0068359375;2.003173828125;1.99951171875;1.986083984375;1.9970703125;1.98974609375;1.993408203125;1.995849609375;2.015380859375;2.020263671875;1.998291015625;1.986083984375;2.008056640625;2.005615234375;1.986083984375;1.9775390625;1.944580078125;1.94580078125;1.9921875;2.005615234375;2.000732421875;1.9873046875;1.962890625;1.971435546875;2.008056640625;2.03857421875;2.025146484375;1.995849609375;1.986083984375;1.981201171875;1.97509765625;1.973876953125;1.9873046875;1.98486328125;1.986083984375;1.9921875;1.988525390625;2.008056640625;2.017822265625;2.003173828125;2.003173828125;1.97265625;1.95556640625;1.986083984375
2024-08-29 15:29:10.098120;1.97998046875;1.988525390625;2.00927734375;1.99462890625;1.976318359375;1.993408203125;2.0263671875;2.0263671875;1.99951171875;1.983642578125;1.9775390625;1.9873046875;1.98486328125;1.988525390625;1.983642578125;1.98486328125;2.003173828125;1.99951171875;1.978759765625;1.9873046875;1.995849609375;1.995849609375;1.98486328125;1.949462890625;1.95556640625;1.9970703125;2.00439453125;2.0068359375;2.001953125;1.982421875;2.021484375;2.01416015625;1.9970703125;1.988525390625;2.0068359375;2.005615234375;2.003173828125;1.99951171875;1.96533203125;1.93115234375;1.943359375;1.97021484375;2.003173828125;2.021484375;2.01171875;1.988525390625;1.98486328125;2.001953125;2.02880859375;2.044677734375;2.003173828125;1.95068359375;1.97509765625;2.01171875;2.021484375;1.99951171875;1.98486328125;1.98974609375;2.008056640625;2.003173828125;1.988525390625;1.97509765625;1.956787109375;1.968994140625;1.98974609375;2.008056640625;2.020263671875;2.003173828125;1.988525390625;1.97265625;1.97509765625;1.99951171875;2.01171875;2.02392578125;2.010498046875;1.962890625;1.9677734375;1.99462890625;2.008056640625;2.020263671875;2.0068359375;1.986083984375;1.9970703125;2.021484375;2.03125;2.0166015625;1.99462890625;1.96044921875;1.942138671875;1.951904296875;1.983642578125;2.00439453125;2.00439453125;1.9970703125;1.98486328125;1.973876953125;1.97265625;1.993408203125;2.01416015625;2.032470703125
2024-08-29 15:29:10.128382;2.00439453125;1.9580078125;1.96533203125;1.995849609375;2.01416015625;2.01904296875;1.990966796875;1.97998046875;1.990966796875;2.0166015625;2.0361328125;2.01416015625;1.98486328125;1.953125;1.95556640625;1.9873046875;2.01171875;2.015380859375;1.998291015625;1.988525390625;1.981201171875;1.973876953125;1.98486328125;1.995849609375;1.9970703125;1.998291015625;1.971435546875;1.95068359375;1.97998046875;2.01416015625;1.96044921875;1.983642578125;1.988525390625;1.99462890625;2.000732421875;1.96533203125;1.951904296875;1.986083984375;2.03857421875;2.056884765625;2.02880859375;1.99462890625;1.981201171875;1.973876953125;1.982421875;2.0068359375;1.995849609375;1.976318359375;1.9775390625;2.00927734375;2.02880859375;2.01904296875;1.9873046875;1.962890625;1.97509765625;1.981201171875;1.988525390625;2.001953125;1.98974609375;1.956787109375;1.973876953125;2.025146484375;2.0556640625;2.03369140625;1.993408203125;1.971435546875;1.97265625;1.973876953125;1.990966796875;2.01171875;2.00927734375;1.99951171875;1.976318359375;1.9775390625;2.00439453125;2.012939453125;1.9921875;1.962890625;1.934814453125;1.964111328125;1.993408203125;1.995849609375;2.003173828125;2.008056640625;1.981201171875;1.973876953125;2.005615234375;2.042236328125;2.0458984375;2.012939453125;1.986083984375;1.97509765625;1.966552734375;1.9677734375;1.988525390625;2.00439453125;1.98974609375;1.976318359375;1.97265625;1.9970703125
2024-08-29 15:29:10.159360;2.021484375;2.01416015625;1.9873046875;1.96533203125;1.96044921875;1.97998046875;1.988525390625;1.998291015625;2.00927734375;1.981201171875;1.97509765625;1.995849609375;2.0263671875;2.047119140625;2.025146484375;1.9873046875;1.95556640625;1.9580078125;1.988525390625;2.003173828125;2.00927734375;2.005615234375;1.9970703125;1.986083984375;1.971435546875;1.986083984375;2.00927734375;2.005615234375;1.988525390625;1.9580078125;1.9970703125;1.988525390625;1.9677734375;1.953125;1.9970703125;2.010498046875;2.010498046875;2.001953125;1.983642578125;1.97998046875;1.983642578125;2.005615234375;2.0166015625;2.003173828125;1.97998046875;1.982421875;1.98486328125;1.9921875;2.00927734375;2.027587890625;2.01171875;1.990966796875;1.988525390625;1.995849609375;1.988525390625;1.982421875;1.954345703125;1.951904296875;2.001953125;2.027587890625;2.02392578125;1.988525390625;1.97265625;1.97265625;1.993408203125;2.005615234375;2.00439453125;1.998291015625;1.988525390625;1.9970703125;1.99462890625;1.98974609375;1.998291015625;2.01904296875;2.01904296875;1.998291015625;1.978759765625;1.97998046875;1.9873046875;1.98974609375;1.983642578125;1.95068359375;1.954345703125;1.99951171875;2.022705078125;2.021484375;1.99951171875;1.973876953125;1.966552734375;1.971435546875;1.98486328125;2.0068359375;2.01416015625;1.990966796875;1.971435546875;1.966552734375;1.97265625;1.98486328125;2.000732421875;2.0263671875
2024-08-29 15:29:10.175028;2.020263671875;2.000732421875;1.9970703125;1.9970703125;1.995849609375;1.988525390625;1.978759765625;1.953125;1.954345703125;1.98974609375;2.021484375;2.01416015625;1.9970703125;1.981201171875;1.966552734375;1.982421875;2.00927734375;2.020263671875;2.017822265625;2.003173828125;1.9873046875;1.97509765625;1.976318359375;1.982421875;1.990966796875;2.012939453125;2.022705078125;2.01171875;2.005615234375;2.010498046875;2.012939453125;2.00927734375;2.01171875;2.00927734375;2.01171875;1.97998046875;1.954345703125;1.9677734375;1.990966796875;1.99462890625;1.988525390625;1.9873046875;1.9873046875;1.9921875;2.01171875;2.017822265625;2.01171875;2.003173828125;1.97021484375;1.97265625;1.98974609375;1.9921875;2.010498046875;2.01416015625;2.010498046875;2.00439453125;2.003173828125;1.99951171875;1.9873046875;1.953125;1.95068359375;1.9775390625;1.9970703125;1.9970703125;1.9921875;1.988525390625;1.981201171875;1.986083984375;2.00439453125;2.01171875;2.003173828125;1.9921875;1.973876953125;1.962890625;1.973876953125;1.995849609375;2.01904296875;2.02880859375;2.022705078125;2.0068359375;1.99951171875;2.001953125;2.0068359375;2.005615234375;1.97265625;1.962890625;1.966552734375;1.9873046875;1.9970703125;1.981201171875;1.964111328125;1.97998046875;1.990966796875;2.008056640625;2.021484375;2.01416015625;2.01171875;1.993408203125;1.96044921875;1.959228515625
2024-08-29 15:29:10.221566;1.983642578125;1.99462890625;1.99462890625;2.000732421875;2.005615234375;2.0068359375;2.010498046875;2.0166015625;2.017822265625;2.012939453125;1.988525390625;1.966552734375;1.9580078125;1.973876953125;1.97998046875;1.964111328125;1.966552734375;1.99462890625;2.012939453125;2.0263671875;2.020263671875;2.0263671875;2.032470703125;2.003173828125;1.968994140625;1.964111328125;1.97998046875;1.99462890625;2.003173828125;1.998291015625;1.99951171875;2.03125;2.02392578125;2.00439453125;1.995849609375;1.993408203125;2.00927734375;1.9970703125;1.959228515625;1.956787109375;1.9580078125;1.9775390625;1.983642578125;1.993408203125;2.015380859375;2.000732421875;1.995849609375;2.001953125;2.00439453125;2.000732421875;1.99462890625;1.96044921875;1.966552734375;1.990966796875;2.01416015625;2.010498046875;1.993408203125;2.003173828125;2.025146484375;2.021484375;2.008056640625;1.9775390625;1.951904296875;1.95556640625;1.9775390625;1.990966796875;1.97998046875;1.97265625;1.9873046875;2.00439453125;2.01416015625;2.0166015625;2.025146484375;2.01416015625;1.99462890625;1.97265625;1.962890625;1.961669921875;1.978759765625;1.995849609375;2.000732421875;2.001953125;1.998291015625;2.010498046875;2.015380859375;2.01416015625;1.99951171875;1.962890625;1.953125;1.961669921875;1.976318359375;1.98486328125;1.978759765625;1.97998046875;2.003173828125;2.01171875;2.008056640625;2.01416015625;2.0263671875;2.021484375
2024-08-29 15:29:10.237155;1.995849609375;1.9677734375;1.962890625;1.96533203125;1.97998046875;1.9970703125;2.003173828125;2.000732421875;1.995849609375;2.00439453125;2.01416015625;2.01171875;1.99462890625;1.962890625;1.96044921875;1.962890625;1.9775390625;1.9873046875;1.97265625;1.986083984375;2.0166015625;2.01904296875;2.020263671875;2.02392578125;2.0263671875;2.0166015625;1.98486328125;1.956787109375;1.953125;1.964111328125;1.959228515625;1.961669921875;1.982421875;1.998291015625;2.005615234375;2.001953125;2.000732421875;2.003173828125;2.005615234375;2.0166015625;2.008056640625;1.97998046875;1.954345703125;1.96044921875;1.998291015625;2.003173828125;1.9677734375;1.9873046875;2.00439453125;2.008056640625;2.01171875;2.017822265625;2.0068359375;1.971435546875;1.96044921875;1.9677734375;1.98974609375;1.990966796875;1.99462890625;1.99951171875;1.99951171875;2.003173828125;2.010498046875;2.008056640625;1.998291015625;1.971435546875;1.956787109375;1.97265625;1.9970703125;2.0068359375;1.993408203125;1.98974609375;2.005615234375;2.00439453125;2.008056640625;2.022705078125;2.012939453125;1.9970703125;1.9775390625;1.95556640625;1.954345703125;1.973876953125;1.9873046875;2.005615234375;2.01171875;2.00439453125;1.998291015625;2.00439453125;2.003173828125;2.005615234375;1.98974609375;1.962890625;1.953125;1.968994140625;1.998291015625;2.001953125;1.983642578125;2.001953125;2.00439453125;1.99462890625
2024-08-29 15:29:10.267523;2.00927734375;2.03125;2.0361328125;2.001953125;1.956787109375;1.9482421875;1.96044921875;1.98486328125;2.01171875;2.017822265625;2.000732421875;1.98974609375;1.98974609375;2.0068359375;2.022705078125;2.012939453125;1.9775390625;1.964111328125;1.953125;1.962890625;1.988525390625;1.99951171875;2.003173828125;2.0068359375;1.9775390625;1.97509765625;2.022705078125;2.042236328125;2.02392578125;1.988525390625;2.01904296875;2.017822265625;2.008056640625;1.97021484375;1.953125;1.966552734375;1.976318359375;1.964111328125;1.988525390625;2.008056640625;2.02392578125;2.032470703125;2.027587890625;1.993408203125;1.956787109375;1.9677734375;1.964111328125;1.97998046875;2.0068359375;2.01171875;1.998291015625;1.98486328125;2.003173828125;2.022705078125;2.02392578125;1.99951171875;1.97998046875;1.96533203125;1.962890625;1.98974609375;2.010498046875;2.008056640625;1.98486328125;1.9677734375;1.988525390625;2.012939453125;2.021484375;2.001953125;1.966552734375;1.954345703125;1.951904296875;1.973876953125;2.00927734375;2.017822265625;2.01904296875;2.0068359375;1.98974609375;2.005615234375;2.0263671875;2.021484375;1.99462890625;1.966552734375;1.9482421875;1.949462890625;1.976318359375;2.008056640625;2.021484375;2.010498046875;1.990966796875;1.982421875;1.99462890625;2.012939453125;2.015380859375;1.98486328125;1.956787109375;1.956787109375;1.973876953125;1.993408203125;2.003173828125;2.01171875
2024-08-29 15:29:10.299222;2.022705078125;1.98974609375;1.973876953125;2.008056640625;2.04345703125;2.034912109375;1.998291015625;1.964111328125;1.944580078125;1.953125;1.988525390625;2.015380859375;2.020263671875;2.003173828125;1.988525390625;1.998291015625;2.0068359375;2.01171875;2.01171875;1.986083984375;1.968994140625;1.961669921875;1.961669921875;1.9873046875;1.995849609375;1.993408203125;2.00927734375;1.9921875;1.9873046875;2.010498046875;2.000732421875;2.0166015625;2.027587890625;2.03369140625;2.022705078125;1.99462890625;1.97021484375;1.956787109375;1.966552734375;1.98974609375;2.000732421875;1.993408203125;1.993408203125;2.00439453125;2.022705078125;2.017822265625;1.998291015625;1.97509765625;1.964111328125;1.96533203125;1.99462890625;2.00439453125;1.956787109375;1.962890625;1.998291015625;2.03125;2.041015625;2.03369140625;2.020263671875;1.976318359375;1.95068359375;1.9580078125;1.97265625;1.990966796875;2.00439453125;2.00439453125;2.005615234375;2.012939453125;2.01904296875;2.02392578125;2.017822265625;1.986083984375;1.96044921875;1.96044921875;1.9775390625;1.98974609375;1.97998046875;1.9677734375;1.9873046875;1.993408203125;2.001953125;2.010498046875;2.01171875;2.01171875;1.98974609375;1.956787109375;1.956787109375;1.976318359375;1.98486328125;2.005615234375;2.01416015625;2.01171875;2.000732421875;1.995849609375;2.00927734375;2.01904296875;2.0166015625;1.983642578125;1.953125;1.94580078125
2024-08-29 15:29:10.331039;1.9677734375;1.9921875;1.973876953125;1.949462890625;1.976318359375;2.005615234375;2.03125;2.04345703125;2.042236328125;2.010498046875;1.95556640625;1.939697265625;1.95556640625;1.976318359375;1.98486328125;1.986083984375;1.98974609375;1.990966796875;2.008056640625;2.021484375;2.032470703125;2.034912109375;2.0166015625;1.978759765625;1.95556640625;1.96533203125;1.97998046875;1.98974609375;1.964111328125;1.971435546875;2.022705078125;2.00439453125;1.978759765625;1.973876953125;1.993408203125;2.0166015625;2.00439453125;1.988525390625;1.959228515625;1.96533203125;1.98486328125;2.0068359375;2.010498046875;2.01904296875;2.0068359375;1.976318359375;1.971435546875;1.986083984375;2.00439453125;2.0166015625;1.97021484375;1.949462890625;1.998291015625;2.030029296875;2.027587890625;1.99462890625;1.97509765625;1.97509765625;1.98974609375;2.005615234375;2.012939453125;1.978759765625;1.962890625;1.961669921875;1.97021484375;1.97998046875;2.00927734375;2.02392578125;2.000732421875;1.982421875;1.97998046875;1.993408203125;2.00439453125;2.00439453125;1.973876953125;1.94091796875;1.9677734375;2.012939453125;2.027587890625;2.025146484375;2.00439453125;1.983642578125;1.97998046875;1.988525390625;1.9970703125;2.008056640625;2.001953125;1.98486328125;1.9775390625;1.98486328125;1.98486328125;1.97998046875;1.99951171875;2.00439453125;1.990966796875;1.983642578125;1.97998046875;1.9873046875;2.001953125;2.008056640625
2024-08-29 15:29:10.346399;1.97265625;1.94091796875;1.97021484375;2.022705078125;2.0263671875;2.012939453125;1.9921875;1.9677734375;1.96044921875;1.98486328125;2.021484375;2.034912109375;2.010498046875;1.96044921875;1.927490234375;1.937255859375;1.97021484375;1.998291015625;2.01904296875;2.022705078125;2.0068359375;1.9921875;1.9921875;2.01171875;2.03857421875;2.021484375;1.97021484375;1.93359375;1.97265625;2.01416015625;1.951904296875;1.973876953125;1.97998046875;2.000732421875;2.015380859375;2.015380859375;2.0166015625;2.03369140625;2.03369140625;2.00439453125;1.9677734375;1.956787109375;1.97998046875;2.000732421875;2.001953125;1.97509765625;1.97509765625;1.97265625;1.962890625;1.988525390625;2.01904296875;2.005615234375;1.981201171875;1.954345703125;1.978759765625;2.022705078125;2.017822265625;2.010498046875;2.003173828125;1.982421875;1.9677734375;1.981201171875;1.995849609375;1.998291015625;1.988525390625;1.993408203125;2.0068359375;2.00439453125;2.0068359375;1.990966796875;2.000732421875;2.005615234375;1.9970703125;1.9873046875;1.99462890625;1.993408203125;1.995849609375;1.9775390625;1.937255859375;1.959228515625;2.01171875;2.027587890625;2.021484375;2.000732421875;1.97021484375;1.96044921875;1.9677734375;1.995849609375;2.01904296875;2.017822265625;1.97998046875;1.944580078125;1.968994140625;2.003173828125;2.00927734375;2.00439453125;2.01416015625;2.003173828125;1.9921875;1.988525390625
2024-08-29 15:29:10.377585;1.998291015625;2.001953125;2.005615234375;1.978759765625;1.94091796875;1.962890625;2.01171875;2.027587890625;2.022705078125;2.000732421875;1.98974609375;1.993408203125;2.0166015625;2.027587890625;2.008056640625;1.983642578125;1.953125;1.953125;1.981201171875;2.0068359375;2.010498046875;2.003173828125;1.990966796875;1.973876953125;1.959228515625;1.976318359375;1.998291015625;2.020263671875;2.02392578125;1.9775390625;2.012939453125;2.005615234375;1.97021484375;1.9482421875;1.9921875;2.022705078125;2.021484375;1.995849609375;1.966552734375;1.9677734375;1.9873046875;2.0068359375;2.020263671875;1.9921875;1.971435546875;1.9775390625;1.988525390625;2.001953125;2.015380859375;2.01416015625;1.9970703125;1.9873046875;1.986083984375;1.998291015625;2.008056640625;2.001953125;1.95556640625;1.9580078125;2.000732421875;2.034912109375;2.020263671875;1.9873046875;1.97998046875;1.98486328125;2.000732421875;2.012939453125;2.027587890625;2.010498046875;1.954345703125;1.939697265625;1.9580078125;1.98486328125;2.01904296875;2.020263671875;1.988525390625;1.978759765625;1.9873046875;1.990966796875;2.008056640625;2.032470703125;2.022705078125;1.981201171875;1.949462890625;1.978759765625;2.01416015625;2.01416015625;1.99462890625;1.982421875;1.9873046875;2.005615234375;2.025146484375;2.017822265625;2.008056640625;1.978759765625;1.942138671875;1.951904296875;1.988525390625;2.012939453125;2.001953125;1.99951171875
2024-08-29 15:29:10.407998;1.9970703125;1.98974609375;1.9970703125;2.012939453125;2.010498046875;1.99951171875;1.978759765625;1.973876953125;1.97509765625;1.986083984375;1.982421875;1.97265625;1.964111328125;1.982421875;1.99951171875;2.022705078125;2.0458984375;2.041015625;2.032470703125;2.000732421875;1.966552734375;1.961669921875;1.968994140625;1.9775390625;1.9873046875;1.99951171875;1.9970703125;1.993408203125;2.0068359375;2.021484375;1.9873046875;1.99462890625;2.010498046875;1.9970703125;1.990966796875;1.9580078125;1.949462890625;1.9921875;2.012939453125;2.01416015625;1.98486328125;1.961669921875;1.978759765625;2.01416015625;2.02392578125;2.012939453125;1.97998046875;1.959228515625;1.986083984375;1.9970703125;2.0068359375;2.005615234375;2.010498046875;1.993408203125;1.97998046875;1.99462890625;1.99462890625;1.98974609375;1.986083984375;1.96044921875;1.978759765625;1.988525390625;1.993408203125;1.98974609375;1.9580078125;1.953125;1.97265625;2.01171875;2.04833984375;2.0458984375;2.020263671875;1.98486328125;1.97021484375;1.9677734375;1.98486328125;2.005615234375;1.98974609375;1.982421875;1.976318359375;1.993408203125;2.015380859375;2.03369140625;2.02392578125;1.998291015625;1.9775390625;1.973876953125;1.973876953125;1.976318359375;2.000732421875;1.995849609375;1.95556640625;1.951904296875;1.978759765625;2.032470703125;2.05078125;2.034912109375;2.0068359375;1.9775390625;1.97509765625;1.983642578125
2024-08-29 15:29:10.438713;1.99951171875;2.003173828125;1.990966796875;1.973876953125;1.968994140625;1.988525390625;2.01416015625;2.015380859375;1.9921875;1.97509765625;1.956787109375;1.96533203125;1.995849609375;1.9970703125;2.000732421875;2.000732421875;1.97509765625;1.973876953125;2.01171875;2.0458984375;2.03369140625;1.998291015625;1.971435546875;1.973876953125;1.983642578125;1.98486328125;1.9921875;1.99462890625;1.9921875;1.98974609375;1.990966796875;2.000732421875;1.98974609375;1.98486328125;1.982421875;1.99951171875;2.027587890625;2.032470703125;1.98486328125;1.9384765625;1.976318359375;2.015380859375;2.020263671875;1.9970703125;1.988525390625;1.998291015625;2.0166015625;2.015380859375;1.998291015625;1.9677734375;1.951904296875;1.976318359375;2.003173828125;2.008056640625;1.99951171875;1.982421875;1.964111328125;1.961669921875;1.988525390625;1.995849609375;2.003173828125;1.9873046875;1.953125;1.976318359375;2.015380859375;2.020263671875;2.017822265625;2.00927734375;2.001953125;2.00439453125;2.020263671875;2.01904296875;2.008056640625;1.983642578125;1.96044921875;1.954345703125;1.9677734375;1.97998046875;1.978759765625;1.99462890625;2.005615234375;1.990966796875;1.97265625;1.982421875;1.993408203125;2.008056640625;2.02392578125;1.990966796875;1.939697265625;1.976318359375;2.01171875;2.01171875;2.01416015625;2.005615234375;1.9921875;1.9873046875;1.9970703125;2.0068359375;2.010498046875;1.9921875
2024-08-29 15:29:10.469758;1.96044921875;1.968994140625;1.99462890625;2.00439453125;2.005615234375;2.003173828125;2.0068359375;1.9970703125;1.982421875;1.978759765625;1.988525390625;2.01416015625;2.00927734375;1.961669921875;1.932373046875;1.986083984375;2.01416015625;2.00927734375;1.9970703125;1.982421875;1.964111328125;1.96533203125;1.995849609375;2.039794921875;2.044677734375;2.00439453125;1.939697265625;1.93603515625;1.968994140625;1.9921875;1.961669921875;1.9873046875;1.99951171875;1.9970703125;2.01171875;2.015380859375;2.000732421875;1.981201171875;1.986083984375;1.9970703125;1.99951171875;1.959228515625;1.94580078125;2.003173828125;2.022705078125;2.00439453125;1.98974609375;1.973876953125;1.9677734375;1.976318359375;2.012939453125;2.0263671875;1.986083984375;1.9482421875;1.94580078125;1.973876953125;1.99951171875;2.02880859375;2.0361328125;2.027587890625;2.001953125;1.9873046875;2.003173828125;2.030029296875;2.012939453125;1.973876953125;1.929931640625;1.96533203125;2.008056640625;2.0068359375;1.983642578125;1.98486328125;1.97998046875;1.986083984375;2.003173828125;2.01416015625;2.008056640625;1.986083984375;1.954345703125;1.961669921875;1.976318359375;2.000732421875;2.01416015625;2.01416015625;2.00927734375;1.995849609375;1.988525390625;1.99462890625;2.02392578125;2.03369140625;2.003173828125;1.961669921875;1.9384765625;1.971435546875;1.998291015625;1.990966796875;1.988525390625;2.00439453125;1.998291015625;1.9970703125
2024-08-29 15:29:10.516002;1.97265625;1.99951171875;2.00927734375;2.0166015625;2.0166015625;2.021484375;2.000732421875;1.959228515625;1.9580078125;1.97265625;1.98486328125;1.99462890625;2.01416015625;2.017822265625;2.010498046875;2.00439453125;2.00439453125;1.998291015625;1.988525390625;1.959228515625;1.951904296875;1.97265625;1.995849609375;2.00439453125;1.998291015625;1.982421875;1.97509765625;1.966552734375;1.9775390625;2.005615234375;1.995849609375;2.015380859375;2.0263671875;2.027587890625;2.012939453125;1.978759765625;1.956787109375;1.961669921875;1.97998046875;2.003173828125;2.0068359375;2.005615234375;2.008056640625;2.01416015625;2.0263671875;2.021484375;1.9921875;1.956787109375;1.956787109375;1.973876953125;1.982421875;1.97998046875;1.9677734375;1.993408203125;2.001953125;2.020263671875;2.025146484375;2.01416015625;1.99462890625;1.964111328125;1.953125;1.968994140625;1.986083984375;1.99951171875;2.010498046875;2.000732421875;1.99951171875;2.01171875;2.02392578125;2.02392578125;2.000732421875;1.961669921875;1.959228515625;1.981201171875;2.000732421875;2.001953125;1.973876953125;1.97265625;1.995849609375;1.995849609375;2.01171875;2.03125;2.03125;2.00927734375;1.982421875;1.966552734375;1.968994140625;1.982421875;1.99462890625;2.008056640625;2.010498046875;2.003173828125;1.9970703125;2.00439453125;2.012939453125;2.000732421875;1.97998046875;1.95556640625;1.956787109375;1.978759765625
2024-08-29 15:29:10.547198;2.00439453125;2.00927734375;1.986083984375;1.993408203125;1.9970703125;1.988525390625;2.008056640625;2.027587890625;2.01416015625;1.9970703125;1.97021484375;1.953125;1.961669921875;1.982421875;1.998291015625;2.005615234375;2.003173828125;1.998291015625;2.001953125;2.01171875;2.0166015625;2.001953125;1.971435546875;1.949462890625;1.96044921875;1.988525390625;2.005615234375;1.995849609375;1.97998046875;1.9873046875;2.012939453125;1.988525390625;1.9775390625;1.98974609375;2.0166015625;2.041015625;2.0361328125;1.99462890625;1.951904296875;1.95068359375;1.947021484375;1.968994140625;2.005615234375;2.012939453125;2.000732421875;1.97265625;1.982421875;2.00927734375;2.025146484375;1.98974609375;1.956787109375;1.971435546875;1.9970703125;2.0166015625;2.00439453125;1.986083984375;1.983642578125;1.990966796875;2.01904296875;2.02880859375;2.00439453125;1.96044921875;1.956787109375;1.961669921875;1.961669921875;1.97265625;1.97998046875;1.98486328125;1.990966796875;1.983642578125;1.9873046875;2.0068359375;2.020263671875;2.01171875;1.973876953125;1.9677734375;2.003173828125;2.01416015625;2.021484375;2.00927734375;1.982421875;1.97265625;1.97998046875;2.005615234375;2.03369140625;2.025146484375;1.993408203125;1.96044921875;1.9677734375;1.971435546875;1.966552734375;1.97998046875;1.998291015625;1.99951171875;1.988525390625;1.97998046875;1.9970703125;2.015380859375;2.015380859375;1.986083984375
2024-08-29 15:29:10.563145;1.9580078125;1.964111328125;2.000732421875;2.017822265625;2.0166015625;1.99951171875;1.986083984375;1.97998046875;1.9775390625;1.99462890625;2.008056640625;2.000732421875;1.981201171875;1.971435546875;1.962890625;1.959228515625;1.96044921875;1.9921875;2.00927734375;1.998291015625;1.9873046875;1.990966796875;2.0166015625;2.03369140625;2.0361328125;1.99951171875;1.966552734375;1.96533203125;1.97509765625;1.995849609375;1.981201171875;2.00439453125;2.01171875;2.015380859375;1.9970703125;1.98486328125;1.9873046875;2.000732421875;2.022705078125;2.027587890625;2.005615234375;1.9775390625;1.97021484375;1.9775390625;1.998291015625;1.990966796875;1.97021484375;1.986083984375;2.003173828125;2.01171875;2.020263671875;2.0068359375;1.981201171875;1.956787109375;1.97021484375;1.982421875;1.988525390625;1.98974609375;1.976318359375;1.978759765625;1.98974609375;2.010498046875;2.027587890625;2.021484375;1.99462890625;1.976318359375;1.976318359375;1.9873046875;1.99951171875;1.995849609375;1.968994140625;1.96044921875;1.982421875;2.01171875;2.0263671875;2.021484375;2.01416015625;1.983642578125;1.956787109375;1.96533203125;1.962890625;1.97998046875;1.990966796875;1.97998046875;1.988525390625;2.001953125;2.01171875;2.032470703125;2.0361328125;2.021484375;1.98974609375;1.966552734375;1.973876953125;1.995849609375;2.012939453125;2.017822265625;1.976318359375;1.959228515625;2.001953125;2.025146484375
2024-08-29 15:29:10.594368;2.03369140625;2.02880859375;2.00927734375;1.97265625;1.95556640625;1.9677734375;1.983642578125;1.995849609375;1.998291015625;1.99951171875;1.990966796875;1.981201171875;1.993408203125;2.01904296875;2.032470703125;2.017822265625;1.981201171875;1.96044921875;1.96533203125;1.976318359375;1.990966796875;1.959228515625;1.9384765625;1.97021484375;2.005615234375;2.03125;2.042236328125;2.030029296875;2.005615234375;1.971435546875;2.01904296875;1.993408203125;1.962890625;1.959228515625;1.97265625;1.9921875;1.9873046875;1.990966796875;2.010498046875;2.017822265625;2.017822265625;2.032470703125;2.021484375;1.99951171875;1.96533203125;1.95556640625;1.961669921875;1.995849609375;2.012939453125;1.99951171875;1.990966796875;2.001953125;2.01171875;2.008056640625;1.995849609375;1.962890625;1.9580078125;1.97021484375;1.9921875;2.008056640625;2.0068359375;2.01416015625;2.008056640625;1.9921875;2.001953125;2.02392578125;2.0166015625;1.9921875;1.964111328125;1.953125;1.95556640625;1.97509765625;1.99951171875;2.015380859375;2.010498046875;1.998291015625;2.00439453125;2.008056640625;2.010498046875;1.99951171875;1.971435546875;1.9580078125;1.959228515625;1.97509765625;1.990966796875;1.99951171875;2.003173828125;2.01416015625;2.01171875;2.000732421875;2.00927734375;2.010498046875;1.995849609375;1.986083984375;1.9775390625;1.96533203125;1.9677734375;1.98486328125;2.001953125;2.005615234375
2024-08-29 15:29:10.639892;1.995849609375;1.988525390625;1.98974609375;1.9921875;1.986083984375;1.993408203125;2.005615234375;1.998291015625;1.998291015625;1.97265625;1.95068359375;1.9970703125;1.98974609375;1.961669921875;1.98974609375;2.008056640625;2.008056640625;2.00439453125;2.01416015625;2.021484375;2.001953125;1.98486328125;1.96533203125;1.968994140625;1.9970703125;2.012939453125;2.005615234375;1.993408203125;2.000732421875;1.986083984375;1.998291015625;2.005615234375;1.9873046875;1.966552734375;1.9775390625;2.00439453125;2.0361328125;2.02392578125;1.961669921875;1.96044921875;2.00439453125;2.01904296875;2.008056640625;1.9775390625;1.96533203125;1.9775390625;1.99951171875;2.00927734375;2.00927734375;1.976318359375;1.929931640625;1.943359375;1.98486328125;1.9970703125;2.017822265625;2.01904296875;2.001953125;1.98974609375;1.9921875;2.0166015625;2.03857421875;1.990966796875;1.949462890625;1.988525390625;2.00439453125;2.01171875;2.0166015625;2.001953125;1.9921875;2.001953125;2.0263671875;2.02880859375;1.99951171875;1.968994140625;1.951904296875;1.96044921875;1.981201171875;1.998291015625;2.01171875;2.0068359375;1.982421875;1.966552734375;1.97265625;1.99951171875;2.008056640625;2.012939453125;1.99951171875;1.968994140625;1.97021484375;1.983642578125;1.9873046875;2.003173828125;2.005615234375;2.000732421875;2.003173828125;2.01904296875;2.032470703125;2.0166015625;1.99462890625;1.97021484375
2024-08-29 15:29:10.671275;1.944580078125;1.954345703125;1.981201171875;2.000732421875;2.005615234375;1.993408203125;1.976318359375;1.9677734375;1.966552734375;1.998291015625;2.00927734375;2.005615234375;1.99462890625;1.956787109375;1.96044921875;2.000732421875;2.017822265625;2.02880859375;2.01171875;1.995849609375;1.9970703125;2.0166015625;2.034912109375;2.015380859375;1.988525390625;1.976318359375;1.982421875;1.982421875;1.9921875;2.005615234375;1.968994140625;1.99462890625;2.01416015625;2.0166015625;1.9921875;1.971435546875;1.97509765625;2.0068359375;2.005615234375;1.983642578125;1.971435546875;1.953125;1.97265625;1.973876953125;1.988525390625;2.00439453125;1.97265625;1.964111328125;1.9970703125;2.041015625;2.066650390625;2.03857421875;1.99951171875;1.97998046875;1.9677734375;1.97509765625;1.99951171875;1.9921875;1.97265625;1.97021484375;1.998291015625;2.02880859375;2.020263671875;1.9970703125;1.97021484375;1.966552734375;1.97021484375;1.973876953125;1.98486328125;2.010498046875;1.973876953125;1.961669921875;1.986083984375;2.02392578125;2.05322265625;2.047119140625;2.01904296875;1.9873046875;1.9775390625;1.973876953125;1.97998046875;2.001953125;1.9970703125;1.983642578125;1.9677734375;1.97998046875;2.008056640625;2.022705078125;2.00927734375;1.983642578125;1.96044921875;1.968994140625;1.97265625;1.97998046875;1.99951171875;2.001953125;1.9677734375;1.953125;1.973876953125;2.01416015625
2024-08-29 15:29:10.702333;2.049560546875;2.044677734375;2.012939453125;1.976318359375;1.964111328125;1.968994140625;1.993408203125;2.00927734375;1.990966796875;1.982421875;1.988525390625;2.00439453125;2.020263671875;2.03369140625;2.0263671875;2.003173828125;1.981201171875;1.961669921875;1.951904296875;1.96533203125;1.993408203125;1.9775390625;1.96533203125;1.976318359375;2.000732421875;2.037353515625;2.049560546875;2.02880859375;1.998291015625;1.971435546875;2.03369140625;2.001953125;1.976318359375;1.98486328125;1.99462890625;2.01171875;2.005615234375;1.990966796875;1.9775390625;1.983642578125;2.010498046875;2.021484375;2.017822265625;2.0068359375;1.978759765625;1.973876953125;1.9775390625;1.995849609375;1.97509765625;1.953125;1.97509765625;2.003173828125;2.039794921875;2.039794921875;2.02880859375;1.99462890625;1.95556640625;1.96533203125;1.986083984375;1.98974609375;1.9970703125;1.995849609375;1.998291015625;1.9970703125;2.005615234375;2.00927734375;2.015380859375;1.99951171875;1.976318359375;1.966552734375;1.97265625;1.973876953125;1.978759765625;1.964111328125;1.966552734375;1.982421875;2.001953125;2.034912109375;2.044677734375;2.0361328125;1.9970703125;1.961669921875;1.96044921875;1.9775390625;1.995849609375;1.99462890625;1.9970703125;2.000732421875;1.998291015625;2.00927734375;2.0166015625;2.0068359375;2.000732421875;1.981201171875;1.966552734375;1.966552734375;1.97509765625;1.98486328125;1.978759765625;1.95556640625
2024-08-29 15:29:10.733405;1.97509765625;1.9970703125;2.020263671875;2.0361328125;2.027587890625;2.01416015625;1.98974609375;1.959228515625;1.966552734375;1.98974609375;2.000732421875;1.99462890625;1.993408203125;1.993408203125;1.9921875;2.00927734375;2.022705078125;2.015380859375;1.99462890625;1.97998046875;1.964111328125;1.95556640625;1.954345703125;1.961669921875;1.96533203125;1.9677734375;1.97998046875;1.993408203125;2.021484375;2.05078125;1.978759765625;2.003173828125;2.03125;2.04345703125;2.015380859375;1.96044921875;1.932373046875;1.949462890625;1.98486328125;2.000732421875;2.001953125;1.9970703125;1.99462890625;2.005615234375;2.02880859375;2.042236328125;2.012939453125;1.962890625;1.932373046875;1.964111328125;2.003173828125;1.99462890625;1.973876953125;1.964111328125;1.97509765625;2.000732421875;2.02392578125;2.02880859375;1.98974609375;1.951904296875;1.953125;1.97509765625;1.98486328125;1.988525390625;2.00439453125;2.003173828125;2.008056640625;2.017822265625;2.0263671875;2.03857421875;2.01416015625;1.971435546875;1.949462890625;1.954345703125;1.981201171875;2.003173828125;1.995849609375;1.96044921875;1.94580078125;1.96044921875;1.995849609375;2.025146484375;2.034912109375;2.022705078125;1.981201171875;1.9580078125;1.954345703125;1.981201171875;2.005615234375;2.001953125;2.000732421875;1.998291015625;2.008056640625;2.025146484375;2.042236328125;2.039794921875;2.01171875;1.96533203125;1.93115234375;1.949462890625
2024-08-29 15:29:10.749207;1.982421875;1.9921875;1.983642578125;1.97509765625;1.971435546875;1.9873046875;2.01416015625;2.041015625;2.037353515625;1.998291015625;1.962890625;1.9482421875;1.97021484375;2.0068359375;2.012939453125;1.98486328125;1.9677734375;1.978759765625;2.008056640625;2.0361328125;2.044677734375;2.025146484375;1.99462890625;1.961669921875;1.93115234375;1.93603515625;1.9677734375;1.98486328125;1.971435546875;1.986083984375;1.9677734375;1.976318359375;1.988525390625;1.993408203125;2.022705078125;2.03125;2.017822265625;2.017822265625;1.988525390625;1.951904296875;1.964111328125;1.9970703125;1.993408203125;1.998291015625;2.001953125;2.017822265625;2.0361328125;2.030029296875;1.988525390625;1.943359375;1.961669921875;1.988525390625;1.9921875;1.9873046875;1.98486328125;1.98974609375;1.990966796875;2.003173828125;2.01171875;2.005615234375;1.995849609375;1.97265625;1.9580078125;1.97021484375;1.988525390625;1.98974609375;1.97998046875;1.982421875;1.98486328125;1.983642578125;2.001953125;2.01171875;2.012939453125;2.000732421875;1.966552734375;1.959228515625;1.981201171875;1.9921875;2.008056640625;2.005615234375;1.990966796875;1.9970703125;2.015380859375;2.03857421875;2.041015625;2.01904296875;1.983642578125;1.954345703125;1.953125;1.97509765625;2.000732421875;2.008056640625;1.986083984375;1.971435546875;1.968994140625;1.990966796875;2.017822265625;2.015380859375;2.010498046875;1.98974609375
2024-08-29 15:29:10.781154;1.961669921875;1.97021484375;1.990966796875;2.005615234375;2.01904296875;1.98974609375;1.9775390625;1.9873046875;2.012939453125;2.0263671875;2.00927734375;1.9921875;1.96533203125;1.942138671875;1.9482421875;1.97265625;2.000732421875;2.01904296875;2.01904296875;1.9970703125;1.97265625;1.976318359375;1.990966796875;2.015380859375;2.0263671875;1.998291015625;1.9482421875;1.968994140625;1.98974609375;1.99951171875;1.983642578125;2.005615234375;2.015380859375;2.010498046875;1.97509765625;1.96044921875;1.98486328125;2.034912109375;2.03125;1.99951171875;1.9775390625;1.98486328125;1.986083984375;1.988525390625;1.99462890625;1.9970703125;2.00439453125;1.98486328125;1.981201171875;2.015380859375;2.01171875;1.98486328125;1.949462890625;1.96044921875;1.990966796875;1.982421875;1.995849609375;1.9970703125;1.988525390625;1.982421875;2.003173828125;2.027587890625;2.020263671875;2.0068359375;1.99951171875;1.981201171875;1.96533203125;1.97509765625;1.97509765625;1.964111328125;1.971435546875;1.981201171875;1.9873046875;2.017822265625;2.032470703125;2.022705078125;2.012939453125;1.981201171875;1.97509765625;1.97509765625;1.97509765625;1.998291015625;1.98974609375;1.97021484375;1.9677734375;1.97998046875;2.010498046875;2.0166015625;2.008056640625;2.001953125;1.9873046875;1.97021484375;1.968994140625;1.976318359375;1.97998046875;1.990966796875;2.0068359375;2.00927734375;2.003173828125;2.025146484375
2024-08-29 15:29:10.812185;2.0263671875;2.00927734375;1.9921875;1.953125;1.966552734375;1.983642578125;1.982421875;1.9970703125;2.000732421875;1.973876953125;1.956787109375;1.983642578125;2.0263671875;2.03857421875;2.021484375;1.99462890625;1.98486328125;1.9873046875;1.990966796875;1.990966796875;1.98974609375;2.000732421875;1.9970703125;1.981201171875;1.981201171875;1.99951171875;1.998291015625;1.993408203125;1.986083984375;1.954345703125;2.000732421875;1.976318359375;1.961669921875;1.96533203125;1.986083984375;2.000732421875;1.98486328125;1.971435546875;1.973876953125;1.988525390625;2.015380859375;2.0166015625;2.021484375;2.0068359375;1.982421875;1.96533203125;1.968994140625;1.971435546875;1.973876953125;1.986083984375;2.0068359375;2.0166015625;2.012939453125;2.01171875;2.005615234375;1.978759765625;1.96044921875;1.982421875;2.001953125;2.00439453125;1.9921875;1.982421875;1.982421875;1.993408203125;2.008056640625;2.017822265625;2.021484375;1.9970703125;1.968994140625;1.97021484375;1.9775390625;1.9775390625;1.993408203125;2.01416015625;2.021484375;1.99951171875;1.981201171875;1.983642578125;1.99951171875;2.005615234375;1.97998046875;1.94580078125;1.968994140625;1.99951171875;2.00927734375;2.0068359375;1.97998046875;1.97509765625;1.986083984375;2.000732421875;2.00439453125;2.010498046875;2.00927734375;1.993408203125;1.98486328125;1.983642578125;1.98486328125;1.988525390625;2.003173828125;2.021484375
2024-08-29 15:29:10.858580;1.976318359375;1.97998046875;1.993408203125;2.00439453125;1.998291015625;1.98974609375;2.0068359375;2.022705078125;2.01416015625;1.9873046875;1.9677734375;1.964111328125;1.9677734375;1.998291015625;2.00927734375;1.976318359375;1.966552734375;1.968994140625;1.983642578125;2.037353515625;2.059326171875;2.03125;1.973876953125;1.951904296875;1.97021484375;1.990966796875;2.005615234375;1.998291015625;1.986083984375;1.982421875;1.97998046875;1.982421875;1.982421875;1.9775390625;1.993408203125;2.012939453125;2.034912109375;2.012939453125;1.961669921875;1.951904296875;1.9775390625;1.995849609375;1.9921875;1.982421875;2.003173828125;2.01416015625;2.03125;2.039794921875;2.017822265625;1.961669921875;1.959228515625;1.99462890625;2.01171875;1.990966796875;1.968994140625;1.9775390625;1.981201171875;1.982421875;2.005615234375;2.01904296875;2.017822265625;1.97998046875;1.953125;1.986083984375;2.01171875;2.015380859375;1.998291015625;1.973876953125;1.976318359375;1.9921875;2.01416015625;2.037353515625;2.027587890625;1.97998046875;1.943359375;1.96044921875;1.97998046875;1.982421875;1.9970703125;2.008056640625;1.9873046875;1.982421875;1.982421875;1.9921875;2.00927734375;2.01904296875;1.995849609375;1.954345703125;1.953125;2.000732421875;2.021484375;2.01904296875;1.9970703125;1.988525390625;1.993408203125;2.001953125;2.020263671875;2.027587890625;2.01416015625;1.97265625
2024-08-29 15:29:10.889657;1.97021484375;1.968994140625;1.951904296875;1.964111328125;2.01416015625;2.0361328125;2.01904296875;2.000732421875;1.9970703125;2.01904296875;2.0458984375;2.02392578125;1.983642578125;1.971435546875;1.953125;1.954345703125;1.97265625;1.9873046875;1.978759765625;1.973876953125;1.976318359375;1.9921875;2.0166015625;2.04345703125;2.05322265625;2.027587890625;1.995849609375;1.966552734375;1.95556640625;1.98974609375;1.953125;1.9677734375;1.995849609375;1.993408203125;1.993408203125;2.0068359375;2.01171875;2.0263671875;2.025146484375;2.017822265625;1.981201171875;1.961669921875;1.961669921875;1.982421875;1.993408203125;1.983642578125;1.988525390625;2.001953125;2.003173828125;2.01904296875;2.020263671875;2.021484375;2.000732421875;1.951904296875;1.9482421875;1.97998046875;1.976318359375;1.94091796875;1.968994140625;1.9921875;2.02880859375;2.0458984375;2.039794921875;2.0263671875;1.9873046875;1.956787109375;1.9580078125;1.982421875;2.01416015625;2.02392578125;1.98486328125;1.97265625;1.98974609375;2.025146484375;2.04345703125;2.0166015625;1.97021484375;1.959228515625;1.978759765625;1.982421875;1.99951171875;2.041015625;1.988525390625;1.90185546875;1.89453125;1.95068359375;2.012939453125;2.027587890625;2.01904296875;2.017822265625;1.97021484375;1.96044921875;1.986083984375;2.01171875;2.034912109375;2.017822265625;1.982421875;1.983642578125;1.9970703125;2.02880859375
2024-08-29 15:29:10.936275;2.042236328125;2.030029296875;1.998291015625;1.951904296875;1.934814453125;1.968994140625;2.01171875;1.993408203125;1.932373046875;1.925048828125;1.959228515625;2.0068359375;2.044677734375;2.05322265625;2.047119140625;2.020263671875;1.986083984375;1.962890625;1.954345703125;1.976318359375;1.9873046875;1.9775390625;1.97265625;1.981201171875;2.020263671875;2.04833984375;2.052001953125;2.04345703125;2.012939453125;1.971435546875;2.037353515625;2.0068359375;1.943359375;1.925048828125;1.94580078125;1.976318359375;1.993408203125;2.001953125;2.001953125;1.99951171875;2.008056640625;2.020263671875;2.02392578125;1.995849609375;1.959228515625;1.93603515625;1.954345703125;1.978759765625;1.978759765625;1.96044921875;1.982421875;2.022705078125;2.052001953125;2.0556640625;2.03857421875;1.97998046875;1.9384765625;1.939697265625;1.961669921875;1.98486328125;2.00439453125;2.015380859375;2.01171875;2.0166015625;2.03125;2.041015625;2.025146484375;1.9970703125;1.97998046875;1.95556640625;1.951904296875;1.9580078125;1.962890625;1.961669921875;1.993408203125;2.025146484375;2.042236328125;2.041015625;2.044677734375;2.044677734375;2.015380859375;1.964111328125;1.94580078125;1.95556640625;1.97509765625;1.993408203125;2.001953125;2.00439453125;2.020263671875;2.03125;2.032470703125;2.030029296875;1.99951171875;1.973876953125;1.959228515625;1.942138671875;1.944580078125;1.9482421875;1.956787109375;1.981201171875
2024-08-29 15:29:10.936275;1.99462890625;1.9970703125;2.00439453125;2.0068359375;2.015380859375;2.00927734375;1.986083984375;1.96533203125;1.961669921875;1.96533203125;1.983642578125;2.012939453125;2.03125;2.021484375;1.99462890625;1.97998046875;1.98486328125;1.99951171875;1.99462890625;1.959228515625;1.9384765625;1.9775390625;2.003173828125;2.005615234375;1.982421875;1.973876953125;1.983642578125;1.993408203125;2.00439453125;2.01171875;1.9873046875;2.001953125;2.021484375;2.022705078125;1.988525390625;1.944580078125;1.949462890625;1.981201171875;1.9970703125;2.00927734375;2.00439453125;1.986083984375;1.986083984375;2.00439453125;2.047119140625;2.047119140625;1.99951171875;1.9287109375;1.953125;2.003173828125;2.01416015625;2.0068359375;1.982421875;1.96533203125;1.976318359375;2.010498046875;2.041015625;2.027587890625;1.973876953125;1.93115234375;1.939697265625;1.968994140625;1.99951171875;2.00927734375;1.995849609375;1.9921875;1.9970703125;2.0068359375;2.03369140625;2.0556640625;2.03125;1.964111328125;1.942138671875;1.995849609375;2.020263671875;2.00927734375;1.9873046875;1.988525390625;1.9921875;1.99462890625;2.010498046875;2.012939453125;1.9970703125;1.949462890625;1.929931640625;1.951904296875;1.978759765625;1.973876953125;1.9970703125;2.01171875;1.99951171875;1.9775390625;1.983642578125;2.00439453125;2.022705078125;2.032470703125;1.998291015625;1.951904296875;1.97509765625;1.995849609375
2024-08-29 15:29:10.984633;2.008056640625;2.0166015625;1.995849609375;1.986083984375;1.978759765625;1.9921875;2.01904296875;2.015380859375;1.995849609375;1.95068359375;1.934814453125;1.949462890625;1.966552734375;1.978759765625;2.010498046875;2.017822265625;2.00439453125;1.986083984375;1.998291015625;2.017822265625;2.042236328125;2.037353515625;1.976318359375;1.939697265625;1.9921875;2.017822265625;2.025146484375;1.99951171875;1.97265625;1.97265625;1.998291015625;1.9873046875;1.976318359375;1.9921875;2.0263671875;2.060546875;2.06298828125;2.008056640625;1.949462890625;1.92138671875;1.939697265625;1.981201171875;2.00927734375;1.990966796875;1.97021484375;1.993408203125;2.017822265625;2.044677734375;2.042236328125;2.001953125;1.937255859375;1.9140625;1.966552734375;2.001953125;1.982421875;1.9873046875;1.995849609375;2.012939453125;2.025146484375;2.02880859375;2.008056640625;1.954345703125;1.942138671875;1.964111328125;1.9873046875;2.017822265625;2.0263671875;2.00927734375;1.988525390625;1.981201171875;1.9873046875;2.01416015625;2.039794921875;2.021484375;1.97265625;1.9384765625;1.971435546875;2.0166015625;2.021484375;2.003173828125;1.988525390625;1.9921875;2.01171875;2.020263671875;2.01416015625;2.021484375;1.9970703125;1.9482421875;1.939697265625;1.962890625;1.9873046875;2.001953125;2.000732421875;1.98486328125;1.982421875;1.983642578125;1.9921875;2.0166015625;2.037353515625;2.01416015625
2024-08-29 15:29:11.000471;1.962890625;1.943359375;1.990966796875;2.01904296875;2.0166015625;1.983642578125;1.976318359375;1.973876953125;1.98974609375;2.00927734375;2.020263671875;2.010498046875;1.99462890625;1.98974609375;1.97998046875;1.978759765625;1.990966796875;2.01904296875;2.021484375;2.00439453125;1.990966796875;1.990966796875;1.9921875;1.98974609375;1.98486328125;1.961669921875;1.96533203125;1.98974609375;2.003173828125;2.0068359375;1.96533203125;1.993408203125;2.00439453125;1.99462890625;1.9677734375;1.953125;1.973876953125;2.0068359375;2.01904296875;2.01904296875;1.988525390625;1.9677734375;1.9873046875;2.012939453125;2.02392578125;2.01416015625;1.99951171875;1.97265625;1.968994140625;1.9970703125;2.027587890625;2.0361328125;2.001953125;1.95068359375;1.9677734375;2.00927734375;2.02880859375;2.0068359375;1.962890625;1.95068359375;1.97998046875;2.0166015625;2.027587890625;2.008056640625;1.97021484375;1.954345703125;1.9775390625;1.986083984375;1.98486328125;1.983642578125;1.9873046875;1.97998046875;1.982421875;1.99462890625;2.00927734375;2.01416015625;2.00927734375;1.978759765625;1.966552734375;1.976318359375;1.9775390625;1.9970703125;2.005615234375;1.9970703125;1.96533203125;1.956787109375;1.990966796875;2.020263671875;2.02392578125;2.0068359375;1.983642578125;1.9775390625;1.976318359375;1.973876953125;1.966552734375;1.988525390625;2.008056640625;2.00927734375;2.001953125;2.001953125
2024-08-29 15:29:11.047235;2.012939453125;2.008056640625;1.9970703125;2.012939453125;2.03857421875;2.01904296875;1.97021484375;1.91650390625;1.93115234375;1.97998046875;1.9970703125;1.97509765625;1.964111328125;1.964111328125;1.97998046875;2.010498046875;2.0458984375;2.06298828125;2.0068359375;1.934814453125;1.947021484375;1.9775390625;1.98974609375;1.9775390625;1.995849609375;2.012939453125;2.005615234375;1.98486328125;1.986083984375;2.01904296875;1.97265625;1.964111328125;2.008056640625;2.06787109375;2.05078125;1.96044921875;1.953125;2.021484375;2.05322265625;2.0166015625;1.961669921875;1.949462890625;1.964111328125;1.99951171875;2.03369140625;2.005615234375;1.951904296875;1.9677734375;1.978759765625;1.990966796875;1.993408203125;1.995849609375;1.998291015625;1.978759765625;1.96044921875;1.978759765625;2.017822265625;2.056884765625;2.005615234375;1.9384765625;2.000732421875;2.056884765625;2.05078125;2.00927734375;1.97021484375;1.964111328125;1.986083984375;2.00927734375;2.01904296875;2.003173828125;1.947021484375;1.949462890625;1.99462890625;2.0068359375;1.9775390625;1.956787109375;1.986083984375;1.993408203125;1.9775390625;1.99462890625;2.02880859375;2.01904296875;2.00927734375;1.981201171875;1.9580078125;1.9921875;1.995849609375;1.98974609375;2.010498046875;2.022705078125;2.01904296875;2.01171875;2.020263671875;2.0361328125;2.0263671875;1.993408203125;1.96533203125;1.966552734375;1.976318359375;1.990966796875
2024-08-29 15:29:11.093250;2.01171875;1.98486328125;1.956787109375;1.954345703125;1.9775390625;2.02880859375;2.049560546875;2.02392578125;1.983642578125;1.961669921875;1.97265625;1.964111328125;1.964111328125;1.981201171875;1.982421875;1.983642578125;2.00439453125;2.022705078125;2.039794921875;2.049560546875;2.049560546875;2.015380859375;1.97509765625;1.961669921875;1.976318359375;1.998291015625;1.99951171875;1.9775390625;1.964111328125;1.9677734375;2.015380859375;2.020263671875;2.003173828125;1.9873046875;1.990966796875;1.9921875;1.9921875;1.964111328125;1.94580078125;1.986083984375;2.017822265625;2.02880859375;2.01171875;1.986083984375;1.982421875;1.998291015625;2.0068359375;2.00927734375;2.00439453125;1.986083984375;1.99462890625;1.993408203125;1.98974609375;1.99462890625;2.017822265625;2.0166015625;1.9921875;1.978759765625;1.986083984375;1.9921875;1.988525390625;1.954345703125;1.98974609375;1.99951171875;1.986083984375;1.99462890625;1.998291015625;1.983642578125;1.97265625;1.998291015625;2.032470703125;2.03369140625;2.01416015625;1.98486328125;1.97509765625;1.99462890625;1.990966796875;1.998291015625;1.9970703125;1.990966796875;1.982421875;1.978759765625;1.9873046875;2.00927734375;2.005615234375;2.003173828125;1.983642578125;1.95068359375;1.9775390625;1.998291015625;2.003173828125;2.0068359375;1.993408203125;1.962890625;1.95556640625;1.9921875;2.032470703125;2.032470703125;2.01904296875;1.9921875
2024-08-29 15:29:11.108535;1.9677734375;1.982421875;1.995849609375;1.993408203125;1.9873046875;2.000732421875;1.9921875;1.986083984375;1.993408203125;2.010498046875;2.008056640625;2.01171875;1.988525390625;1.962890625;1.983642578125;1.990966796875;1.990966796875;1.9921875;1.986083984375;1.978759765625;1.97265625;1.990966796875;2.01171875;2.0166015625;2.010498046875;1.97998046875;1.95068359375;1.947021484375;1.966552734375;1.982421875;1.951904296875;1.9775390625;1.978759765625;1.9873046875;1.99951171875;1.99462890625;1.9873046875;2.001953125;2.012939453125;2.03125;2.00439453125;1.96044921875;1.964111328125;1.99462890625;2.021484375;1.993408203125;1.962890625;1.96533203125;1.9970703125;2.037353515625;2.03857421875;2.015380859375;1.96533203125;1.943359375;1.96044921875;1.988525390625;1.99951171875;1.976318359375;1.962890625;1.973876953125;1.99462890625;2.025146484375;2.037353515625;2.027587890625;1.986083984375;1.959228515625;1.973876953125;1.990966796875;2.005615234375;1.990966796875;1.95556640625;1.96044921875;1.993408203125;2.034912109375;2.044677734375;2.0361328125;2.015380859375;1.97998046875;1.96044921875;1.956787109375;1.966552734375;1.981201171875;1.978759765625;1.981201171875;1.9970703125;2.000732421875;2.015380859375;2.027587890625;2.020263671875;1.9921875;1.966552734375;1.973876953125;1.9775390625;1.9873046875;2.001953125;1.97265625;1.959228515625;1.9873046875;2.010498046875;2.02392578125
2024-08-29 15:29:11.139280;2.022705078125;2.017822265625;1.993408203125;1.973876953125;1.9677734375;1.9677734375;1.978759765625;1.98974609375;1.983642578125;1.988525390625;1.9970703125;1.993408203125;2.005615234375;2.021484375;2.005615234375;1.978759765625;1.9580078125;1.978759765625;1.99951171875;2.0068359375;2.005615234375;1.986083984375;1.988525390625;1.995849609375;2.000732421875;2.025146484375;2.02392578125;2.00439453125;1.9873046875;1.96533203125;2.01416015625;1.983642578125;1.949462890625;1.956787109375;1.9775390625;1.995849609375;2.005615234375;2.000732421875;1.99462890625;1.990966796875;1.995849609375;2.015380859375;2.003173828125;1.973876953125;1.964111328125;1.962890625;1.988525390625;2.00927734375;2.00439453125;1.990966796875;1.993408203125;2.01171875;2.03125;2.03369140625;2.005615234375;1.97509765625;1.94091796875;1.947021484375;1.9775390625;1.9921875;1.9970703125;1.983642578125;1.982421875;2.008056640625;2.02880859375;2.032470703125;2.008056640625;1.9677734375;1.96044921875;1.961669921875;1.98486328125;2.008056640625;2.010498046875;1.998291015625;1.986083984375;1.982421875;2.005615234375;2.034912109375;2.032470703125;2.010498046875;1.97998046875;1.947021484375;1.95068359375;1.96044921875;1.978759765625;1.986083984375;1.998291015625;2.0068359375;2.001953125;2.003173828125;2.015380859375;2.02392578125;2.003173828125;1.968994140625;1.959228515625;1.97998046875;1.9970703125;2.00439453125;2.001953125;1.99462890625
2024-08-29 15:29:11.169785;1.981201171875;1.9873046875;2.021484375;2.041015625;2.030029296875;1.9970703125;1.949462890625;1.93115234375;1.943359375;1.97021484375;2.001953125;2.010498046875;2.015380859375;2.00439453125;1.99462890625;2.001953125;2.02392578125;2.027587890625;1.98974609375;1.95556640625;1.966552734375;1.988525390625;2.00439453125;2.00927734375;1.9970703125;1.98486328125;1.981201171875;1.9970703125;2.027587890625;2.03857421875;1.983642578125;2.008056640625;2.020263671875;2.017822265625;1.993408203125;1.96533203125;1.97021484375;1.990966796875;2.001953125;1.97509765625;1.943359375;1.978759765625;2.0068359375;2.03369140625;2.037353515625;2.008056640625;1.9677734375;1.961669921875;1.976318359375;1.971435546875;1.988525390625;1.993408203125;1.993408203125;2.008056640625;2.027587890625;2.0458984375;2.044677734375;2.008056640625;1.966552734375;1.964111328125;1.976318359375;2.003173828125;2.022705078125;2.005615234375;1.978759765625;1.97998046875;1.9970703125;2.022705078125;2.03125;2.01416015625;1.981201171875;1.959228515625;1.95556640625;1.961669921875;1.976318359375;1.986083984375;1.982421875;1.986083984375;1.990966796875;1.998291015625;2.02392578125;2.03369140625;2.02392578125;1.9873046875;1.9677734375;1.973876953125;1.986083984375;2.005615234375;2.008056640625;1.954345703125;1.94580078125;1.982421875;2.010498046875;2.027587890625;2.02392578125;2.001953125;1.968994140625;1.964111328125;1.964111328125;1.966552734375
2024-08-29 15:29:11.216217;1.964111328125;1.922607421875;1.942138671875;1.981201171875;2.010498046875;1.964111328125;1.943359375;1.96533203125;1.995849609375;2.03857421875;2.060546875;2.042236328125;1.988525390625;1.937255859375;1.925048828125;1.949462890625;1.986083984375;2.010498046875;2.01171875;2.000732421875;2.005615234375;2.01904296875;2.03857421875;2.049560546875;2.0263671875;1.982421875;1.94091796875;1.927490234375;1.96044921875;1.995849609375;1.978759765625;1.99462890625;2.005615234375;2.010498046875;1.986083984375;1.998291015625;2.012939453125;2.02880859375;2.01904296875;1.995849609375;1.964111328125;1.939697265625;1.951904296875;1.971435546875;2.010498046875;1.988525390625;1.9384765625;1.961669921875;2.01171875;2.0361328125;2.039794921875;2.01171875;1.97265625;1.968994140625;1.99462890625;1.9970703125;1.99951171875;2.001953125;1.97509765625;1.978759765625;2.015380859375;2.032470703125;2.01904296875;1.993408203125;1.971435546875;1.962890625;1.971435546875;1.982421875;2.010498046875;1.9873046875;1.923828125;1.956787109375;2.010498046875;2.04345703125;2.05078125;2.02392578125;1.978759765625;1.956787109375;1.978759765625;1.98974609375;1.99462890625;2.008056640625;2.012939453125;1.981201171875;1.97509765625;1.9970703125;2.022705078125;2.037353515625;2.022705078125;1.986083984375;1.971435546875;1.971435546875;1.976318359375;1.99462890625;2.022705078125;1.959228515625;1.925048828125;1.959228515625;2.00439453125;2.030029296875
2024-08-29 15:29:11.247424;2.03369140625;2.021484375;1.9873046875;1.96533203125;1.9677734375;1.97509765625;1.986083984375;1.99462890625;1.971435546875;1.971435546875;1.993408203125;2.015380859375;2.0361328125;2.039794921875;2.02880859375;1.98974609375;1.949462890625;1.949462890625;1.97265625;2.001953125;2.01904296875;1.990966796875;1.9873046875;2.008056640625;2.01904296875;2.02880859375;2.032470703125;2.010498046875;1.976318359375;1.953125;2.030029296875;1.9921875;1.953125;1.95068359375;1.990966796875;2.020263671875;2.003173828125;1.954345703125;1.966552734375;2.00439453125;2.0361328125;2.041015625;2.01904296875;1.9580078125;1.93603515625;1.95068359375;1.981201171875;1.99951171875;1.98486328125;1.983642578125;1.998291015625;2.01416015625;2.02880859375;2.0458984375;2.03369140625;1.982421875;1.939697265625;1.954345703125;1.993408203125;1.98974609375;1.968994140625;1.9873046875;2.00927734375;2.022705078125;2.027587890625;2.03369140625;2.027587890625;1.978759765625;1.932373046875;1.9384765625;1.962890625;1.97998046875;1.99462890625;2.0068359375;2.005615234375;2.000732421875;2.003173828125;2.0166015625;2.03125;2.03125;1.998291015625;1.951904296875;1.937255859375;1.97265625;1.993408203125;1.97265625;1.9677734375;1.97998046875;1.99462890625;2.0166015625;2.0263671875;2.03125;2.01416015625;1.966552734375;1.94091796875;1.954345703125;1.976318359375;1.9873046875;1.988525390625;2.008056640625
2024-08-29 15:29:11.293905;2.0068359375;2.0068359375;2.0166015625;2.0263671875;2.02392578125;1.995849609375;1.971435546875;1.976318359375;1.9921875;1.99951171875;1.998291015625;1.978759765625;1.9775390625;1.983642578125;1.995849609375;2.005615234375;2.01416015625;2.017822265625;2.003173828125;1.978759765625;1.95556640625;1.956787109375;1.968994140625;1.97998046875;2.010498046875;2.030029296875;2.021484375;1.998291015625;1.990966796875;1.995849609375;2.01416015625;2.025146484375;2.01416015625;1.983642578125;1.951904296875;1.953125;1.981201171875;1.998291015625;1.9970703125;1.976318359375;1.973876953125;1.97509765625;1.9775390625;1.998291015625;2.01904296875;2.010498046875;1.9921875;1.97509765625;1.986083984375;1.9970703125;1.9873046875;2.000732421875;2.01904296875;2.012939453125;2.00927734375;2.005615234375;2.003173828125;1.98974609375;1.949462890625;1.96044921875;2.005615234375;2.003173828125;1.998291015625;1.990966796875;1.97509765625;1.9677734375;1.97509765625;1.9970703125;2.01904296875;2.01171875;1.9921875;1.986083984375;1.990966796875;2.001953125;2.001953125;1.993408203125;2.0068359375;1.99951171875;1.98486328125;1.986083984375;1.99462890625;2.012939453125;2.010498046875;1.964111328125;1.93603515625;1.98486328125;2.015380859375;2.0166015625;2.010498046875;1.988525390625;1.97021484375;1.966552734375;1.97998046875;2.017822265625;2.03857421875;2.00927734375;1.96533203125;1.942138671875;1.9677734375;1.988525390625
2024-08-29 15:29:11.340124;1.939697265625;1.953125;1.983642578125;2.008056640625;2.017822265625;2.015380859375;2.01171875;1.99951171875;1.9921875;2.0068359375;2.022705078125;2.01171875;1.981201171875;1.943359375;1.9580078125;1.99462890625;2.001953125;1.983642578125;2.00439453125;2.000732421875;1.986083984375;1.998291015625;2.020263671875;2.027587890625;2.00439453125;1.97021484375;1.9580078125;1.962890625;1.983642578125;2.003173828125;1.971435546875;1.981201171875;1.97998046875;1.971435546875;1.9921875;1.995849609375;2.005615234375;2.02880859375;2.015380859375;1.9921875;1.97021484375;1.986083984375;1.981201171875;1.97265625;1.988525390625;1.9921875;1.9775390625;1.98486328125;2.021484375;2.025146484375;2.005615234375;1.9921875;1.98974609375;1.97265625;1.97265625;1.981201171875;1.96533203125;1.97265625;1.993408203125;1.9921875;2.02392578125;2.037353515625;2.0263671875;1.99951171875;1.962890625;1.962890625;1.964111328125;1.982421875;2.010498046875;1.995849609375;1.9775390625;1.973876953125;1.995849609375;2.03125;2.034912109375;2.022705078125;1.9970703125;1.96533203125;1.954345703125;1.981201171875;2.015380859375;2.02392578125;1.976318359375;1.9482421875;1.956787109375;1.990966796875;2.02392578125;2.027587890625;2.030029296875;2.00927734375;1.9677734375;1.962890625;1.976318359375;1.99951171875;2.01171875;1.986083984375;1.9775390625;1.97998046875;1.998291015625;2.017822265625
2024-08-29 15:29:11.356271;2.0263671875;2.02392578125;1.998291015625;1.9677734375;1.95556640625;1.961669921875;1.9677734375;1.973876953125;2.00439453125;2.01904296875;2.0068359375;2.0068359375;2.021484375;2.017822265625;2.010498046875;1.982421875;1.964111328125;1.981201171875;1.97265625;1.9970703125;2.003173828125;1.988525390625;1.9775390625;1.97265625;1.99951171875;2.012939453125;2.012939453125;2.010498046875;1.990966796875;1.97509765625;1.993408203125;1.981201171875;1.9873046875;1.9775390625;1.981201171875;1.978759765625;1.993408203125;2.010498046875;2.000732421875;2.005615234375;2.015380859375;1.9970703125;1.981201171875;1.9482421875;1.954345703125;1.9970703125;1.995849609375;2.000732421875;1.998291015625;1.98974609375;1.993408203125;2.012939453125;2.015380859375;2.01171875;2.00439453125;1.99462890625;1.97998046875;1.97998046875;1.9921875;1.986083984375;1.986083984375;1.998291015625;1.98974609375;1.98974609375;2.000732421875;2.0166015625;2.008056640625;1.966552734375;1.956787109375;2.00439453125;2.00927734375;2.005615234375;2.01416015625;1.99462890625;1.97509765625;1.9775390625;1.98974609375;1.99951171875;2.008056640625;1.98486328125;1.956787109375;1.951904296875;1.97021484375;1.988525390625;2.000732421875;2.02392578125;2.0166015625;1.990966796875;1.97265625;1.973876953125;1.995849609375;2.017822265625;2.012939453125;1.962890625;1.95068359375;2.003173828125;2.000732421875;2.0068359375;2.0068359375;1.99462890625
2024-08-29 15:29:11.386420;1.9873046875;1.99951171875;2.010498046875;2.010498046875;1.99462890625;1.97021484375;1.96533203125;1.983642578125;2.0068359375;2.00439453125;2.000732421875;1.993408203125;1.97265625;1.962890625;1.982421875;2.0068359375;2.01171875;2.01171875;1.978759765625;1.962890625;1.97509765625;1.97265625;1.982421875;2.001953125;2.010498046875;2.01171875;2.00927734375;2.00439453125;2.010498046875;2.0068359375;2.001953125;2.01171875;2.003173828125;2.005615234375;1.99951171875;1.988525390625;1.983642578125;1.99462890625;1.990966796875;1.98486328125;1.9921875;1.99951171875;2.005615234375;2.015380859375;1.995849609375;1.986083984375;1.959228515625;1.944580078125;1.993408203125;2.01416015625;2.00439453125;1.998291015625;1.983642578125;1.976318359375;1.986083984375;2.000732421875;2.015380859375;2.000732421875;1.9775390625;1.976318359375;1.988525390625;1.988525390625;1.998291015625;2.020263671875;2.01904296875;1.995849609375;1.990966796875;1.99951171875;1.9970703125;1.998291015625;1.978759765625;1.943359375;1.978759765625;1.993408203125;1.983642578125;2.000732421875;1.9970703125;2.000732421875;2.00927734375;2.03125;2.039794921875;2.01416015625;1.978759765625;1.962890625;1.973876953125;1.982421875;1.983642578125;1.9921875;1.99462890625;1.986083984375;1.97509765625;1.9775390625;1.99462890625;2.001953125;2.005615234375;2.005615234375;1.97021484375;1.9677734375;2.000732421875;1.98974609375
2024-08-29 15:29:11.418040;1.990966796875;2.010498046875;2.010498046875;2.00927734375;2.008056640625;2.0166015625;2.00439453125;1.998291015625;1.9775390625;1.9677734375;1.98486328125;1.995849609375;2.001953125;1.99462890625;1.993408203125;2.00439453125;1.998291015625;1.9970703125;2.0068359375;2.00927734375;1.9921875;1.971435546875;1.934814453125;1.9482421875;1.995849609375;1.98974609375;1.9775390625;1.978759765625;1.98974609375;1.99462890625;1.966552734375;1.976318359375;2.005615234375;2.001953125;2.012939453125;2.020263671875;2.020263671875;1.998291015625;1.9580078125;1.95068359375;1.978759765625;2.0068359375;2.0166015625;2.0166015625;2.012939453125;2.008056640625;2.00439453125;2.012939453125;1.9921875;1.973876953125;1.951904296875;1.953125;1.982421875;1.983642578125;1.96533203125;1.99951171875;2.010498046875;2.01904296875;2.020263671875;2.01904296875;2.0263671875;1.976318359375;1.949462890625;1.95068359375;1.9677734375;1.978759765625;1.993408203125;2.008056640625;2.02392578125;2.03125;2.025146484375;2.017822265625;2.012939453125;1.9921875;1.961669921875;1.942138671875;1.953125;1.9677734375;1.97509765625;1.9580078125;1.98486328125;2.01416015625;2.0263671875;2.030029296875;2.01904296875;2.025146484375;2.0166015625;1.968994140625;1.953125;1.9580078125;1.968994140625;1.99462890625;2.010498046875;2.01416015625;2.02392578125;2.03125;2.027587890625;2.02880859375;2.01171875;1.97509765625
2024-08-29 15:29:11.480698;2.000732421875;1.99462890625;1.986083984375;1.937255859375;1.956787109375;1.9921875;2.012939453125;2.042236328125;2.039794921875;1.97265625;1.954345703125;1.98486328125;2.00927734375;2.012939453125;1.998291015625;1.9677734375;1.949462890625;1.96533203125;1.98486328125;2.008056640625;2.017822265625;1.98486328125;1.947021484375;1.937255859375;1.97265625;2.01171875;2.021484375;2.039794921875;2.012939453125;1.961669921875;2.061767578125;2.025146484375;1.9677734375;1.95556640625;1.9873046875;2.0166015625;2.017822265625;1.953125;1.953125;1.98486328125;2.01904296875;2.037353515625;2.03857421875;1.99462890625;1.9482421875;1.934814453125;1.959228515625;1.981201171875;1.982421875;1.9921875;1.995849609375;1.9921875;2.0166015625;2.037353515625;2.02880859375;1.986083984375;1.949462890625;1.95556640625;1.99462890625;2.0361328125;1.990966796875;1.92626953125;1.94580078125;1.998291015625;2.03857421875;2.05810546875;2.04833984375;2.00439453125;1.964111328125;1.94580078125;1.95068359375;1.97265625;1.978759765625;1.97998046875;1.990966796875;1.9970703125;2.012939453125;2.037353515625;2.04833984375;2.02880859375;1.99462890625;1.96533203125;1.943359375;1.95556640625;1.99462890625;1.97265625;1.9287109375;1.949462890625;1.990966796875;2.03369140625;2.066650390625;2.06787109375;2.042236328125;1.9970703125;1.959228515625;1.947021484375;1.95556640625;1.968994140625;1.982421875;1.988525390625
2024-08-29 15:29:11.510801;1.988525390625;1.986083984375;2.008056640625;2.0361328125;2.05078125;2.021484375;1.983642578125;1.949462890625;1.953125;1.9921875;2.015380859375;1.988525390625;1.966552734375;1.986083984375;2.0068359375;2.032470703125;2.03125;2.025146484375;2.00439453125;1.959228515625;1.939697265625;1.954345703125;1.976318359375;1.978759765625;1.9482421875;1.976318359375;2.00439453125;2.022705078125;2.034912109375;2.041015625;1.995849609375;2.012939453125;2.030029296875;2.0361328125;2.001953125;1.956787109375;1.96044921875;1.993408203125;2.0166015625;2.010498046875;1.968994140625;1.9775390625;2.005615234375;2.030029296875;2.0263671875;2.003173828125;1.9677734375;1.95068359375;1.959228515625;1.988525390625;2.01171875;1.954345703125;1.939697265625;1.954345703125;2.0068359375;2.0361328125;2.0458984375;2.0361328125;1.990966796875;1.956787109375;1.964111328125;1.993408203125;2.003173828125;1.98974609375;1.990966796875;1.998291015625;2.01171875;2.03369140625;2.03125;2.02880859375;2.008056640625;1.959228515625;1.94091796875;1.947021484375;1.962890625;1.9580078125;1.9775390625;1.99951171875;2.005615234375;2.02880859375;2.05078125;2.04345703125;2.020263671875;1.978759765625;1.964111328125;1.959228515625;1.968994140625;1.982421875;1.988525390625;1.988525390625;1.990966796875;1.9970703125;2.00927734375;2.022705078125;2.02880859375;2.030029296875;1.998291015625;1.95556640625;1.94580078125;1.962890625
2024-08-29 15:29:11.572740;1.98974609375;1.9873046875;1.968994140625;1.986083984375;2.01171875;2.022705078125;2.030029296875;2.027587890625;2.005615234375;1.976318359375;1.973876953125;1.966552734375;1.97021484375;1.981201171875;1.983642578125;1.98486328125;1.9921875;1.995849609375;2.00927734375;2.017822265625;2.021484375;2.0166015625;1.995849609375;1.956787109375;1.947021484375;1.9677734375;1.981201171875;1.954345703125;1.9677734375;1.993408203125;1.95556640625;1.95556640625;1.978759765625;2.000732421875;2.041015625;2.04345703125;2.04345703125;2.0068359375;1.961669921875;1.961669921875;1.9873046875;2.001953125;1.99462890625;1.98486328125;1.99462890625;2.00439453125;2.021484375;2.03125;2.020263671875;1.988525390625;1.949462890625;1.951904296875;1.973876953125;1.9921875;1.953125;1.971435546875;2.001953125;2.03369140625;2.05078125;2.042236328125;2.015380859375;1.976318359375;1.95556640625;1.9580078125;1.97021484375;1.983642578125;1.97265625;1.973876953125;1.986083984375;1.990966796875;2.00927734375;2.021484375;2.021484375;2.008056640625;1.9677734375;1.95068359375;1.96044921875;1.97998046875;1.993408203125;1.9970703125;2.001953125;2.00927734375;2.01171875;2.017822265625;2.02392578125;2.017822265625;1.986083984375;1.961669921875;1.956787109375;1.9775390625;1.99462890625;1.9921875;1.983642578125;1.98974609375;1.98974609375;1.988525390625;2.015380859375;2.02392578125;2.01171875;1.988525390625
2024-08-29 15:29:11.618776;1.990966796875;2.003173828125;2.021484375;2.034912109375;2.020263671875;2.001953125;1.982421875;1.954345703125;1.959228515625;1.9775390625;2.005615234375;2.017822265625;2.01171875;2.001953125;1.99951171875;2.01171875;2.015380859375;2.000732421875;1.971435546875;1.949462890625;1.95556640625;1.97265625;1.990966796875;1.9873046875;1.982421875;2.0068359375;2.010498046875;1.99951171875;2.010498046875;2.02880859375;2.00439453125;2.01171875;2.015380859375;2.017822265625;1.993408203125;1.962890625;1.9677734375;1.981201171875;2.001953125;2.00439453125;1.998291015625;1.99951171875;2.003173828125;2.008056640625;2.02392578125;2.015380859375;1.976318359375;1.951904296875;1.96533203125;1.983642578125;1.99951171875;1.962890625;1.9775390625;2.01171875;2.021484375;2.025146484375;2.0263671875;2.012939453125;1.981201171875;1.9580078125;1.962890625;1.97509765625;1.982421875;1.993408203125;1.9970703125;1.99951171875;2.0068359375;2.01171875;2.0166015625;2.010498046875;1.983642578125;1.956787109375;1.956787109375;1.981201171875;2.001953125;1.9921875;1.986083984375;1.9970703125;1.990966796875;1.9921875;2.005615234375;2.017822265625;2.015380859375;1.983642578125;1.947021484375;1.949462890625;1.97998046875;2.00439453125;2.010498046875;2.01171875;2.010498046875;2.005615234375;1.99951171875;1.998291015625;2.008056640625;2.005615234375;1.9775390625;1.9482421875;1.944580078125;1.981201171875
2024-08-29 15:29:11.635071;2.003173828125;1.982421875;1.973876953125;1.9970703125;2.0068359375;2.017822265625;2.022705078125;2.0166015625;2.0068359375;1.982421875;1.9677734375;1.97509765625;1.9873046875;1.9873046875;1.986083984375;1.99951171875;2.0068359375;2.0068359375;2.01171875;2.00439453125;1.99462890625;1.983642578125;1.953125;1.944580078125;1.9775390625;2.00439453125;2.008056640625;1.9970703125;1.982421875;1.971435546875;1.990966796875;1.98486328125;1.971435546875;1.995849609375;2.044677734375;2.059326171875;2.037353515625;1.971435546875;1.929931640625;1.93603515625;1.962890625;1.990966796875;2.000732421875;1.995849609375;1.99951171875;2.0166015625;2.032470703125;2.04345703125;2.01416015625;1.978759765625;1.95556640625;1.947021484375;1.962890625;1.983642578125;1.9873046875;1.97509765625;1.981201171875;2.02392578125;2.0654296875;2.054443359375;2.015380859375;1.96044921875;1.93115234375;1.942138671875;1.971435546875;1.995849609375;2.001953125;1.9873046875;1.983642578125;2.015380859375;2.037353515625;2.04833984375;2.041015625;2.001953125;1.982421875;1.961669921875;1.939697265625;1.951904296875;1.981201171875;2.00439453125;2.003173828125;1.993408203125;1.9970703125;2.020263671875;2.047119140625;2.049560546875;2.012939453125;1.953125;1.92138671875;1.943359375;1.9775390625;1.998291015625;2.0068359375;1.9921875;1.97998046875;1.99462890625;2.020263671875;2.05322265625;2.041015625;2.00439453125
2024-08-29 15:29:11.681961;2.034912109375;2.027587890625;1.998291015625;1.968994140625;1.959228515625;1.9677734375;1.973876953125;1.99462890625;1.983642578125;1.951904296875;1.971435546875;2.003173828125;2.030029296875;2.0361328125;2.027587890625;2.010498046875;1.966552734375;1.94580078125;1.9580078125;1.986083984375;2.01171875;2.00927734375;1.986083984375;1.9873046875;2.00439453125;2.025146484375;2.03369140625;2.021484375;1.990966796875;1.96533203125;2.015380859375;1.990966796875;1.9580078125;1.947021484375;1.97021484375;1.9873046875;1.978759765625;1.9775390625;1.99462890625;2.010498046875;2.027587890625;2.02880859375;2.01416015625;1.993408203125;1.959228515625;1.953125;1.973876953125;1.995849609375;2.003173828125;2.0068359375;1.998291015625;2.005615234375;2.015380859375;2.01904296875;2.00439453125;1.97021484375;1.959228515625;1.971435546875;1.99462890625;2.005615234375;1.99462890625;2.000732421875;1.998291015625;2.00439453125;2.02880859375;2.0263671875;2.005615234375;1.98486328125;1.9580078125;1.956787109375;1.97509765625;1.98974609375;1.986083984375;1.983642578125;1.9970703125;2.01171875;2.02392578125;2.030029296875;2.0263671875;1.99462890625;1.96044921875;1.959228515625;1.959228515625;1.9775390625;1.982421875;1.986083984375;1.99462890625;1.98974609375;1.990966796875;2.003173828125;2.022705078125;2.032470703125;2.022705078125;1.978759765625;1.947021484375;1.949462890625;1.9677734375;1.99462890625;1.976318359375;1.934814453125
2024-08-29 15:29:11.728517;1.9580078125;2.008056640625;2.039794921875;2.0458984375;2.041015625;2.01416015625;1.978759765625;1.964111328125;1.968994140625;1.98486328125;1.998291015625;1.99951171875;2.00439453125;1.9921875;1.98974609375;2.008056640625;2.030029296875;2.025146484375;2.010498046875;1.97509765625;1.954345703125;1.953125;1.962890625;1.97998046875;1.990966796875;2.0068359375;1.995849609375;1.995849609375;2.010498046875;2.025146484375;1.982421875;2.008056640625;2.027587890625;2.008056640625;1.971435546875;1.959228515625;1.97021484375;1.988525390625;2.00439453125;2.003173828125;1.98486328125;1.978759765625;1.988525390625;1.99951171875;1.99951171875;1.99951171875;1.97509765625;1.9384765625;1.95556640625;1.9677734375;1.973876953125;2.000732421875;1.9873046875;1.98974609375;2.000732421875;2.021484375;2.044677734375;2.044677734375;1.99462890625;1.949462890625;1.971435546875;2.000732421875;2.01904296875;2.01416015625;1.993408203125;1.983642578125;1.993408203125;2.0166015625;2.020263671875;2.003173828125;1.97265625;1.939697265625;1.951904296875;1.971435546875;1.9775390625;1.9677734375;1.982421875;1.97509765625;1.973876953125;1.9921875;2.025146484375;2.041015625;2.052001953125;2.0166015625;1.97265625;1.949462890625;1.978759765625;2.005615234375;2.015380859375;2.003173828125;1.97021484375;1.96044921875;1.978759765625;2.00927734375;2.027587890625;2.021484375;1.9677734375;1.927490234375;1.939697265625;1.961669921875
2024-08-29 15:29:11.759631;1.9677734375;1.9775390625;1.99462890625;2.001953125;1.99462890625;1.99462890625;2.022705078125;2.056884765625;2.064208984375;2.017822265625;1.949462890625;1.951904296875;1.98974609375;2.005615234375;2.012939453125;2.008056640625;1.998291015625;1.995849609375;2.01171875;2.030029296875;2.01904296875;1.988525390625;1.949462890625;1.9287109375;1.944580078125;1.9677734375;1.966552734375;1.9677734375;1.986083984375;1.98974609375;1.964111328125;1.939697265625;1.95068359375;1.97998046875;2.003173828125;2.01171875;2.01171875;2.027587890625;2.04833984375;2.017822265625;1.954345703125;1.951904296875;2.001953125;1.9580078125;1.949462890625;1.97998046875;1.983642578125;1.96044921875;1.959228515625;1.990966796875;2.060546875;2.0654296875;2.0458984375;2.034912109375;1.98974609375;1.929931640625;1.93115234375;1.953125;1.978759765625;2.0166015625;2.041015625;2.032470703125;2.032470703125;2.0263671875;2.017822265625;2.015380859375;2.000732421875;1.990966796875;1.944580078125;1.92138671875;1.937255859375;1.94091796875;1.962890625;2.0068359375;2.0263671875;2.02880859375;2.037353515625;2.032470703125;2.032470703125;1.995849609375;1.942138671875;1.92626953125;1.94091796875;1.951904296875;2.00439453125;2.039794921875;2.01171875;1.9921875;2.010498046875;2.022705078125;1.998291015625;1.988525390625;1.986083984375;1.97265625;1.961669921875;1.956787109375;1.953125;1.956787109375;1.9775390625;2.017822265625
2024-08-29 15:29:11.774872;2.04833984375;2.052001953125;2.022705078125;1.981201171875;1.968994140625;1.962890625;1.97021484375;1.993408203125;2.000732421875;1.97998046875;1.964111328125;2.0166015625;1.993408203125;1.956787109375;1.982421875;2.042236328125;2.03125;1.97998046875;1.98486328125;1.97021484375;1.9677734375;1.973876953125;1.98974609375;2.001953125;2.030029296875;2.05078125;1.99951171875;1.983642578125;2.027587890625;2.027587890625;2.03125;2.021484375;2.005615234375;1.978759765625;1.95068359375;1.96044921875;1.97998046875;2.02392578125;2.001953125;1.939697265625;1.966552734375;2.0263671875;2.030029296875;2.005615234375;1.976318359375;1.973876953125;1.98974609375;1.998291015625;1.990966796875;2.017822265625;2.03857421875;1.97998046875;2.02880859375;2.015380859375;2.010498046875;1.988525390625;1.9921875;1.983642578125;1.9873046875;1.9482421875;1.97265625;1.971435546875;2.0166015625;2.03369140625;2.0166015625;1.959228515625;1.944580078125;1.971435546875;1.95556640625;1.99951171875;2.02392578125;2.01904296875;1.990966796875;1.971435546875;1.976318359375;1.98486328125;1.995849609375;2.03125;2.015380859375;2.01171875;1.981201171875;1.956787109375;1.981201171875;1.982421875;2.01171875;2.00927734375;2.005615234375;1.981201171875;1.951904296875;1.976318359375;1.9873046875;1.983642578125;2.008056640625;1.97265625;2.000732421875;2.037353515625;2.0263671875;1.995849609375;1.988525390625;1.982421875
2024-08-29 15:29:11.821012;1.9580078125;1.98486328125;2.021484375;2.0068359375;2.00927734375;2.025146484375;1.97265625;1.95068359375;1.96044921875;1.97021484375;1.96533203125;1.988525390625;1.988525390625;2.04345703125;2.017822265625;1.973876953125;1.97265625;1.949462890625;1.978759765625;2.000732421875;2.015380859375;2.0458984375;2.025146484375;1.986083984375;1.983642578125;1.968994140625;1.97021484375;1.973876953125;1.961669921875;2.00439453125;1.978759765625;1.9580078125;1.956787109375;1.98486328125;2.017822265625;2.034912109375;2.0361328125;2.008056640625;1.954345703125;1.97021484375;1.959228515625;1.9580078125;2.010498046875;1.990966796875;1.988525390625;2.01904296875;1.988525390625;1.98974609375;1.990966796875;1.973876953125;1.971435546875;2.0166015625;2.042236328125;2.0458984375;2.0361328125;1.9677734375;1.954345703125;1.9580078125;1.966552734375;2.0068359375;1.98974609375;2.030029296875;2.027587890625;1.99951171875;1.986083984375;1.949462890625;1.95068359375;1.973876953125;1.982421875;2.02392578125;2.056884765625;2.05322265625;2.01416015625;2.010498046875;1.993408203125;1.949462890625;1.953125;2.0166015625;2.05078125;2.044677734375;1.99462890625;1.934814453125;1.956787109375;1.953125;1.96533203125;1.96044921875;1.959228515625;2.017822265625;2.060546875;2.034912109375;2.027587890625;2.00439453125;1.96533203125;1.937255859375;1.9775390625;1.982421875;2.001953125;2.069091796875;2.060546875;2.003173828125
2024-08-29 15:29:11.867429;1.971435546875;1.9580078125;1.9580078125;1.96044921875;1.953125;1.97021484375;1.976318359375;2.000732421875;2.030029296875;2.017822265625;2.008056640625;1.97998046875;1.966552734375;1.944580078125;1.976318359375;2.010498046875;2.01171875;2.010498046875;1.981201171875;1.9677734375;1.9873046875;1.993408203125;2.01171875;1.98974609375;2.015380859375;2.010498046875;2.005615234375;2.010498046875;1.966552734375;1.97265625;2.003173828125;1.9775390625;1.9970703125;2.003173828125;1.968994140625;1.97021484375;1.9873046875;2.00927734375;2.0166015625;1.986083984375;1.995849609375;2.003173828125;2.008056640625;1.99951171875;1.98486328125;1.995849609375;2.01171875;1.995849609375;1.99462890625;2.001953125;1.976318359375;1.981201171875;1.973876953125;1.973876953125;1.99951171875;1.9775390625;2.022705078125;1.993408203125;2.010498046875;2.02880859375;1.99462890625;1.986083984375;1.9921875;1.998291015625;1.9921875;1.971435546875;1.937255859375;1.953125;1.97021484375;2.008056640625;2.02392578125;1.9921875;1.993408203125;1.98486328125;2.000732421875;1.986083984375;1.9921875;2.000732421875;2.003173828125;1.993408203125;2.012939453125;2.0068359375;2.02392578125;1.99951171875;1.99462890625;1.981201171875;1.962890625;1.966552734375;1.9775390625;1.98486328125;2.021484375;2.020263671875;2.03369140625;2.00927734375;1.96533203125;1.9677734375;1.966552734375;1.947021484375;1.944580078125;1.97021484375
2024-08-29 15:29:11.899183;2.049560546875;2.03369140625;1.951904296875;1.96044921875;1.983642578125;1.990966796875;1.97509765625;2.010498046875;2.0263671875;2.02880859375;2.02392578125;1.976318359375;1.953125;1.95556640625;1.951904296875;1.956787109375;1.9921875;2.00927734375;1.993408203125;1.98974609375;2.003173828125;2.020263671875;2.012939453125;1.956787109375;1.995849609375;2.02880859375;2.042236328125;1.9775390625;1.973876953125;1.99462890625;1.9775390625;1.976318359375;1.973876953125;1.971435546875;1.99462890625;1.961669921875;2.01416015625;2.052001953125;2.04345703125;2.015380859375;1.961669921875;1.95556640625;1.961669921875;1.951904296875;1.97509765625;2.008056640625;2.06787109375;2.00927734375;1.986083984375;1.966552734375;1.9677734375;1.990966796875;1.995849609375;2.020263671875;1.9921875;1.97998046875;1.968994140625;1.99951171875;1.990966796875;1.988525390625;1.9970703125;2.00439453125;2.039794921875;2.0556640625;2.0556640625;2.00439453125;1.968994140625;1.97998046875;1.9580078125;1.949462890625;2.0166015625;2.0556640625;2.04833984375;2.02880859375;1.959228515625;1.943359375;1.929931640625;1.968994140625;2.003173828125;1.99951171875;2.001953125;2.012939453125;1.976318359375;1.9775390625;1.971435546875;1.983642578125;1.973876953125;1.98486328125;1.982421875;1.995849609375;2.044677734375;2.0263671875;2.0068359375;1.97998046875;1.97998046875;1.9775390625;1.968994140625;2.003173828125;2.04345703125;2.04345703125
2024-08-29 15:29:11.946066;2.01904296875;1.976318359375;1.9287109375;1.964111328125;2.003173828125;1.976318359375;1.968994140625;1.95556640625;1.953125;1.97021484375;1.990966796875;1.97509765625;1.978759765625;1.988525390625;2.001953125;2.001953125;1.9873046875;2.02392578125;2.066650390625;2.0556640625;1.983642578125;2.005615234375;2.03369140625;1.99462890625;1.9677734375;2.017822265625;2.0263671875;2.01171875;2.00927734375;1.94580078125;1.917724609375;1.91650390625;1.94091796875;1.97998046875;2.030029296875;2.001953125;1.998291015625;1.9677734375;1.971435546875;2.00927734375;2.00439453125;2.022705078125;1.98974609375;1.993408203125;2.001953125;2.022705078125;2.047119140625;2.042236328125;1.9970703125;1.97265625;1.973876953125;1.983642578125;2.010498046875;2.021484375;2.030029296875;2.017822265625;1.973876953125;1.932373046875;1.971435546875;1.973876953125;1.964111328125;1.961669921875;1.9287109375;1.9677734375;2.0166015625;2.030029296875;2.017822265625;1.98974609375;1.961669921875;1.988525390625;1.993408203125;2.003173828125;2.010498046875;2.005615234375;1.98974609375;1.9775390625;2.012939453125;2.00927734375;2.000732421875;2.042236328125;2.034912109375;2.017822265625;1.990966796875;1.988525390625;1.988525390625;2.01171875;2.00927734375;2.02392578125;2.0361328125;2.021484375;1.983642578125;1.9677734375;1.9287109375;1.944580078125;1.971435546875;1.97998046875;1.995849609375;2.00927734375;2.000732421875;2.008056640625
2024-08-29 15:29:12.022399;1.981201171875;1.97509765625;1.976318359375;1.9970703125;2.001953125;2.020263671875;2.03125;1.99462890625;1.976318359375;1.976318359375;1.96044921875;1.966552734375;1.9873046875;2.003173828125;2.015380859375;2.022705078125;2.030029296875;1.998291015625;1.973876953125;1.99951171875;1.9970703125;1.988525390625;1.956787109375;1.998291015625;2.020263671875;2.022705078125;2.037353515625;2.020263671875;2.0068359375;2.001953125;2.017822265625;2.044677734375;2.0166015625;1.986083984375;1.986083984375;1.9775390625;1.98974609375;2.001953125;2.001953125;1.99462890625;1.99462890625;2.000732421875;2.02392578125;2.000732421875;2.000732421875;1.998291015625;1.98974609375;1.97265625;1.981201171875;1.9921875;1.983642578125;1.990966796875;1.9921875;2.0166015625;2.01171875;1.983642578125;1.9921875;2.0166015625;2.021484375;2.017822265625;1.988525390625;1.9677734375;1.9580078125;2.0068359375;2.05078125;2.03857421875;2.01416015625;1.95068359375;1.934814453125;1.93115234375;1.932373046875;1.961669921875;2.015380859375;2.001953125;1.9873046875;1.9775390625;1.9482421875;1.9384765625;1.9677734375;2.00927734375;1.978759765625;1.97998046875;2.021484375;1.9775390625;1.9677734375;1.964111328125;1.97265625;1.995849609375;2.025146484375;2.01416015625;1.978759765625;2.039794921875;2.04833984375;2.039794921875;2.012939453125;1.982421875;1.9873046875;2.005615234375;2.008056640625;2.05322265625
2024-08-29 15:29:12.099848;1.99462890625;2.001953125;2.012939453125;2.00927734375;1.986083984375;1.959228515625;1.95068359375;1.956787109375;1.971435546875;1.9775390625;1.97509765625;1.97509765625;1.973876953125;1.97021484375;1.97509765625;1.978759765625;1.986083984375;1.988525390625;1.9873046875;1.983642578125;1.986083984375;1.9970703125;2.010498046875;2.010498046875;2.0068359375;1.9970703125;1.993408203125;1.988525390625;1.993408203125;1.998291015625;1.98486328125;1.99462890625;2.012939453125;2.025146484375;2.0263671875;2.01904296875;2.001953125;1.9873046875;1.976318359375;1.966552734375;1.959228515625;1.95068359375;1.937255859375;1.9287109375;1.94091796875;1.961669921875;1.988525390625;2.01904296875;2.025146484375;2.010498046875;1.99462890625;1.98486328125;1.988525390625;1.998291015625;2.008056640625;2.012939453125;2.0068359375;2.003173828125;2.008056640625;2.00927734375;2.001953125;1.99951171875;1.993408203125;1.982421875;1.976318359375;1.973876953125;1.97021484375;1.97998046875;1.990966796875;2.001953125;2.005615234375;2.01171875;2.01416015625;2.010498046875;2.00927734375;2.005615234375;2.003173828125;1.995849609375;1.98486328125;1.971435546875;1.968994140625;2.000732421875;2.034912109375;2.042236328125;2.0263671875;2.01171875;1.993408203125;1.97998046875;1.973876953125;1.973876953125;1.981201171875;1.98486328125;1.990966796875;2.00439453125;2.0068359375;2.010498046875;2.01171875;2.00439453125;1.982421875;1.9580078125
2024-08-29 15:29:12.131358;1.934814453125;1.93115234375;1.947021484375;1.9775390625;2.000732421875;2.0166015625;2.025146484375;2.025146484375;2.01904296875;2.015380859375;2.01416015625;2.005615234375;1.99462890625;1.990966796875;1.986083984375;1.982421875;1.981201171875;1.983642578125;1.9775390625;1.976318359375;1.976318359375;1.98486328125;1.998291015625;2.0068359375;2.010498046875;2.00927734375;1.995849609375;1.978759765625;1.968994140625;1.964111328125;1.961669921875;1.964111328125;1.968994140625;1.982421875;1.998291015625;2.0166015625;2.01904296875;2.020263671875;2.0166015625;2.00927734375;2.000732421875;1.995849609375;1.990966796875;1.981201171875;1.97509765625;1.97021484375;1.9580078125;1.953125;1.953125;1.9580078125;1.9677734375;1.97021484375;1.973876953125;1.97265625;1.97998046875;1.9873046875;1.995849609375;2.003173828125;2.008056640625;2.005615234375;1.9970703125;1.983642578125;1.97509765625;1.97509765625;1.97998046875;1.9873046875;2.003173828125;2.0166015625;2.02880859375;2.0263671875;2.017822265625;2.01171875;2.005615234375;2.005615234375;2.00439453125;1.99951171875;1.995849609375;1.995849609375;1.99462890625;1.998291015625;1.99951171875;1.993408203125;1.983642578125;1.97509765625;1.971435546875;1.976318359375;1.9775390625;1.988525390625;1.990966796875;2.003173828125;2.0068359375;2.012939453125;2.012939453125;2.00927734375;2.008056640625;2.00439453125;2.000732421875;1.99951171875;2.000732421875;1.998291015625
2024-08-29 15:29:12.192847;2.00927734375;2.00927734375;2.00927734375;2.0068359375;1.99951171875;1.9921875;1.98486328125;1.976318359375;1.971435546875;1.966552734375;1.9677734375;1.97509765625;1.9873046875;1.988525390625;1.9921875;1.9873046875;1.98486328125;1.986083984375;1.986083984375;1.983642578125;1.9873046875;1.990966796875;1.98486328125;1.982421875;1.986083984375;1.990966796875;1.990966796875;1.993408203125;2.005615234375;2.012939453125;2.008056640625;2.00927734375;2.00927734375;2.0068359375;2.003173828125;2.001953125;2.001953125;1.9970703125;1.99462890625;1.98486328125;1.98486328125;1.982421875;1.983642578125;1.993408203125;1.9970703125;1.993408203125;1.995849609375;1.9921875;1.988525390625;1.990966796875;1.9921875;1.98974609375;1.98974609375;1.9921875;1.99951171875;1.998291015625;2.000732421875;1.99951171875;2.000732421875;1.998291015625;1.99462890625;1.98486328125;1.983642578125;1.98486328125;1.98486328125;1.986083984375;1.993408203125;2.005615234375;2.00927734375;2.010498046875;2.010498046875;2.01171875;2.00927734375;2.00927734375;2.00927734375;2.010498046875;2.01171875;2.00927734375;2.00439453125;1.9970703125;1.98974609375;1.982421875;1.97998046875;1.97998046875;1.9775390625;1.976318359375;1.98486328125;1.990966796875;1.990966796875;1.9921875;1.99462890625;1.98974609375;1.98974609375;1.995849609375;1.995849609375;1.993408203125;1.99951171875;1.995849609375;1.993408203125;1.98974609375
2024-08-29 15:29:12.208954;1.993408203125;1.993408203125;1.990966796875;1.9873046875;1.9873046875;1.986083984375;1.9873046875;1.993408203125;1.98974609375;1.988525390625;1.98974609375;1.988525390625;1.993408203125;1.9970703125;1.998291015625;1.995849609375;1.990966796875;1.99462890625;2.00439453125;2.0068359375;2.008056640625;2.00927734375;2.000732421875;1.9970703125;1.993408203125;1.983642578125;1.9873046875;1.9873046875;1.98486328125;1.990966796875;1.988525390625;1.990966796875;1.988525390625;1.9873046875;1.986083984375;1.9921875;1.9970703125;1.99951171875;1.99951171875;2.001953125;1.995849609375;1.993408203125;1.9921875;1.98974609375;1.9873046875;1.9921875;1.9970703125;1.9970703125;1.993408203125;1.9921875;1.99462890625;1.995849609375;1.993408203125;1.98974609375;1.986083984375;1.98974609375;1.99462890625;1.995849609375;1.99462890625;1.9970703125;1.995849609375;1.990966796875;1.988525390625;1.993408203125;1.998291015625;1.9970703125;1.99462890625;1.9970703125;1.998291015625;1.990966796875;1.988525390625;1.9921875;1.9921875;1.98974609375;1.98974609375;1.990966796875;1.993408203125;1.993408203125;1.990966796875;1.988525390625;1.9873046875;1.9873046875;1.988525390625;1.9921875;1.9921875;1.993408203125;1.99462890625;1.98974609375;1.9921875;1.98974609375;1.986083984375;1.9873046875;1.9873046875;1.986083984375;1.9873046875;1.978759765625;1.9775390625;1.981201171875;1.982421875;1.982421875
2024-08-29 15:29:12.270206;1.9775390625;1.981201171875;1.981201171875;1.98486328125;1.988525390625;1.9970703125;2.000732421875;1.995849609375;1.993408203125;1.99462890625;1.988525390625;1.990966796875;1.995849609375;1.98974609375;1.983642578125;1.983642578125;1.982421875;1.983642578125;1.982421875;1.9775390625;1.982421875;1.988525390625;1.986083984375;1.983642578125;1.988525390625;1.9970703125;2.000732421875;2.001953125;2.00439453125;2.005615234375;1.99951171875;1.9921875;1.98486328125;1.986083984375;1.990966796875;1.99462890625;1.99462890625;1.993408203125;1.986083984375;1.988525390625;1.9873046875;1.98486328125;1.9873046875;1.9921875;1.99462890625;1.993408203125;1.990966796875;1.98486328125;1.986083984375;1.983642578125;1.98486328125;1.988525390625;1.983642578125;1.983642578125;1.98974609375;1.98974609375;1.988525390625;1.990966796875;1.98974609375;1.988525390625;1.982421875;1.98486328125;1.986083984375;1.986083984375;1.9873046875;1.988525390625;1.9921875;1.995849609375;1.995849609375;1.99462890625;1.9970703125;1.99951171875;1.998291015625;1.9921875;1.990966796875;1.986083984375;1.9873046875;1.988525390625;1.990966796875;1.99462890625;1.995849609375;1.990966796875;1.9873046875;1.9873046875;1.983642578125;1.98974609375;1.9921875;1.988525390625;1.990966796875;1.995849609375;1.99462890625;1.995849609375;1.99462890625;1.995849609375;1.995849609375;2.001953125;2.001953125;1.998291015625;1.9970703125;1.99951171875
2024-08-29 15:29:12.317750;1.9873046875;1.98486328125;1.988525390625;1.9921875;1.9921875;1.995849609375;1.988525390625;1.988525390625;1.9873046875;1.98974609375;1.99462890625;1.99462890625;1.990966796875;1.998291015625;1.998291015625;1.998291015625;1.990966796875;1.98974609375;1.990966796875;1.993408203125;1.9970703125;1.995849609375;1.9970703125;1.995849609375;1.993408203125;1.9921875;1.98974609375;1.9873046875;1.98486328125;1.983642578125;1.98486328125;1.9873046875;1.9873046875;1.98486328125;1.983642578125;1.983642578125;1.986083984375;1.98974609375;1.98974609375;1.993408203125;1.98974609375;1.990966796875;1.993408203125;1.993408203125;1.99462890625;1.998291015625;1.986083984375;1.981201171875;1.983642578125;1.988525390625;1.988525390625;1.988525390625;1.988525390625;1.986083984375;1.9921875;1.9921875;1.99462890625;1.99462890625;1.99462890625;1.993408203125;1.988525390625;1.98974609375;1.990966796875;1.993408203125;1.998291015625;1.9970703125;1.9921875;1.995849609375;1.99462890625;1.9921875;1.98974609375;1.988525390625;1.986083984375;1.9873046875;1.9921875;1.99462890625;1.99951171875;1.993408203125;1.990966796875;1.99462890625;1.998291015625;2.001953125;2.005615234375;2.003173828125;1.99951171875;1.99951171875;1.9970703125;1.98974609375;1.993408203125;1.99462890625;1.998291015625;1.9970703125;1.9970703125;1.9921875;1.990966796875;1.998291015625;2.000732421875;1.99951171875;1.99462890625;1.993408203125
2024-08-29 15:29:12.349352;1.99951171875;2.000732421875;1.995849609375;1.995849609375;1.993408203125;1.9921875;1.988525390625;1.983642578125;1.978759765625;1.986083984375;1.982421875;1.983642578125;1.97998046875;1.9775390625;1.97998046875;1.983642578125;1.9873046875;1.9873046875;1.9873046875;1.98974609375;1.993408203125;1.993408203125;1.99462890625;1.990966796875;1.9921875;1.993408203125;1.98974609375;1.990966796875;1.9921875;1.995849609375;1.990966796875;1.9921875;1.99462890625;1.993408203125;1.99462890625;1.995849609375;1.99462890625;2.000732421875;2.003173828125;1.998291015625;1.998291015625;1.998291015625;1.995849609375;1.993408203125;1.9921875;1.993408203125;1.9921875;1.98974609375;1.993408203125;2.001953125;2.00439453125;2.00927734375;2.008056640625;2.005615234375;1.99951171875;1.995849609375;1.99462890625;1.995849609375;1.9970703125;1.9921875;1.990966796875;1.986083984375;1.981201171875;1.982421875;1.983642578125;1.9873046875;1.99462890625;1.9921875;1.993408203125;1.99462890625;1.995849609375;1.990966796875;1.9873046875;1.983642578125;1.983642578125;1.98486328125;1.986083984375;1.988525390625;1.986083984375;1.9873046875;1.988525390625;1.9873046875;1.986083984375;1.9873046875;1.98486328125;1.9873046875;1.990966796875;1.98974609375;1.9873046875;1.9921875;1.995849609375;1.995849609375;1.99951171875;1.995849609375;1.99462890625;1.98974609375;1.988525390625;1.9873046875;1.98486328125;1.988525390625
2024-08-29 15:29:12.380236;1.9873046875;1.9873046875;1.986083984375;1.98974609375;1.9921875;1.995849609375;1.998291015625;1.99462890625;1.993408203125;1.993408203125;1.993408203125;1.998291015625;1.995849609375;1.993408203125;1.9921875;1.9970703125;1.99462890625;1.9921875;1.990966796875;1.99462890625;1.99951171875;1.99462890625;1.995849609375;1.995849609375;1.995849609375;1.9921875;1.99462890625;1.9970703125;1.9970703125;1.99462890625;1.998291015625;1.998291015625;2.000732421875;2.000732421875;2.0068359375;2.010498046875;2.00439453125;2.0068359375;2.005615234375;2.003173828125;2.003173828125;1.99951171875;1.993408203125;1.988525390625;1.98486328125;1.98486328125;1.98486328125;1.982421875;1.981201171875;1.97998046875;1.981201171875;1.9775390625;1.973876953125;1.97509765625;1.976318359375;1.9775390625;1.97998046875;1.98486328125;1.990966796875;1.99462890625;1.99462890625;1.990966796875;1.9921875;1.9970703125;1.995849609375;1.995849609375;1.99462890625;1.9921875;1.98974609375;1.98974609375;1.988525390625;1.98486328125;1.9873046875;1.9921875;1.990966796875;1.98974609375;1.990966796875;1.995849609375;1.99951171875;1.998291015625;2.000732421875;1.995849609375;2.001953125;2.005615234375;2.00439453125;2.005615234375;2.0068359375;2.008056640625;2.005615234375;2.005615234375;2.0068359375;2.005615234375;2.003173828125;1.995849609375;1.98974609375;1.98486328125;1.9873046875;1.988525390625;1.98974609375;1.9873046875
2024-08-29 15:29:12.426982;1.99951171875;1.9921875;1.986083984375;1.988525390625;1.983642578125;1.97998046875;1.97998046875;1.97998046875;1.981201171875;1.9775390625;1.983642578125;1.986083984375;1.986083984375;1.988525390625;1.990966796875;1.988525390625;1.9873046875;1.986083984375;1.990966796875;1.99462890625;1.98974609375;1.98974609375;1.9873046875;1.988525390625;1.988525390625;1.990966796875;1.99462890625;1.9970703125;1.995849609375;1.9970703125;2.010498046875;2.010498046875;2.005615234375;1.99951171875;2.005615234375;2.005615234375;2.001953125;1.99951171875;1.99951171875;2.000732421875;2.003173828125;1.998291015625;1.99951171875;1.9921875;1.98974609375;1.9921875;1.98974609375;1.9921875;1.993408203125;1.9873046875;1.98486328125;1.982421875;1.981201171875;1.9775390625;1.978759765625;1.978759765625;1.976318359375;1.966552734375;1.962890625;1.96533203125;1.968994140625;1.97265625;1.981201171875;1.986083984375;1.982421875;1.982421875;1.98486328125;1.982421875;1.98486328125;1.98974609375;1.98974609375;1.993408203125;1.99462890625;1.99462890625;1.99462890625;1.993408203125;1.99462890625;1.998291015625;1.993408203125;1.993408203125;1.995849609375;1.99951171875;1.99951171875;2.001953125;2.003173828125;2.005615234375;2.0068359375;2.010498046875;2.015380859375;2.01171875;2.005615234375;2.000732421875;2.0068359375;2.0068359375;2.00439453125;1.99951171875;1.995849609375;1.99462890625;1.993408203125;1.9921875
2024-08-29 15:29:12.457545;1.993408203125;1.9921875;1.9921875;1.983642578125;1.981201171875;1.983642578125;1.97998046875;1.981201171875;1.986083984375;1.983642578125;1.986083984375;1.982421875;1.983642578125;1.981201171875;1.982421875;1.982421875;1.981201171875;1.978759765625;1.97509765625;1.9775390625;1.983642578125;1.98486328125;1.97998046875;1.983642578125;1.986083984375;1.9921875;1.993408203125;1.9970703125;1.99462890625;1.99462890625;1.99462890625;1.9921875;1.995849609375;2.000732421875;2.001953125;2.000732421875;1.99951171875;1.998291015625;1.9970703125;1.990966796875;1.993408203125;1.9970703125;2.001953125;2.000732421875;1.993408203125;1.9970703125;1.990966796875;1.988525390625;1.98974609375;1.986083984375;1.9873046875;1.9873046875;1.986083984375;1.9873046875;1.988525390625;1.98974609375;1.9873046875;1.9873046875;1.986083984375;1.9921875;1.993408203125;1.993408203125;1.99462890625;1.99462890625;1.993408203125;1.995849609375;1.9970703125;1.998291015625;1.998291015625;1.9970703125;1.98974609375;1.983642578125;1.986083984375;1.988525390625;1.98974609375;1.98486328125;1.982421875;1.986083984375;1.990966796875;1.995849609375;1.998291015625;2.000732421875;1.99951171875;1.993408203125;1.99462890625;1.9970703125;1.99951171875;1.99462890625;1.9970703125;1.998291015625;1.9970703125;1.9921875;1.993408203125;1.9921875;1.988525390625;1.986083984375;1.986083984375;1.988525390625;1.988525390625;1.98974609375
2024-08-29 15:29:12.504174;1.99462890625;1.995849609375;1.998291015625;1.99951171875;2.000732421875;2.000732421875;1.9970703125;1.993408203125;1.99462890625;1.99462890625;1.9970703125;1.99951171875;2.000732421875;1.9970703125;1.99462890625;1.9921875;1.993408203125;1.998291015625;1.998291015625;1.99462890625;1.98974609375;1.99462890625;1.995849609375;1.99462890625;1.9970703125;1.990966796875;1.9921875;1.990966796875;1.9873046875;1.978759765625;1.995849609375;1.998291015625;1.99462890625;1.993408203125;1.98974609375;1.990966796875;1.9921875;1.988525390625;1.990966796875;1.9921875;1.988525390625;1.99462890625;1.9970703125;1.993408203125;1.993408203125;1.99462890625;1.9970703125;1.998291015625;1.99951171875;2.000732421875;2.000732421875;1.9970703125;1.995849609375;1.993408203125;1.99462890625;1.995849609375;1.99462890625;1.988525390625;1.9921875;1.98974609375;1.995849609375;1.9970703125;1.99951171875;2.000732421875;1.99951171875;1.995849609375;1.998291015625;1.995849609375;1.995849609375;1.995849609375;1.993408203125;1.988525390625;1.988525390625;1.981201171875;1.981201171875;1.986083984375;1.983642578125;1.986083984375;1.988525390625;1.97998046875;1.982421875;1.983642578125;1.9873046875;1.9873046875;1.990966796875;1.990966796875;1.990966796875;1.988525390625;1.986083984375;1.993408203125;1.99462890625;1.993408203125;1.99462890625;1.99462890625;1.98974609375;1.988525390625;1.986083984375;1.988525390625;1.98486328125;1.986083984375
2024-08-29 15:29:12.519683;1.98486328125;1.9921875;1.9970703125;2.001953125;1.998291015625;1.99951171875;1.995849609375;1.9921875;1.9921875;1.9921875;1.99462890625;1.998291015625;1.99951171875;1.9921875;1.9873046875;1.98486328125;1.9921875;1.99462890625;1.995849609375;2.000732421875;2.003173828125;2.003173828125;2.003173828125;2.000732421875;1.9970703125;1.998291015625;1.9970703125;1.9970703125;2.000732421875;1.9970703125;1.97998046875;1.983642578125;1.9873046875;1.98486328125;1.98486328125;1.97998046875;1.983642578125;1.9873046875;1.983642578125;1.9873046875;1.9921875;1.9921875;1.98974609375;1.990966796875;1.9970703125;2.00439453125;2.001953125;2.003173828125;2.001953125;1.99462890625;1.9970703125;1.99951171875;1.99951171875;2.003173828125;2.003173828125;1.998291015625;1.9970703125;1.99462890625;1.990966796875;1.993408203125;1.99951171875;2.00439453125;2.003173828125;2.000732421875;2.0068359375;2.001953125;2.003173828125;2.001953125;1.9970703125;2.000732421875;2.001953125;2.001953125;2.000732421875;1.995849609375;1.99462890625;1.9921875;1.998291015625;1.998291015625;1.998291015625;1.9970703125;1.990966796875;1.98974609375;1.993408203125;1.98974609375;1.98974609375;1.990966796875;1.9921875;1.990966796875;1.9921875;1.995849609375;1.988525390625;1.986083984375;1.982421875;1.982421875;1.98486328125;1.988525390625;1.98974609375;1.98486328125;1.98486328125;1.986083984375
2024-08-29 15:29:12.566068;1.988525390625;1.990966796875;1.9970703125;1.9921875;1.9921875;1.99462890625;1.990966796875;1.993408203125;1.99462890625;1.993408203125;1.993408203125;1.9921875;1.995849609375;1.99462890625;1.99462890625;1.99462890625;1.9873046875;1.98974609375;1.9873046875;1.986083984375;1.988525390625;1.9921875;1.990966796875;1.98974609375;1.98974609375;1.990966796875;1.9873046875;1.990966796875;1.993408203125;1.995849609375;1.98974609375;1.990966796875;1.9921875;1.990966796875;1.9921875;1.990966796875;1.9921875;1.990966796875;1.98974609375;1.98974609375;1.993408203125;1.99462890625;1.98974609375;1.98974609375;1.988525390625;1.9873046875;1.9873046875;1.986083984375;1.9873046875;1.9873046875;1.98486328125;1.9873046875;1.990966796875;1.995849609375;1.993408203125;1.990966796875;1.990966796875;1.995849609375;2.001953125;2.000732421875;1.99951171875;2.003173828125;2.001953125;2.000732421875;1.9970703125;1.99462890625;1.990966796875;1.990966796875;1.9873046875;1.98974609375;1.990966796875;1.990966796875;1.983642578125;1.9873046875;1.990966796875;1.98974609375;1.9921875;1.990966796875;1.990966796875;1.9921875;1.998291015625;2.000732421875;1.99951171875;1.9970703125;1.995849609375;1.98974609375;1.98486328125;1.97998046875;1.983642578125;1.98486328125;1.98486328125;1.983642578125;1.9873046875;1.98974609375;1.9921875;1.993408203125;1.9873046875;1.988525390625;1.990966796875;1.9970703125
2024-08-29 15:29:12.581314;1.99462890625;1.9921875;1.988525390625;1.9921875;1.98974609375;1.986083984375;1.98486328125;1.986083984375;1.9873046875;1.978759765625;1.983642578125;1.982421875;1.97998046875;1.97998046875;1.9775390625;1.9775390625;1.978759765625;1.986083984375;1.9873046875;1.990966796875;1.995849609375;1.998291015625;1.9921875;1.9921875;1.99462890625;1.99462890625;1.993408203125;1.993408203125;1.995849609375;1.995849609375;1.998291015625;2.000732421875;1.99951171875;1.99951171875;1.998291015625;1.99462890625;1.993408203125;1.99462890625;1.9921875;1.990966796875;1.9921875;1.9921875;1.995849609375;1.9921875;1.98974609375;1.9873046875;1.9873046875;1.9873046875;1.9873046875;1.98486328125;1.9873046875;1.986083984375;1.9873046875;1.983642578125;1.986083984375;1.990966796875;1.99462890625;1.995849609375;1.998291015625;1.99951171875;1.99462890625;1.993408203125;1.98974609375;1.981201171875;1.976318359375;1.9775390625;1.978759765625;1.983642578125;1.986083984375;1.983642578125;1.98486328125;1.986083984375;1.988525390625;1.988525390625;1.986083984375;1.988525390625;1.9873046875;1.990966796875;1.990966796875;1.990966796875;1.9873046875;1.9873046875;1.9873046875;1.988525390625;1.9921875;1.995849609375;1.9921875;1.98974609375;1.988525390625;1.988525390625;1.9873046875;1.9873046875;1.988525390625;1.99462890625;1.993408203125;1.99462890625;1.995849609375;1.99462890625;1.98974609375;1.9921875
2024-08-29 15:29:12.597110;1.9921875;1.98486328125;1.986083984375;1.990966796875;1.9921875;1.98486328125;1.98486328125;1.983642578125;1.983642578125;1.98486328125;1.988525390625;1.990966796875;1.99462890625;1.995849609375;1.9970703125;1.99462890625;2.000732421875;2.000732421875;1.995849609375;1.9970703125;2.001953125;2.01171875;2.008056640625;2.00927734375;2.01416015625;2.010498046875;2.010498046875;2.012939453125;2.00927734375;2.001953125;2.000732421875;2.005615234375;2.003173828125;2.001953125;1.9970703125;2.000732421875;2.001953125;2.00439453125;2.005615234375;2.008056640625;2.00439453125;2.005615234375;2.003173828125;2.005615234375;2.0068359375;2.005615234375;1.99951171875;1.9970703125;1.9970703125;1.9970703125;2.001953125;1.9970703125;1.998291015625;1.9970703125;1.993408203125;1.99951171875;1.99462890625;1.98974609375;1.988525390625;1.988525390625;1.98974609375;1.988525390625;1.990966796875;1.995849609375;1.998291015625;2.000732421875;1.9970703125;1.995849609375;1.993408203125;1.995849609375;1.995849609375;1.9921875;1.9921875;1.990966796875;1.990966796875;1.9921875;1.9921875;1.9921875;1.995849609375;1.993408203125;1.988525390625;1.98974609375;1.99462890625;1.9970703125;1.993408203125;1.993408203125;1.9921875;1.988525390625;1.9873046875;1.993408203125;1.995849609375;1.99462890625;1.99462890625;1.99462890625;1.9921875;1.99462890625;1.98974609375;1.993408203125;1.9970703125;1.998291015625
2024-08-29 15:29:12.644053;1.998291015625;1.9921875;1.990966796875;1.993408203125;1.9970703125;1.9921875;1.990966796875;1.9921875;1.988525390625;1.98486328125;1.986083984375;1.9970703125;2.001953125;2.000732421875;1.9970703125;1.9921875;1.986083984375;1.98486328125;1.98486328125;1.986083984375;1.988525390625;1.98974609375;1.98974609375;1.988525390625;1.9873046875;1.9921875;1.995849609375;1.99462890625;1.99951171875;1.9970703125;1.9921875;1.9921875;1.9873046875;1.981201171875;1.978759765625;1.9775390625;1.97998046875;1.981201171875;1.97998046875;1.98486328125;1.98486328125;1.993408203125;1.9970703125;1.99462890625;1.99951171875;1.9970703125;1.988525390625;1.98974609375;1.9873046875;1.988525390625;1.98974609375;1.990966796875;1.98974609375;1.9873046875;1.986083984375;1.981201171875;1.983642578125;1.988525390625;1.98974609375;1.98974609375;1.98974609375;1.993408203125;1.9970703125;1.995849609375;1.9873046875;1.988525390625;1.995849609375;1.9970703125;1.993408203125;1.990966796875;1.993408203125;1.9921875;1.988525390625;1.98974609375;1.9873046875;1.990966796875;1.993408203125;1.995849609375;1.98974609375;1.98486328125;1.986083984375;1.98486328125;1.988525390625;1.990966796875;1.98486328125;1.986083984375;1.988525390625;1.993408203125;1.98974609375;1.99462890625;1.98974609375;1.98974609375;1.990966796875;1.98974609375;1.988525390625;1.990966796875;1.990966796875;1.993408203125;1.99462890625;1.990966796875
2024-08-29 15:29:12.675022;1.990966796875;1.9921875;1.9921875;1.990966796875;1.9921875;1.993408203125;1.988525390625;1.981201171875;1.982421875;1.983642578125;1.9873046875;1.98974609375;1.9921875;1.998291015625;1.99462890625;1.99462890625;1.990966796875;1.9873046875;1.98974609375;1.993408203125;1.998291015625;2.003173828125;2.001953125;2.003173828125;2.003173828125;2.00439453125;2.000732421875;1.99951171875;2.001953125;2.000732421875;1.990966796875;1.9970703125;2.003173828125;1.9970703125;1.995849609375;1.9970703125;1.998291015625;1.995849609375;1.995849609375;1.995849609375;1.993408203125;1.9921875;1.993408203125;1.990966796875;1.98974609375;1.988525390625;1.986083984375;1.993408203125;1.99951171875;1.9970703125;1.995849609375;1.998291015625;2.000732421875;1.9970703125;2.003173828125;2.001953125;2.001953125;2.000732421875;1.9921875;1.986083984375;1.9873046875;1.988525390625;1.990966796875;1.99462890625;1.993408203125;1.99462890625;1.995849609375;1.99462890625;1.990966796875;1.99462890625;1.9970703125;2.000732421875;1.99462890625;1.995849609375;1.99462890625;1.99462890625;1.993408203125;1.995849609375;1.99951171875;1.995849609375;1.995849609375;1.995849609375;1.9970703125;1.9970703125;1.995849609375;1.9921875;1.988525390625;1.990966796875;1.993408203125;1.993408203125;1.9921875;1.995849609375;2.003173828125;2.001953125;2.001953125;2.003173828125;2.000732421875;1.99951171875;1.9970703125;1.99462890625
2024-08-29 15:29:12.706451;1.990966796875;1.9921875;1.993408203125;1.993408203125;1.9921875;1.99462890625;1.9970703125;1.995849609375;1.988525390625;1.9921875;1.98974609375;1.9921875;1.990966796875;1.99462890625;1.99462890625;1.99462890625;1.9970703125;1.99462890625;1.993408203125;1.9921875;1.995849609375;1.990966796875;1.98974609375;1.9921875;1.9921875;1.988525390625;1.9921875;1.993408203125;1.9921875;1.9921875;1.9970703125;1.995849609375;1.998291015625;2.000732421875;1.9970703125;1.998291015625;1.99951171875;1.99462890625;2.000732421875;2.000732421875;1.995849609375;1.998291015625;1.998291015625;1.9970703125;1.99462890625;1.9970703125;1.99462890625;1.9921875;1.9921875;1.9921875;1.990966796875;1.986083984375;1.98486328125;1.988525390625;1.988525390625;1.988525390625;1.98974609375;1.98974609375;1.986083984375;1.990966796875;1.9921875;1.9921875;1.995849609375;1.993408203125;1.9970703125;1.9970703125;1.99462890625;1.99951171875;1.99951171875;2.001953125;1.9970703125;1.995849609375;1.990966796875;1.9873046875;1.988525390625;1.98974609375;1.986083984375;1.988525390625;1.988525390625;1.995849609375;1.993408203125;1.98974609375;1.988525390625;1.9873046875;1.993408203125;1.9970703125;2.000732421875;1.9970703125;1.99462890625;1.990966796875;1.986083984375;1.98486328125;1.98486328125;1.988525390625;1.99462890625;1.998291015625;1.995849609375;1.99951171875;1.993408203125;1.9921875
2024-08-29 15:29:12.736948;1.9970703125;1.99462890625;1.98974609375;1.988525390625;1.990966796875;1.988525390625;1.993408203125;1.998291015625;1.9970703125;1.99462890625;1.99462890625;1.995849609375;1.99462890625;1.99462890625;1.988525390625;1.9921875;1.98974609375;1.9873046875;1.988525390625;1.98974609375;1.988525390625;1.986083984375;1.983642578125;1.98486328125;1.9873046875;1.98486328125;1.981201171875;1.981201171875;1.976318359375;1.982421875;1.9921875;1.98486328125;1.988525390625;1.988525390625;1.990966796875;1.988525390625;1.9873046875;1.990966796875;1.998291015625;1.99951171875;1.99462890625;2.001953125;2.000732421875;1.995849609375;1.995849609375;1.9921875;1.98974609375;1.9921875;1.995849609375;1.993408203125;1.988525390625;1.990966796875;1.993408203125;1.9921875;1.990966796875;1.98974609375;1.993408203125;1.990966796875;1.98486328125;1.988525390625;1.993408203125;1.990966796875;1.98974609375;1.9921875;1.98974609375;1.9921875;1.99462890625;1.9873046875;1.986083984375;1.983642578125;1.98486328125;1.9873046875;1.988525390625;1.986083984375;1.986083984375;1.983642578125;1.983642578125;1.986083984375;1.990966796875;1.995849609375;1.99462890625;1.99462890625;1.9921875;1.98974609375;1.988525390625;1.990966796875;1.98974609375;1.98974609375;1.986083984375;1.9873046875;1.988525390625;1.986083984375;1.986083984375;1.98974609375;1.993408203125;1.990966796875;1.98974609375;1.998291015625;1.99951171875;1.9970703125
2024-08-29 15:29:12.784076;1.995849609375;1.9970703125;2.001953125;2.000732421875;2.000732421875;1.99951171875;1.998291015625;1.98974609375;1.990966796875;1.995849609375;1.998291015625;2.003173828125;2.000732421875;1.995849609375;1.9970703125;1.995849609375;1.98974609375;1.986083984375;1.98486328125;1.990966796875;1.988525390625;1.986083984375;1.98486328125;1.986083984375;1.9873046875;1.982421875;1.978759765625;1.978759765625;1.97509765625;1.976318359375;1.99462890625;1.99951171875;2.001953125;2.000732421875;1.99951171875;1.9921875;1.993408203125;1.98974609375;1.990966796875;1.990966796875;1.99462890625;1.9873046875;1.982421875;1.982421875;1.982421875;1.98486328125;1.98486328125;1.982421875;1.983642578125;1.9873046875;1.982421875;1.98974609375;1.993408203125;1.990966796875;1.9873046875;1.9873046875;1.9873046875;1.98486328125;1.982421875;1.98486328125;1.988525390625;1.98974609375;1.995849609375;1.998291015625;1.998291015625;1.995849609375;1.995849609375;1.99462890625;1.990966796875;1.983642578125;1.9873046875;1.986083984375;1.98974609375;1.98974609375;1.986083984375;1.98974609375;1.988525390625;1.98486328125;1.988525390625;1.98974609375;1.9921875;1.993408203125;1.99462890625;1.986083984375;1.986083984375;1.993408203125;1.99462890625;1.993408203125;1.9921875;1.998291015625;1.9970703125;1.995849609375;1.99951171875;2.001953125;1.9970703125;1.99462890625;1.993408203125;1.9921875;1.990966796875;1.98974609375
2024-08-29 15:29:12.846161;1.9873046875;1.9873046875;1.9921875;1.988525390625;1.98974609375;1.993408203125;1.9970703125;1.99951171875;2.000732421875;2.00439453125;1.998291015625;1.993408203125;1.993408203125;1.995849609375;1.995849609375;1.988525390625;1.986083984375;1.99462890625;1.98974609375;1.988525390625;1.988525390625;1.9873046875;1.993408203125;1.9970703125;1.993408203125;1.9921875;1.990966796875;1.98486328125;1.988525390625;1.988525390625;1.9921875;1.995849609375;1.990966796875;1.9921875;1.990966796875;1.9921875;1.9921875;1.993408203125;1.990966796875;1.995849609375;1.9970703125;1.998291015625;1.995849609375;1.990966796875;1.988525390625;1.995849609375;1.998291015625;1.995849609375;1.988525390625;1.988525390625;1.993408203125;1.995849609375;1.9970703125;1.99462890625;1.995849609375;1.9921875;1.9921875;1.9921875;1.993408203125;1.99462890625;1.993408203125;1.9921875;1.993408203125;1.990966796875;1.990966796875;1.986083984375;1.988525390625;1.9921875;1.99462890625;1.9921875;1.98486328125;1.986083984375;1.990966796875;1.9921875;1.9921875;1.98974609375;1.98486328125;1.986083984375;1.986083984375;1.98486328125;1.983642578125;1.981201171875;1.983642578125;1.98974609375;1.986083984375;1.9873046875;1.98974609375;1.988525390625;1.9873046875;1.986083984375;1.983642578125;1.97998046875;1.982421875;1.983642578125;1.9873046875;1.986083984375;1.98486328125;1.9873046875;1.988525390625;1.983642578125
2024-08-29 15:29:12.876956;1.982421875;1.983642578125;1.978759765625;1.9775390625;1.973876953125;1.976318359375;1.978759765625;1.976318359375;1.9775390625;1.9873046875;1.993408203125;1.990966796875;1.986083984375;1.98486328125;1.988525390625;1.990966796875;1.99462890625;1.995849609375;1.998291015625;1.998291015625;1.99951171875;1.998291015625;1.998291015625;1.99951171875;1.99951171875;1.99951171875;2.000732421875;2.003173828125;2.005615234375;2.001953125;1.993408203125;1.993408203125;1.99462890625;1.993408203125;1.99462890625;1.993408203125;1.9970703125;1.998291015625;1.998291015625;2.001953125;2.003173828125;1.9970703125;1.993408203125;1.98974609375;1.986083984375;1.990966796875;1.9970703125;1.98974609375;1.982421875;1.981201171875;1.97998046875;1.97998046875;1.97998046875;1.98974609375;1.9921875;1.9921875;1.99462890625;1.99951171875;2.001953125;2.0068359375;2.00439453125;2.003173828125;1.99951171875;1.99951171875;1.9970703125;1.995849609375;1.9921875;1.990966796875;1.98974609375;1.9921875;1.98974609375;1.9873046875;1.988525390625;1.98974609375;1.993408203125;1.99462890625;1.990966796875;1.98974609375;1.993408203125;1.9921875;1.9921875;1.988525390625;1.988525390625;1.9970703125;1.99462890625;1.9921875;1.9873046875;1.9921875;1.990966796875;1.988525390625;1.982421875;1.97998046875;1.97998046875;1.983642578125;1.9873046875;1.9873046875;1.988525390625;1.990966796875;1.98974609375;1.98486328125
2024-08-29 15:29:12.907723;1.98486328125;1.97998046875;1.9873046875;1.995849609375;1.99462890625;1.993408203125;1.993408203125;1.990966796875;1.993408203125;1.98974609375;1.98486328125;1.98486328125;1.9873046875;1.98974609375;1.986083984375;1.978759765625;1.982421875;1.986083984375;1.98486328125;1.98486328125;1.986083984375;1.986083984375;1.9873046875;1.98486328125;1.981201171875;1.981201171875;1.976318359375;1.9775390625;1.98486328125;1.98486328125;1.990966796875;1.98486328125;1.986083984375;1.9873046875;1.990966796875;1.98974609375;1.98486328125;1.988525390625;1.9921875;1.993408203125;1.993408203125;1.993408203125;1.995849609375;1.99462890625;1.988525390625;1.98974609375;1.988525390625;1.993408203125;1.993408203125;1.988525390625;1.98974609375;1.9921875;1.998291015625;1.99462890625;1.99462890625;1.98974609375;1.988525390625;1.990966796875;1.98974609375;1.993408203125;1.99462890625;1.990966796875;1.990966796875;1.995849609375;1.99462890625;1.9970703125;1.995849609375;1.990966796875;1.986083984375;1.988525390625;1.9873046875;1.98974609375;1.9873046875;1.98486328125;1.988525390625;1.99462890625;1.998291015625;1.995849609375;1.993408203125;1.990966796875;1.990966796875;1.995849609375;1.9970703125;1.99462890625;1.990966796875;1.98974609375;1.990966796875;1.990966796875;1.990966796875;1.986083984375;1.983642578125;1.986083984375;1.98486328125;1.986083984375;1.9873046875;1.990966796875;1.988525390625;1.988525390625;1.986083984375;1.982421875
2024-08-29 15:29:12.923434;1.982421875;1.98486328125;1.9873046875;1.988525390625;1.986083984375;1.986083984375;1.986083984375;1.98486328125;1.988525390625;1.988525390625;1.98974609375;1.99462890625;2.000732421875;1.998291015625;1.9970703125;1.9921875;1.99462890625;1.990966796875;1.990966796875;1.990966796875;1.993408203125;1.990966796875;1.990966796875;1.9921875;1.993408203125;1.993408203125;1.993408203125;1.9921875;1.990966796875;1.98974609375;1.978759765625;1.982421875;1.982421875;1.982421875;1.978759765625;1.976318359375;1.982421875;1.988525390625;1.9921875;1.9970703125;1.995849609375;2.000732421875;1.9970703125;1.998291015625;2.00439453125;2.005615234375;2.008056640625;2.005615234375;2.003173828125;2.001953125;2.003173828125;2.000732421875;1.998291015625;1.99951171875;1.993408203125;1.990966796875;1.993408203125;1.98974609375;1.9873046875;1.98486328125;1.98974609375;1.988525390625;1.988525390625;1.986083984375;1.98974609375;1.990966796875;1.988525390625;1.9873046875;1.98974609375;1.9873046875;1.990966796875;1.99462890625;1.99462890625;1.98974609375;1.98974609375;1.993408203125;1.993408203125;1.9921875;1.9921875;1.98974609375;1.9921875;1.99462890625;1.993408203125;1.990966796875;1.988525390625;1.98974609375;1.9873046875;1.990966796875;1.993408203125;1.9970703125;1.9970703125;1.993408203125;1.9921875;1.998291015625;2.001953125;2.001953125;1.9970703125;1.9970703125;1.998291015625;2.00439453125
2024-08-29 15:29:12.985846;2.001953125;2.00439453125;2.005615234375;1.99951171875;1.998291015625;1.998291015625;2.003173828125;2.0068359375;2.005615234375;2.003173828125;1.998291015625;1.99951171875;2.000732421875;2.003173828125;2.005615234375;2.001953125;1.99462890625;1.99462890625;1.998291015625;2.003173828125;1.9970703125;1.990966796875;1.993408203125;1.995849609375;1.990966796875;1.9921875;1.990966796875;1.98974609375;1.986083984375;1.98974609375;1.99462890625;1.993408203125;1.9970703125;2.003173828125;2.012939453125;2.010498046875;2.0068359375;2.01416015625;2.00927734375;2.012939453125;2.0068359375;2.001953125;2.008056640625;2.005615234375;2.001953125;2.00439453125;2.00439453125;2.003173828125;2.00439453125;2.003173828125;2.00439453125;2.0068359375;2.001953125;1.9970703125;2.000732421875;1.99951171875;1.99462890625;1.99462890625;1.9970703125;1.993408203125;1.9873046875;1.986083984375;1.993408203125;1.993408203125;1.9970703125;1.99462890625;1.993408203125;1.988525390625;1.98486328125;1.98486328125;1.988525390625;1.990966796875;1.990966796875;1.9921875;1.9921875;1.990966796875;1.98974609375;1.98974609375;1.98974609375;1.9921875;1.990966796875;1.995849609375;1.9970703125;1.993408203125;1.98974609375;1.983642578125;1.98486328125;1.9873046875;1.988525390625;1.988525390625;1.990966796875;1.9970703125;1.993408203125;1.986083984375;1.98974609375;1.9921875;1.988525390625;1.988525390625;1.98974609375;1.9921875
2024-08-29 15:29:13.053688;1.993408203125;1.9970703125;2.000732421875;1.9970703125;1.998291015625;1.9970703125;1.9970703125;2.000732421875;1.99951171875;1.995849609375;1.993408203125;1.998291015625;1.998291015625;1.995849609375;1.993408203125;1.9970703125;1.9970703125;2.000732421875;1.99951171875;1.998291015625;1.99462890625;1.9921875;1.99951171875;2.000732421875;1.998291015625;1.99462890625;1.99462890625;1.9921875;1.99462890625;1.995849609375;1.976318359375;1.97509765625;1.9775390625;1.978759765625;1.976318359375;1.976318359375;1.9775390625;1.98974609375;1.98974609375;1.988525390625;1.9873046875;1.9921875;1.9921875;1.988525390625;1.98974609375;1.98974609375;1.9873046875;1.9873046875;1.98974609375;1.9921875;1.9921875;1.993408203125;1.99462890625;1.995849609375;1.995849609375;1.993408203125;1.98974609375;1.990966796875;1.9921875;1.990966796875;1.993408203125;1.995849609375;2.000732421875;2.00439453125;1.998291015625;1.99462890625;1.995849609375;1.99951171875;2.003173828125;2.0068359375;2.00439453125;2.003173828125;2.00439453125;2.005615234375;2.005615234375;1.998291015625;1.99462890625;1.98974609375;1.986083984375;1.988525390625;1.98974609375;1.988525390625;1.988525390625;1.9873046875;1.98486328125;1.983642578125;1.9873046875;1.98974609375;1.995849609375;2.000732421875;2.001953125;2.003173828125;2.000732421875;1.99462890625;1.9970703125;1.998291015625;1.9970703125;1.9970703125;1.99951171875;1.998291015625
2024-08-29 15:29:13.094108;1.9873046875;1.983642578125;1.98486328125;1.98974609375;1.986083984375;1.98486328125;1.983642578125;1.98486328125;1.988525390625;1.9921875;1.990966796875;1.98974609375;1.9921875;1.99462890625;1.9970703125;1.995849609375;1.998291015625;1.990966796875;1.9921875;1.9921875;1.98974609375;1.986083984375;1.98486328125;1.983642578125;1.97998046875;1.982421875;1.983642578125;1.993408203125;1.99462890625;1.993408203125;1.98974609375;1.986083984375;1.982421875;1.978759765625;1.983642578125;1.98974609375;1.993408203125;1.995849609375;1.98974609375;1.9873046875;1.98974609375;1.98486328125;1.986083984375;1.981201171875;1.98486328125;1.98974609375;1.990966796875;1.990966796875;1.995849609375;1.9970703125;1.9873046875;1.982421875;1.98486328125;1.986083984375;1.9873046875;1.990966796875;1.9873046875;1.98974609375;1.9921875;1.9970703125;2.000732421875;2.000732421875;2.000732421875;1.998291015625;1.995849609375;1.995849609375;1.99462890625;1.990966796875;1.990966796875;1.990966796875;1.990966796875;1.990966796875;1.98974609375;1.993408203125;1.998291015625;1.998291015625;1.9970703125;1.998291015625;2.00439453125;2.003173828125;2.001953125;2.000732421875;1.99951171875;1.998291015625;1.99462890625;1.99951171875;1.99951171875;1.995849609375;1.993408203125;1.9921875;1.99462890625;1.99462890625;1.99951171875;2.000732421875;2.003173828125;1.99951171875;1.998291015625;2.0068359375;2.005615234375;2.00439453125
2024-08-29 15:29:13.140558;1.990966796875;1.993408203125;1.993408203125;1.9873046875;1.988525390625;1.9921875;1.995849609375;1.9970703125;1.99462890625;1.99951171875;1.993408203125;1.988525390625;1.98974609375;1.993408203125;1.993408203125;1.995849609375;1.993408203125;1.990966796875;1.98974609375;1.98974609375;1.9873046875;1.988525390625;1.98974609375;1.9970703125;1.995849609375;1.993408203125;1.99462890625;1.99462890625;1.988525390625;1.993408203125;2.008056640625;2.0068359375;2.00439453125;2.001953125;2.003173828125;2.003173828125;2.003173828125;2.000732421875;1.998291015625;1.9970703125;1.9970703125;1.993408203125;1.995849609375;1.9921875;1.9970703125;1.995849609375;1.99462890625;1.995849609375;2.001953125;2.001953125;2.001953125;1.99951171875;1.9970703125;1.99951171875;1.998291015625;1.99951171875;1.9970703125;1.99951171875;1.998291015625;1.9970703125;1.99462890625;1.98974609375;1.9873046875;1.98486328125;1.986083984375;1.9873046875;1.98974609375;1.9921875;1.9921875;1.988525390625;1.990966796875;1.98974609375;1.990966796875;1.98486328125;1.986083984375;1.98486328125;1.98486328125;1.9873046875;1.986083984375;1.9873046875;1.9921875;1.99462890625;1.99462890625;1.9970703125;1.995849609375;1.99462890625;1.995849609375;1.9921875;1.9970703125;1.9970703125;1.9921875;1.9921875;1.98974609375;1.990966796875;1.9921875;1.995849609375;1.995849609375;1.9921875;1.990966796875;1.990966796875
2024-08-29 15:29:13.187083;1.99462890625;1.9873046875;1.98974609375;1.990966796875;1.990966796875;1.993408203125;1.99462890625;1.9970703125;1.998291015625;1.995849609375;1.995849609375;1.9970703125;1.998291015625;1.995849609375;1.9921875;1.9921875;1.995849609375;1.99462890625;1.990966796875;1.988525390625;1.98974609375;1.99462890625;1.998291015625;2.000732421875;1.998291015625;1.998291015625;1.99951171875;1.99462890625;1.995849609375;1.9970703125;1.986083984375;1.98974609375;1.9921875;1.98974609375;1.9921875;1.993408203125;1.998291015625;1.998291015625;1.995849609375;1.99462890625;2.000732421875;2.003173828125;2.010498046875;2.00439453125;2.003173828125;2.008056640625;2.005615234375;2.00439453125;2.0068359375;2.00927734375;2.003173828125;2.000732421875;2.003173828125;2.001953125;2.003173828125;1.9970703125;2.000732421875;2.00439453125;2.00439453125;2.0068359375;2.0068359375;2.003173828125;1.998291015625;1.995849609375;2.000732421875;1.99951171875;1.998291015625;1.995849609375;1.995849609375;1.99951171875;1.998291015625;1.995849609375;1.993408203125;1.993408203125;2.000732421875;2.003173828125;2.000732421875;2.001953125;2.000732421875;1.9970703125;1.99462890625;1.9921875;1.99462890625;1.99462890625;1.9970703125;2.001953125;1.998291015625;1.99462890625;1.993408203125;1.995849609375;2.001953125;1.998291015625;1.9970703125;1.9970703125;1.99462890625;1.9921875;1.98974609375;1.990966796875;1.995849609375;1.993408203125
2024-08-29 15:29:13.203150;1.988525390625;1.98974609375;1.990966796875;1.990966796875;1.990966796875;1.99462890625;1.998291015625;1.99951171875;1.99951171875;1.9970703125;1.995849609375;1.993408203125;1.9873046875;1.9873046875;1.986083984375;1.981201171875;1.981201171875;1.981201171875;1.97998046875;1.982421875;1.98974609375;1.995849609375;1.9921875;1.98974609375;1.98974609375;1.993408203125;1.9921875;1.98974609375;1.993408203125;1.993408203125;2.005615234375;2.003173828125;1.99951171875;2.000732421875;2.000732421875;1.998291015625;1.99462890625;2.000732421875;2.001953125;1.995849609375;1.9970703125;1.998291015625;2.000732421875;2.000732421875;1.998291015625;2.000732421875;2.000732421875;1.9970703125;1.99462890625;1.99462890625;1.990966796875;1.995849609375;1.9970703125;1.9970703125;1.99462890625;1.990966796875;1.98974609375;1.9921875;1.988525390625;1.98486328125;1.988525390625;1.993408203125;1.993408203125;1.993408203125;1.98974609375;1.98974609375;1.98974609375;1.988525390625;1.986083984375;1.988525390625;1.988525390625;1.988525390625;1.9921875;1.98974609375;1.9921875;1.993408203125;1.986083984375;1.983642578125;1.983642578125;1.988525390625;1.990966796875;1.98974609375;1.988525390625;1.986083984375;1.98486328125;1.982421875;1.986083984375;1.9873046875;1.990966796875;1.98974609375;1.98486328125;1.982421875;1.982421875;1.982421875;1.983642578125;1.98486328125;1.983642578125;1.981201171875;1.97998046875;1.981201171875
2024-08-29 15:29:13.235121;1.9775390625;1.981201171875;1.988525390625;1.986083984375;1.986083984375;1.988525390625;1.990966796875;1.99462890625;1.988525390625;1.9873046875;1.98486328125;1.982421875;1.9873046875;1.9921875;1.993408203125;1.986083984375;1.98486328125;1.9921875;1.993408203125;1.988525390625;1.988525390625;1.993408203125;1.99462890625;1.99951171875;1.998291015625;2.000732421875;2.000732421875;1.99951171875;1.99462890625;1.990966796875;1.986083984375;1.990966796875;1.993408203125;1.98974609375;1.98486328125;1.981201171875;1.986083984375;1.9873046875;1.9873046875;1.988525390625;1.990966796875;1.99462890625;1.998291015625;1.99951171875;1.9970703125;1.9970703125;1.99462890625;1.995849609375;1.99462890625;1.990966796875;1.9921875;1.995849609375;2.000732421875;2.000732421875;1.995849609375;1.998291015625;2.001953125;2.003173828125;2.00439453125;2.003173828125;2.001953125;1.998291015625;1.995849609375;1.99462890625;1.99462890625;1.990966796875;1.9873046875;1.988525390625;1.986083984375;1.986083984375;1.982421875;1.986083984375;1.988525390625;1.98974609375;1.98486328125;1.98486328125;1.988525390625;1.990966796875;1.9921875;1.9873046875;1.982421875;1.9873046875;1.983642578125;1.982421875;1.9873046875;1.988525390625;1.988525390625;1.986083984375;1.98486328125;1.9873046875;1.988525390625;1.981201171875;1.98486328125;1.98974609375;1.986083984375;1.98486328125;1.98974609375;1.988525390625;1.988525390625;1.993408203125
2024-08-29 15:29:13.282446;1.99462890625;1.99462890625;1.986083984375;1.9873046875;1.988525390625;1.9873046875;1.98486328125;1.986083984375;1.98486328125;1.988525390625;1.98974609375;1.99462890625;1.9873046875;1.983642578125;1.986083984375;1.983642578125;1.986083984375;1.986083984375;1.990966796875;1.98974609375;1.990966796875;1.990966796875;1.990966796875;1.986083984375;1.97998046875;1.982421875;1.98486328125;1.983642578125;1.9873046875;1.983642578125;1.988525390625;1.990966796875;1.983642578125;1.9775390625;1.9775390625;1.97509765625;1.978759765625;1.986083984375;1.98974609375;1.990966796875;1.98974609375;1.98486328125;1.986083984375;1.986083984375;1.986083984375;1.988525390625;1.99462890625;1.98974609375;1.990966796875;1.993408203125;1.9970703125;1.9921875;1.9970703125;1.995849609375;1.990966796875;1.990966796875;1.99462890625;1.9970703125;2.001953125;1.99951171875;1.993408203125;1.993408203125;1.99951171875;1.99951171875;1.993408203125;1.99462890625;2.001953125;1.99951171875;1.9921875;1.993408203125;1.990966796875;1.988525390625;1.9921875;1.995849609375;1.993408203125;1.986083984375;1.98486328125;1.988525390625;1.995849609375;2.003173828125;2.003173828125;1.99951171875;1.99951171875;1.9970703125;2.00439453125;2.00927734375;2.008056640625;2.010498046875;2.0068359375;2.00439453125;2.00439453125;2.001953125;1.998291015625;2.000732421875;2.001953125;1.998291015625;1.995849609375;1.9970703125;1.9970703125;1.99951171875
2024-08-29 15:29:13.329142;1.9970703125;1.99462890625;1.99462890625;1.993408203125;1.99951171875;1.9970703125;1.990966796875;1.990966796875;1.986083984375;1.98486328125;1.990966796875;1.99462890625;1.99462890625;1.998291015625;2.005615234375;2.00927734375;2.001953125;1.99462890625;1.988525390625;1.988525390625;1.986083984375;1.9873046875;1.990966796875;1.98486328125;1.982421875;1.988525390625;1.986083984375;1.98974609375;1.9873046875;1.986083984375;1.998291015625;1.9970703125;1.99951171875;1.998291015625;1.995849609375;1.995849609375;2.003173828125;1.998291015625;1.9970703125;1.9970703125;1.993408203125;1.990966796875;1.986083984375;1.990966796875;1.990966796875;1.99462890625;1.9970703125;1.9921875;1.98974609375;1.9873046875;1.986083984375;1.9873046875;1.99462890625;1.995849609375;1.993408203125;1.990966796875;1.993408203125;1.993408203125;1.98486328125;1.98486328125;1.982421875;1.98486328125;1.98486328125;1.986083984375;1.9921875;1.993408203125;1.9970703125;1.995849609375;1.99462890625;1.99462890625;1.988525390625;1.9873046875;1.9873046875;1.990966796875;1.9921875;1.9873046875;1.986083984375;1.995849609375;1.99951171875;2.000732421875;1.998291015625;1.99462890625;1.998291015625;1.9970703125;1.993408203125;1.99462890625;1.99462890625;1.99462890625;1.995849609375;2.001953125;1.99951171875;1.99462890625;1.9921875;1.9873046875;1.98974609375;1.9921875;1.99462890625;1.9921875;1.990966796875;1.993408203125
2024-08-29 15:29:13.344921;1.99462890625;1.9921875;1.9921875;1.9921875;1.990966796875;1.99462890625;1.9921875;1.9921875;1.9921875;1.995849609375;1.993408203125;1.98974609375;1.9873046875;1.9873046875;1.988525390625;1.9921875;1.99462890625;1.998291015625;1.9970703125;1.9970703125;1.99951171875;1.995849609375;1.998291015625;1.9970703125;1.99951171875;2.00439453125;2.00439453125;2.001953125;1.998291015625;1.998291015625;1.995849609375;1.988525390625;1.98974609375;1.993408203125;1.9970703125;1.998291015625;2.003173828125;1.99951171875;1.995849609375;1.990966796875;1.98974609375;1.988525390625;1.9873046875;1.9873046875;1.98974609375;1.988525390625;1.986083984375;1.986083984375;1.98974609375;1.98974609375;1.990966796875;1.990966796875;1.990966796875;1.9873046875;1.98486328125;1.983642578125;1.983642578125;1.98486328125;1.986083984375;1.982421875;1.982421875;1.983642578125;1.986083984375;1.9873046875;1.98974609375;1.99462890625;1.998291015625;1.998291015625;2.000732421875;1.99951171875;1.998291015625;1.990966796875;1.995849609375;2.000732421875;2.000732421875;2.003173828125;1.998291015625;1.9970703125;1.998291015625;2.001953125;2.003173828125;2.003173828125;1.99951171875;1.99462890625;1.99462890625;1.988525390625;1.98974609375;1.993408203125;1.9921875;1.9873046875;1.983642578125;1.988525390625;1.990966796875;1.990966796875;1.9921875;1.99462890625;1.990966796875;1.995849609375;1.998291015625;1.99951171875
2024-08-29 15:29:13.376084;2.000732421875;1.99951171875;1.99462890625;1.9921875;1.990966796875;1.9873046875;1.9873046875;1.98486328125;1.98486328125;1.988525390625;1.9921875;1.990966796875;1.98486328125;1.98486328125;1.98974609375;1.990966796875;1.9921875;1.995849609375;1.995849609375;1.998291015625;1.9970703125;1.9921875;1.986083984375;1.988525390625;1.988525390625;1.98974609375;1.98486328125;1.97998046875;1.981201171875;1.981201171875;1.9970703125;1.993408203125;1.993408203125;1.993408203125;1.993408203125;1.99462890625;1.998291015625;1.998291015625;1.9921875;1.98486328125;1.988525390625;1.993408203125;1.9970703125;1.990966796875;1.986083984375;1.982421875;1.98974609375;1.995849609375;1.99951171875;1.99951171875;2.003173828125;2.000732421875;2.00439453125;2.003173828125;2.000732421875;1.99951171875;1.99462890625;1.993408203125;1.9921875;1.990966796875;1.9873046875;1.990966796875;1.99462890625;1.98974609375;1.986083984375;1.990966796875;1.988525390625;1.986083984375;1.98974609375;1.995849609375;1.99462890625;1.998291015625;1.995849609375;1.9970703125;1.993408203125;1.993408203125;1.98974609375;1.986083984375;1.9873046875;1.995849609375;2.001953125;1.998291015625;1.993408203125;1.990966796875;1.9921875;1.9921875;1.98974609375;1.9921875;1.98486328125;1.986083984375;1.986083984375;1.988525390625;1.986083984375;1.982421875;1.98486328125;1.9873046875;1.990966796875;1.98486328125;1.9873046875;1.9873046875
2024-08-29 15:29:13.413771;1.990966796875;1.990966796875;1.990966796875;1.9921875;1.988525390625;1.988525390625;1.9921875;1.98974609375;1.988525390625;1.98974609375;1.988525390625;1.988525390625;1.988525390625;1.98486328125;1.986083984375;1.98486328125;1.98974609375;1.98974609375;1.988525390625;1.986083984375;1.993408203125;1.99462890625;1.99462890625;1.995849609375;1.9970703125;1.998291015625;1.998291015625;1.99462890625;1.993408203125;1.99462890625;1.99462890625;1.988525390625;1.9921875;1.99462890625;1.993408203125;1.98974609375;1.988525390625;1.98974609375;1.990966796875;1.990966796875;1.99462890625;1.990966796875;1.9873046875;1.986083984375;1.98486328125;1.982421875;1.983642578125;1.986083984375;1.981201171875;1.97998046875;1.9775390625;1.978759765625;1.983642578125;1.98486328125;1.97998046875;1.986083984375;1.986083984375;1.990966796875;1.98974609375;1.9873046875;1.98486328125;1.983642578125;1.9921875;1.9921875;1.990966796875;1.9970703125;1.99951171875;1.995849609375;1.993408203125;1.9921875;1.990966796875;1.993408203125;1.995849609375;1.9921875;1.98974609375;1.990966796875;1.986083984375;1.982421875;1.9873046875;1.99462890625;1.99951171875;1.9970703125;1.993408203125;1.98974609375;1.9970703125;1.99951171875;1.998291015625;1.9970703125;1.990966796875;1.993408203125;1.9921875;1.990966796875;1.9873046875;1.9921875;1.995849609375;1.9970703125;1.993408203125;1.98974609375;1.98974609375;1.98974609375
2024-08-29 15:29:13.414756;1.990966796875;1.9970703125;1.99462890625;1.993408203125;1.99462890625;1.99462890625;1.99462890625;1.990966796875;1.98974609375;1.9921875;1.99462890625;1.99462890625;1.990966796875;1.990966796875;1.9873046875;1.993408203125;1.9970703125;2.000732421875;2.003173828125;2.001953125;1.9970703125;1.9970703125;1.9970703125;1.990966796875;1.98974609375;1.990966796875;1.9921875;1.993408203125;1.995849609375;1.99462890625;1.9921875;1.9921875;1.9873046875;1.990966796875;1.9921875;1.9873046875;1.988525390625;1.9921875;1.990966796875;1.990966796875;1.99462890625;1.99462890625;1.9921875;1.990966796875;1.990966796875;1.9921875;1.9921875;1.9970703125;1.995849609375;1.9921875;1.990966796875;1.988525390625;1.993408203125;1.9970703125;1.995849609375;1.9921875;1.990966796875;1.995849609375;1.99951171875;1.998291015625;1.993408203125;1.9921875;1.9921875;1.990966796875;1.98974609375;1.9873046875;1.9873046875;1.990966796875;1.9921875;1.9970703125;2.000732421875;2.005615234375;2.003173828125;1.993408203125;1.9873046875;1.9921875;1.9970703125;1.995849609375;1.995849609375;1.9873046875;1.986083984375;1.990966796875;1.988525390625;1.988525390625;1.98974609375;1.9873046875;1.9873046875;1.990966796875;1.98974609375;1.993408203125;1.988525390625;1.982421875;1.981201171875;1.98486328125;1.97998046875;1.97509765625;1.983642578125;1.98486328125;1.982421875;1.983642578125
2024-08-29 15:29:13.454041;1.982421875;1.978759765625;1.978759765625;1.97998046875;1.982421875;1.988525390625;1.993408203125;1.990966796875;1.98974609375;1.986083984375;1.9873046875;1.9873046875;1.9921875;1.993408203125;1.990966796875;1.98974609375;1.98974609375;1.990966796875;1.9921875;1.9873046875;1.986083984375;1.9873046875;1.990966796875;1.9873046875;1.986083984375;1.9873046875;1.9873046875;1.986083984375;1.990966796875;1.990966796875;1.993408203125;1.9873046875;1.988525390625;1.9921875;1.990966796875;1.98974609375;1.988525390625;1.990966796875;1.993408203125;1.99462890625;1.9970703125;1.9921875;1.990966796875;1.998291015625;2.005615234375;2.003173828125;2.000732421875;2.00439453125;2.008056640625;2.005615234375;1.998291015625;1.995849609375;1.993408203125;1.9873046875;1.9873046875;1.98486328125;1.990966796875;1.9921875;1.993408203125;1.9921875;1.98974609375;1.98974609375;1.990966796875;1.988525390625;1.993408203125;1.993408203125;1.990966796875;1.995849609375;1.99951171875;1.9970703125;1.998291015625;1.99951171875;1.99951171875;1.993408203125;1.993408203125;1.990966796875;1.98974609375;1.993408203125;1.998291015625;2.000732421875;1.99951171875;1.9970703125;1.995849609375;1.99462890625;1.9921875;1.9873046875;1.982421875;1.983642578125;1.983642578125;1.98486328125;1.982421875;1.98486328125;1.98974609375;1.9921875;1.9921875;1.986083984375;1.982421875;1.97998046875;1.983642578125;1.98974609375
2024-08-29 15:29:13.484883;1.9873046875;1.988525390625;1.9873046875;1.98974609375;1.988525390625;1.9873046875;1.986083984375;1.983642578125;1.988525390625;1.988525390625;1.982421875;1.983642578125;1.988525390625;1.983642578125;1.983642578125;1.986083984375;1.9921875;1.995849609375;1.995849609375;1.993408203125;1.99462890625;1.9921875;1.988525390625;1.990966796875;1.98974609375;1.98486328125;1.978759765625;1.97998046875;1.98486328125;1.9873046875;1.983642578125;1.981201171875;1.97998046875;1.981201171875;1.981201171875;1.981201171875;1.983642578125;1.983642578125;1.983642578125;1.981201171875;1.982421875;1.986083984375;1.983642578125;1.98486328125;1.986083984375;1.9873046875;1.9873046875;1.988525390625;1.98486328125;1.97998046875;1.976318359375;1.983642578125;1.983642578125;1.988525390625;1.98974609375;1.9921875;1.9873046875;1.982421875;1.98486328125;1.990966796875;1.995849609375;1.99462890625;1.998291015625;1.998291015625;1.9921875;1.990966796875;1.988525390625;1.9873046875;1.98486328125;1.98486328125;1.98486328125;1.983642578125;1.98486328125;1.98974609375;1.990966796875;1.998291015625;1.99951171875;1.99462890625;1.98974609375;1.99462890625;1.9921875;1.990966796875;1.993408203125;1.990966796875;1.9921875;1.9970703125;2.001953125;1.99951171875;1.995849609375;1.995849609375;1.993408203125;1.9921875;1.995849609375;1.9970703125;1.9970703125;1.9970703125;1.9970703125;1.99951171875;1.99951171875;1.99951171875
2024-08-29 15:29:13.515442;1.998291015625;1.99951171875;1.99462890625;1.9921875;1.99462890625;1.990966796875;1.990966796875;1.986083984375;1.98486328125;1.9873046875;1.990966796875;1.988525390625;1.990966796875;1.9921875;1.9873046875;1.9873046875;1.9921875;1.98974609375;1.986083984375;1.986083984375;1.990966796875;1.993408203125;1.993408203125;1.990966796875;1.990966796875;1.990966796875;1.98974609375;1.993408203125;1.993408203125;1.9921875;1.993408203125;1.98974609375;1.990966796875;1.98974609375;1.9921875;2.000732421875;2.000732421875;1.993408203125;1.98974609375;1.993408203125;1.995849609375;1.998291015625;1.99951171875;1.995849609375;1.99951171875;1.99951171875;1.990966796875;1.9921875;1.98974609375;1.982421875;1.986083984375;1.988525390625;1.98974609375;1.98974609375;1.993408203125;1.9970703125;1.98974609375;1.99462890625;1.995849609375;1.98974609375;1.9873046875;1.993408203125;1.993408203125;1.998291015625;2.001953125;2.000732421875;1.998291015625;2.000732421875;2.00439453125;2.0068359375;2.008056640625;2.0068359375;2.005615234375;2.010498046875;2.00927734375;2.0068359375;2.00927734375;2.010498046875;2.01171875;2.01171875;2.00439453125;2.001953125;2.00439453125;1.998291015625;1.9970703125;1.998291015625;2.003173828125;2.003173828125;1.995849609375;1.9970703125;1.9970703125;1.9970703125;1.99462890625;1.995849609375;1.998291015625;1.99951171875;1.9970703125;1.995849609375;1.998291015625;1.99951171875
2024-08-29 15:29:13.530994;2.001953125;1.998291015625;1.993408203125;1.9921875;1.993408203125;1.99951171875;2.00439453125;2.000732421875;1.99462890625;1.988525390625;1.9921875;1.9921875;1.99462890625;1.98974609375;1.988525390625;1.993408203125;1.995849609375;1.99462890625;1.98974609375;1.98486328125;1.982421875;1.983642578125;1.986083984375;1.98486328125;1.98486328125;1.983642578125;1.983642578125;1.986083984375;1.986083984375;1.990966796875;1.9970703125;2.003173828125;1.99951171875;1.995849609375;2.001953125;1.998291015625;1.998291015625;1.995849609375;1.99462890625;1.9970703125;1.9970703125;1.990966796875;1.98974609375;1.98974609375;1.9921875;1.988525390625;1.988525390625;1.9921875;1.9970703125;1.993408203125;1.993408203125;1.9970703125;1.99951171875;1.9970703125;1.995849609375;1.9970703125;1.99462890625;1.98974609375;1.9873046875;1.98974609375;1.98974609375;1.993408203125;1.9921875;1.988525390625;1.990966796875;1.995849609375;1.995849609375;1.993408203125;1.99462890625;1.98974609375;1.986083984375;1.988525390625;1.990966796875;1.990966796875;1.9921875;1.990966796875;1.993408203125;1.995849609375;1.9921875;1.9921875;1.98974609375;1.988525390625;1.9873046875;1.98974609375;1.98974609375;1.98486328125;1.98974609375;1.990966796875;1.990966796875;1.98974609375;1.9873046875;1.98974609375;1.990966796875;1.990966796875;1.986083984375;1.98486328125;1.9873046875;1.9873046875;1.990966796875;1.9873046875
2024-08-29 15:29:13.594289;1.98974609375;1.99462890625;2.000732421875;1.99951171875;1.99462890625;1.9970703125;1.9970703125;1.993408203125;1.98974609375;1.99462890625;1.9970703125;1.995849609375;1.993408203125;1.99462890625;1.993408203125;1.9970703125;2.001953125;1.9970703125;1.998291015625;2.000732421875;2.00439453125;2.00439453125;2.005615234375;2.001953125;1.998291015625;1.9970703125;1.9921875;1.9873046875;1.981201171875;1.981201171875;1.993408203125;1.98974609375;1.986083984375;1.986083984375;1.982421875;1.98486328125;1.98974609375;1.98974609375;1.9921875;1.9873046875;1.986083984375;1.9921875;1.995849609375;1.9921875;1.98974609375;1.990966796875;1.9873046875;1.986083984375;1.986083984375;1.9921875;1.98974609375;1.988525390625;1.990966796875;1.988525390625;1.9873046875;1.9921875;1.9921875;1.995849609375;1.993408203125;1.990966796875;1.990966796875;1.995849609375;1.9970703125;1.995849609375;1.99462890625;1.990966796875;1.988525390625;1.98974609375;1.9921875;1.995849609375;1.99462890625;1.9921875;1.9921875;1.995849609375;1.99462890625;1.99462890625;1.990966796875;1.9921875;1.993408203125;1.995849609375;1.995849609375;1.99462890625;1.99462890625;1.993408203125;1.9921875;1.99462890625;1.998291015625;1.998291015625;1.998291015625;1.9970703125;1.99462890625;1.99462890625;1.99462890625;1.9873046875;1.9873046875;1.988525390625;1.988525390625;1.9921875;1.9921875;1.98486328125
2024-08-29 15:29:13.625266;1.986083984375;1.98974609375;1.9921875;1.9921875;1.993408203125;1.98974609375;1.98974609375;1.9873046875;1.9921875;1.9921875;1.993408203125;1.993408203125;1.995849609375;1.995849609375;1.995849609375;1.99951171875;2.000732421875;1.995849609375;1.982421875;1.98486328125;1.990966796875;1.993408203125;1.998291015625;1.993408203125;1.993408203125;1.9921875;1.9921875;1.9921875;1.998291015625;1.998291015625;1.99462890625;1.993408203125;1.99462890625;1.99462890625;1.99462890625;1.99462890625;1.99462890625;1.99462890625;1.998291015625;1.99951171875;2.003173828125;2.000732421875;2.003173828125;2.001953125;1.99951171875;1.998291015625;1.995849609375;1.99462890625;1.993408203125;1.99462890625;1.9921875;1.9921875;1.98974609375;1.9873046875;1.988525390625;1.986083984375;1.9873046875;1.98486328125;1.981201171875;1.983642578125;1.988525390625;1.9921875;1.98974609375;1.990966796875;1.990966796875;1.98974609375;1.995849609375;1.9970703125;1.995849609375;1.998291015625;1.995849609375;1.99462890625;1.995849609375;1.993408203125;1.993408203125;1.9970703125;1.99462890625;1.99462890625;1.9921875;1.9921875;1.9921875;1.988525390625;1.990966796875;1.9921875;1.998291015625;2.000732421875;2.001953125;2.001953125;1.9970703125;1.99462890625;1.99462890625;1.99462890625;1.993408203125;1.98974609375;1.9873046875;1.9873046875;1.986083984375;1.9873046875;1.98974609375;1.98974609375
2024-08-29 15:29:13.640923;1.986083984375;1.9921875;1.995849609375;1.9970703125;1.9970703125;1.998291015625;1.9970703125;1.993408203125;1.98974609375;1.986083984375;1.982421875;1.986083984375;1.986083984375;1.983642578125;1.98486328125;1.98974609375;1.990966796875;1.9921875;1.98974609375;1.98974609375;1.995849609375;1.98974609375;1.993408203125;1.98974609375;1.990966796875;1.9921875;1.9921875;1.986083984375;1.981201171875;1.986083984375;1.986083984375;1.98486328125;1.983642578125;1.981201171875;1.98486328125;1.983642578125;1.983642578125;1.982421875;1.986083984375;1.995849609375;1.99951171875;1.99462890625;1.9921875;1.98974609375;1.990966796875;1.990966796875;1.995849609375;1.998291015625;1.995849609375;1.993408203125;1.98486328125;1.981201171875;1.9921875;1.9921875;1.995849609375;1.99462890625;1.98974609375;1.990966796875;1.993408203125;1.988525390625;1.983642578125;1.98486328125;1.990966796875;1.99462890625;1.995849609375;1.995849609375;1.993408203125;1.9921875;1.993408203125;1.993408203125;1.993408203125;1.995849609375;1.993408203125;1.98974609375;1.993408203125;1.9970703125;2.000732421875;1.99951171875;1.993408203125;1.98974609375;1.98974609375;1.990966796875;1.988525390625;1.986083984375;1.98486328125;1.983642578125;1.986083984375;1.986083984375;1.988525390625;1.98486328125;1.983642578125;1.982421875;1.988525390625;1.9873046875;1.9873046875;1.9873046875;1.990966796875;1.993408203125;1.995849609375;1.9921875
2024-08-29 15:29:13.687812;1.98974609375;1.9921875;1.990966796875;1.990966796875;1.990966796875;1.9921875;1.990966796875;1.9873046875;1.9921875;1.99462890625;1.9970703125;1.99462890625;1.9970703125;1.998291015625;1.995849609375;1.9921875;1.9921875;1.993408203125;1.993408203125;1.99462890625;1.9921875;1.990966796875;1.99462890625;1.995849609375;1.995849609375;1.998291015625;1.995849609375;1.998291015625;2.000732421875;2.000732421875;1.9970703125;1.99462890625;1.98974609375;1.988525390625;1.98974609375;1.986083984375;1.983642578125;1.9873046875;1.9921875;1.9970703125;2.001953125;2.000732421875;2.0068359375;2.01171875;2.00927734375;2.0068359375;2.0068359375;2.001953125;2.003173828125;2.000732421875;1.990966796875;1.995849609375;1.9970703125;1.9921875;1.9921875;1.983642578125;1.98486328125;1.98486328125;1.986083984375;1.990966796875;1.990966796875;1.986083984375;1.986083984375;1.98486328125;1.981201171875;1.981201171875;1.983642578125;1.982421875;1.988525390625;1.990966796875;1.9921875;1.993408203125;1.998291015625;1.99951171875;1.99462890625;1.990966796875;1.98486328125;1.9873046875;1.9921875;1.99462890625;1.995849609375;1.99462890625;1.9921875;1.990966796875;1.990966796875;1.990966796875;1.986083984375;1.9873046875;1.983642578125;1.98486328125;1.986083984375;1.981201171875;1.9775390625;1.976318359375;1.978759765625;1.9775390625;1.978759765625;1.983642578125;1.982421875;1.982421875
2024-08-29 15:29:13.718650;1.981201171875;1.9873046875;1.9921875;1.98974609375;1.98974609375;1.990966796875;1.995849609375;1.995849609375;1.99462890625;1.9921875;1.986083984375;1.986083984375;1.98486328125;1.9873046875;1.9921875;1.9921875;1.988525390625;1.986083984375;1.9873046875;1.98486328125;1.988525390625;1.9873046875;1.993408203125;1.995849609375;1.98974609375;1.988525390625;1.990966796875;1.990966796875;1.990966796875;1.990966796875;1.9970703125;1.9970703125;2.000732421875;2.00439453125;2.000732421875;1.99462890625;1.9921875;1.993408203125;1.9921875;1.993408203125;1.99462890625;1.990966796875;1.9970703125;1.99951171875;1.998291015625;1.995849609375;1.9873046875;1.9873046875;1.98486328125;1.983642578125;1.986083984375;1.981201171875;1.982421875;1.98974609375;1.993408203125;1.990966796875;1.986083984375;1.983642578125;1.983642578125;1.9873046875;1.988525390625;1.990966796875;1.98974609375;1.990966796875;1.990966796875;1.99462890625;1.99462890625;1.99462890625;1.988525390625;1.988525390625;1.990966796875;1.993408203125;1.9921875;1.995849609375;1.99462890625;1.99462890625;1.990966796875;1.9873046875;1.988525390625;1.990966796875;1.9921875;1.993408203125;1.998291015625;1.99951171875;2.001953125;2.003173828125;2.001953125;1.995849609375;1.998291015625;1.998291015625;1.998291015625;1.998291015625;1.9970703125;2.003173828125;2.000732421875;1.9970703125;1.99462890625;1.9970703125;1.995849609375;1.998291015625
2024-08-29 15:29:13.749587;1.99951171875;1.99951171875;2.001953125;2.003173828125;2.003173828125;1.9970703125;1.9921875;1.99462890625;1.995849609375;1.99462890625;1.99462890625;1.993408203125;1.99462890625;1.99951171875;1.99951171875;1.9970703125;1.995849609375;1.9921875;1.9921875;1.990966796875;1.98974609375;1.986083984375;1.983642578125;1.988525390625;1.98974609375;1.988525390625;1.98974609375;1.98974609375;1.993408203125;1.9970703125;1.988525390625;1.988525390625;1.9873046875;1.982421875;1.983642578125;1.99462890625;1.9970703125;1.993408203125;1.993408203125;1.990966796875;1.990966796875;1.995849609375;1.9921875;1.990966796875;1.990966796875;1.99951171875;1.99462890625;1.993408203125;1.9873046875;1.97998046875;1.9873046875;1.9873046875;1.988525390625;1.993408203125;1.9921875;1.9921875;1.99462890625;1.9970703125;1.995849609375;1.998291015625;1.98974609375;1.9921875;1.99951171875;1.998291015625;1.99462890625;1.99462890625;1.99462890625;1.9921875;1.9921875;1.9873046875;1.9873046875;1.9921875;1.990966796875;1.990966796875;1.9873046875;1.98974609375;1.98974609375;1.98974609375;1.988525390625;1.98974609375;1.98974609375;1.995849609375;1.993408203125;1.9970703125;1.998291015625;1.995849609375;1.990966796875;1.9873046875;1.988525390625;1.99462890625;1.9921875;1.988525390625;1.98974609375;1.986083984375;1.9873046875;1.98486328125;1.98486328125;1.9921875;1.988525390625;1.990966796875
2024-08-29 15:29:13.796203;1.998291015625;2.000732421875;1.998291015625;1.995849609375;1.995849609375;1.995849609375;1.9921875;1.995849609375;1.998291015625;1.99462890625;1.988525390625;1.986083984375;1.9921875;1.993408203125;1.990966796875;1.990966796875;1.988525390625;1.9873046875;1.983642578125;1.98974609375;1.990966796875;1.988525390625;1.988525390625;1.993408203125;1.9921875;1.98974609375;1.9921875;1.99462890625;1.99462890625;1.99462890625;1.98974609375;1.98974609375;1.983642578125;1.986083984375;1.9873046875;1.988525390625;1.988525390625;1.9873046875;1.983642578125;1.9873046875;1.9970703125;1.995849609375;1.995849609375;1.990966796875;1.9873046875;1.98486328125;1.98974609375;1.995849609375;1.99951171875;2.000732421875;1.99951171875;1.9921875;1.988525390625;1.9921875;1.99462890625;1.993408203125;1.99462890625;2.000732421875;2.003173828125;2.001953125;2.001953125;1.9921875;1.993408203125;1.990966796875;1.988525390625;1.990966796875;1.993408203125;1.995849609375;1.99462890625;1.995849609375;1.998291015625;1.99951171875;1.998291015625;1.993408203125;1.988525390625;1.983642578125;1.983642578125;1.98974609375;1.98974609375;1.98974609375;1.993408203125;1.993408203125;1.995849609375;1.99951171875;1.998291015625;1.9970703125;1.995849609375;1.99462890625;1.9970703125;1.9970703125;1.9970703125;1.998291015625;1.99951171875;1.99462890625;1.990966796875;1.990966796875;1.9921875;1.9921875;1.98974609375;1.9873046875
2024-08-29 15:29:13.812153;1.98486328125;1.9873046875;1.988525390625;1.9873046875;1.986083984375;1.988525390625;1.990966796875;1.990966796875;1.993408203125;1.998291015625;2.001953125;1.9970703125;1.99951171875;1.9970703125;1.990966796875;1.988525390625;1.9921875;1.993408203125;1.9970703125;1.993408203125;1.993408203125;1.9970703125;1.995849609375;1.9921875;1.9921875;1.9921875;1.993408203125;1.993408203125;1.986083984375;1.988525390625;1.998291015625;1.99951171875;1.9921875;1.9921875;1.9921875;1.988525390625;1.988525390625;1.98974609375;1.98974609375;1.990966796875;1.990966796875;1.99462890625;1.990966796875;1.986083984375;1.988525390625;1.9970703125;2.000732421875;1.99462890625;1.990966796875;1.990966796875;1.995849609375;1.993408203125;1.990966796875;1.986083984375;1.98974609375;1.99462890625;1.995849609375;1.9970703125;1.9970703125;1.995849609375;1.990966796875;1.988525390625;1.99462890625;1.993408203125;1.99462890625;1.9921875;1.986083984375;1.983642578125;1.983642578125;1.98486328125;1.988525390625;1.9921875;1.9921875;1.995849609375;1.9921875;1.9921875;1.99462890625;1.990966796875;1.9873046875;1.98974609375;1.9873046875;1.993408203125;1.998291015625;2.000732421875;1.99951171875;1.99951171875;1.998291015625;1.99462890625;1.990966796875;1.98974609375;1.98974609375;1.988525390625;1.9921875;1.993408203125;1.98974609375;1.98974609375;1.993408203125;1.993408203125;1.993408203125;1.988525390625
2024-08-29 15:29:13.843084;1.98974609375;1.988525390625;1.986083984375;1.988525390625;1.993408203125;1.995849609375;1.993408203125;1.993408203125;1.990966796875;1.990966796875;1.988525390625;1.9921875;1.9921875;1.990966796875;1.9873046875;1.981201171875;1.981201171875;1.9873046875;1.990966796875;1.9921875;1.99462890625;1.993408203125;1.9921875;1.995849609375;1.9921875;1.9921875;1.9921875;1.993408203125;1.98974609375;1.990966796875;1.998291015625;1.993408203125;1.9921875;1.988525390625;1.99462890625;1.9921875;1.986083984375;1.988525390625;1.993408203125;1.9921875;1.986083984375;1.98486328125;1.982421875;1.982421875;1.983642578125;1.98486328125;1.98974609375;1.986083984375;1.986083984375;1.988525390625;1.986083984375;1.982421875;1.986083984375;1.9921875;1.995849609375;1.993408203125;1.9873046875;1.986083984375;1.9921875;1.98974609375;1.98974609375;1.9873046875;1.9873046875;1.988525390625;1.9921875;1.993408203125;1.99462890625;1.995849609375;2.000732421875;1.998291015625;1.9970703125;1.9921875;1.9873046875;1.986083984375;1.9873046875;1.986083984375;1.986083984375;1.98974609375;1.986083984375;1.988525390625;1.98486328125;1.988525390625;1.990966796875;1.993408203125;1.98974609375;1.99462890625;1.998291015625;1.993408203125;1.99462890625;1.9970703125;1.995849609375;1.993408203125;1.99462890625;1.998291015625;1.99951171875;1.995849609375;2.000732421875;1.995849609375;1.993408203125;1.9921875
2024-08-29 15:29:13.874024;1.99462890625;1.9970703125;1.995849609375;1.99462890625;1.99462890625;1.98974609375;1.986083984375;1.9873046875;1.988525390625;1.993408203125;1.9970703125;1.998291015625;1.9970703125;1.998291015625;1.995849609375;1.98974609375;1.9921875;1.993408203125;1.99462890625;1.9970703125;1.9970703125;2.000732421875;1.9970703125;1.995849609375;1.9921875;1.990966796875;1.98974609375;1.98974609375;1.9921875;1.9921875;1.98974609375;1.9873046875;1.98486328125;1.982421875;1.990966796875;1.99462890625;1.9921875;1.98486328125;1.981201171875;1.990966796875;1.990966796875;1.988525390625;1.988525390625;1.98974609375;1.988525390625;1.99462890625;1.993408203125;1.9873046875;1.986083984375;1.983642578125;1.98486328125;1.98486328125;1.9873046875;1.988525390625;1.98486328125;1.9873046875;1.993408203125;1.9921875;1.9970703125;1.99951171875;1.998291015625;1.993408203125;1.998291015625;2.001953125;2.003173828125;2.000732421875;1.998291015625;2.003173828125;2.003173828125;1.9970703125;1.99951171875;1.998291015625;2.00439453125;2.010498046875;2.01416015625;2.010498046875;2.00439453125;2.005615234375;2.008056640625;2.01416015625;2.010498046875;2.0068359375;2.005615234375;2.0068359375;2.008056640625;2.0068359375;2.010498046875;2.003173828125;2.000732421875;1.995849609375;1.99462890625;1.9970703125;1.998291015625;1.9970703125;1.995849609375;1.993408203125;1.98974609375;1.98486328125;1.983642578125;1.98486328125
2024-08-29 15:29:13.904973;1.988525390625;1.986083984375;1.988525390625;1.990966796875;1.9873046875;1.98486328125;1.98486328125;1.98974609375;1.988525390625;1.990966796875;1.988525390625;1.9921875;1.9921875;1.9921875;1.988525390625;1.990966796875;1.995849609375;1.993408203125;1.988525390625;1.986083984375;1.982421875;1.986083984375;1.990966796875;1.98974609375;1.98974609375;1.988525390625;1.98974609375;1.9921875;1.995849609375;1.98974609375;1.9921875;1.99462890625;1.995849609375;1.995849609375;2.000732421875;1.99951171875;1.9970703125;1.995849609375;1.998291015625;1.99951171875;1.99951171875;1.995849609375;1.99462890625;1.99462890625;1.99951171875;2.000732421875;1.998291015625;1.99951171875;1.9970703125;2.000732421875;2.005615234375;2.0068359375;2.008056640625;2.005615234375;2.001953125;2.0068359375;2.00927734375;2.01171875;2.01171875;2.001953125;1.9970703125;1.998291015625;1.99951171875;1.998291015625;1.995849609375;2.000732421875;2.001953125;1.99462890625;1.9921875;1.990966796875;1.9921875;1.9921875;1.988525390625;1.982421875;1.982421875;1.983642578125;1.983642578125;1.990966796875;1.98486328125;1.981201171875;1.9873046875;1.98974609375;1.988525390625;1.9873046875;1.988525390625;1.988525390625;1.9970703125;1.99951171875;1.995849609375;1.998291015625;1.9970703125;1.995849609375;1.99462890625;1.995849609375;1.990966796875;1.98974609375;1.993408203125;1.993408203125;1.99462890625;1.993408203125
2024-08-29 15:29:13.951283;1.990966796875;1.98974609375;1.993408203125;1.993408203125;1.990966796875;1.98486328125;1.98486328125;1.988525390625;1.986083984375;1.98974609375;1.9921875;1.9921875;1.98974609375;1.988525390625;1.9873046875;1.986083984375;1.9873046875;1.98974609375;1.988525390625;1.9921875;1.9970703125;1.9970703125;1.99462890625;1.9873046875;1.98974609375;1.98974609375;1.98974609375;1.986083984375;1.982421875;1.988525390625;1.995849609375;1.995849609375;2.001953125;2.005615234375;2.001953125;1.99951171875;1.9970703125;1.993408203125;1.990966796875;1.9873046875;1.98486328125;1.983642578125;1.99462890625;2.001953125;2.003173828125;2.003173828125;2.003173828125;2.00439453125;1.99951171875;1.9970703125;1.995849609375;1.993408203125;1.9921875;1.995849609375;1.995849609375;1.998291015625;1.995849609375;1.995849609375;1.995849609375;1.998291015625;1.998291015625;1.995849609375;1.9921875;1.990966796875;1.9921875;1.9970703125;1.998291015625;1.9970703125;1.995849609375;1.995849609375;1.990966796875;1.9921875;1.99462890625;1.993408203125;1.995849609375;1.995849609375;1.99951171875;1.998291015625;1.998291015625;1.995849609375;1.995849609375;1.998291015625;1.993408203125;1.9921875;1.993408203125;1.993408203125;1.9921875;1.98974609375;1.9873046875;1.9873046875;1.98974609375;1.9921875;1.993408203125;1.995849609375;1.99462890625;1.988525390625;1.98974609375;1.9873046875;1.988525390625;1.995849609375
2024-08-29 15:29:13.982166;1.9970703125;1.995849609375;1.990966796875;1.990966796875;1.9970703125;1.990966796875;1.986083984375;1.98486328125;1.98974609375;1.988525390625;1.98974609375;1.993408203125;1.9921875;1.9970703125;1.998291015625;1.99462890625;1.990966796875;1.98974609375;1.990966796875;1.9970703125;1.9970703125;1.993408203125;1.9921875;1.99462890625;1.995849609375;1.9921875;1.993408203125;1.995849609375;1.99462890625;1.9921875;1.98486328125;1.990966796875;1.995849609375;1.99462890625;1.99462890625;1.988525390625;1.986083984375;1.982421875;1.982421875;1.9873046875;1.990966796875;1.995849609375;1.993408203125;1.990966796875;1.995849609375;1.998291015625;2.00439453125;2.003173828125;1.9970703125;1.99462890625;1.9921875;1.99462890625;1.98974609375;1.98974609375;1.990966796875;1.990966796875;1.990966796875;1.98974609375;1.9921875;1.995849609375;1.995849609375;1.990966796875;1.993408203125;1.995849609375;1.9970703125;1.993408203125;1.988525390625;1.990966796875;1.990966796875;1.98486328125;1.988525390625;1.9970703125;1.995849609375;1.995849609375;1.993408203125;1.993408203125;1.990966796875;1.986083984375;1.98974609375;1.988525390625;1.986083984375;1.9921875;1.99951171875;1.998291015625;1.9970703125;1.9970703125;1.998291015625;2.001953125;2.001953125;1.99951171875;1.9970703125;1.995849609375;1.98974609375;1.993408203125;1.99462890625;1.993408203125;1.990966796875;1.98974609375;1.9873046875;1.986083984375
2024-08-29 15:29:14.009630;1.986083984375;1.990966796875;1.9921875;1.988525390625;1.9921875;1.993408203125;1.995849609375;1.990966796875;1.990966796875;1.983642578125;1.98486328125;1.986083984375;1.982421875;1.98486328125;1.986083984375;1.98486328125;1.986083984375;1.986083984375;1.9873046875;1.99462890625;1.99462890625;1.993408203125;1.988525390625;1.9873046875;1.982421875;1.983642578125;1.988525390625;1.993408203125;1.995849609375;1.99462890625;1.99951171875;1.98974609375;1.98486328125;1.9921875;1.99462890625;1.99951171875;2.001953125;2.000732421875;1.99951171875;1.9970703125;1.993408203125;1.99462890625;1.9873046875;1.982421875;1.97998046875;1.9775390625;1.976318359375;1.982421875;1.98486328125;1.986083984375;1.98974609375;1.995849609375;2.000732421875;1.995849609375;1.9921875;1.98974609375;1.995849609375;1.993408203125;1.98974609375;1.9873046875;1.983642578125;1.983642578125;1.986083984375;1.9873046875;1.993408203125;1.99462890625;1.9970703125;1.995849609375;1.995849609375;1.993408203125;1.98486328125;1.986083984375;1.9873046875;1.98974609375;1.9921875;1.99951171875;1.99951171875;1.9970703125;1.995849609375;1.99462890625;1.9970703125;1.998291015625;1.998291015625;1.993408203125;1.98974609375;1.990966796875;1.988525390625;1.98974609375;1.99462890625;1.9970703125;1.998291015625;1.998291015625;2.000732421875;1.998291015625;1.998291015625;2.001953125;2.001953125;1.995849609375;1.99462890625;1.995849609375
2024-08-29 15:29:14.020011;1.9921875;1.986083984375;1.982421875;1.982421875;1.983642578125;1.986083984375;1.988525390625;1.988525390625;1.9921875;1.98974609375;1.98974609375;1.988525390625;1.990966796875;1.9921875;1.988525390625;1.983642578125;1.988525390625;1.995849609375;1.9921875;1.99462890625;1.9970703125;1.9921875;1.99462890625;1.995849609375;1.990966796875;1.988525390625;1.98974609375;1.986083984375;1.981201171875;1.982421875;1.988525390625;1.9921875;1.988525390625;1.988525390625;1.990966796875;1.9921875;1.986083984375;1.98974609375;1.990966796875;1.9873046875;1.986083984375;1.98974609375;1.990966796875;1.986083984375;1.990966796875;1.98974609375;1.986083984375;1.981201171875;1.98486328125;1.981201171875;1.981201171875;1.9775390625;1.973876953125;1.97509765625;1.9775390625;1.982421875;1.982421875;1.98486328125;1.988525390625;1.988525390625;1.98486328125;1.988525390625;1.98974609375;1.98974609375;1.98486328125;1.99462890625;1.99951171875;1.99951171875;1.995849609375;1.993408203125;1.993408203125;1.9921875;1.99462890625;1.993408203125;1.99462890625;1.99462890625;1.993408203125;1.9970703125;1.998291015625;1.9970703125;1.99462890625;1.993408203125;1.988525390625;1.988525390625;1.993408203125;1.993408203125;1.9873046875;1.983642578125;1.982421875;1.9873046875;1.986083984375;1.988525390625;1.9873046875;1.990966796875;1.988525390625;1.986083984375;1.988525390625;1.99462890625;1.99462890625;1.98974609375
2024-08-29 15:29:14.045274;1.9921875;1.998291015625;2.003173828125;1.993408203125;1.98974609375;1.9873046875;1.98974609375;1.99462890625;1.993408203125;1.993408203125;1.9970703125;1.99462890625;1.993408203125;1.995849609375;1.988525390625;1.988525390625;1.99462890625;1.9921875;1.9921875;1.98974609375;1.98974609375;1.98974609375;1.9921875;1.99462890625;1.99951171875;1.9970703125;1.995849609375;1.99462890625;1.998291015625;1.993408203125;1.983642578125;1.990966796875;1.98974609375;1.988525390625;1.988525390625;1.98974609375;1.988525390625;1.990966796875;1.9970703125;1.998291015625;2.001953125;2.000732421875;1.99462890625;1.990966796875;1.98974609375;1.98974609375;1.990966796875;1.993408203125;1.995849609375;1.9921875;1.993408203125;1.995849609375;1.9970703125;1.9970703125;1.9970703125;1.995849609375;1.99951171875;2.00927734375;2.010498046875;2.005615234375;2.00439453125;2.001953125;1.998291015625;1.998291015625;2.000732421875;1.99951171875;1.998291015625;1.99462890625;1.995849609375;1.993408203125;1.9921875;1.9970703125;1.995849609375;1.998291015625;1.998291015625;2.000732421875;1.998291015625;1.995849609375;1.9921875;1.990966796875;1.98974609375;1.981201171875;1.983642578125;1.981201171875;1.982421875;1.988525390625;1.986083984375;1.986083984375;1.98486328125;1.983642578125;1.982421875;1.981201171875;1.982421875;1.976318359375;1.973876953125;1.9775390625;1.97998046875;1.982421875;1.986083984375;1.988525390625
2024-08-29 15:29:14.073930;1.988525390625;1.98486328125;1.97998046875;1.983642578125;1.9921875;1.99462890625;1.99462890625;1.99462890625;1.995849609375;1.9970703125;1.99462890625;1.99462890625;1.993408203125;1.9970703125;1.995849609375;1.9970703125;1.9921875;1.983642578125;1.986083984375;1.98974609375;1.9921875;1.995849609375;1.9921875;1.990966796875;1.988525390625;1.9873046875;1.988525390625;1.986083984375;1.988525390625;1.993408203125;1.9921875;1.9921875;1.993408203125;1.99462890625;1.99462890625;1.990966796875;1.98974609375;1.9873046875;1.98486328125;1.986083984375;1.990966796875;1.9921875;1.995849609375;1.99951171875;1.998291015625;1.998291015625;1.995849609375;1.998291015625;2.001953125;1.995849609375;1.99462890625;1.993408203125;1.99462890625;2.000732421875;2.003173828125;2.005615234375;2.0068359375;1.99951171875;1.99951171875;1.99951171875;1.9921875;1.990966796875;1.995849609375;1.99462890625;1.99462890625;1.998291015625;1.998291015625;2.000732421875;1.998291015625;1.99462890625;1.9921875;1.990966796875;1.986083984375;1.986083984375;1.9873046875;1.988525390625;1.990966796875;1.990966796875;1.9921875;1.995849609375;1.993408203125;1.9921875;1.998291015625;2.003173828125;1.998291015625;1.99462890625;1.99951171875;2.003173828125;2.00439453125;2.001953125;2.003173828125;2.000732421875;1.99462890625;1.993408203125;1.99462890625;1.99462890625;1.99951171875;1.995849609375;1.99462890625;1.9970703125
2024-08-29 15:29:14.103069;1.9970703125;2.001953125;2.000732421875;1.99462890625;1.995849609375;2.001953125;1.998291015625;1.998291015625;1.99951171875;2.000732421875;1.9970703125;1.99951171875;2.000732421875;1.99951171875;1.995849609375;1.9970703125;1.990966796875;1.990966796875;1.98974609375;1.988525390625;1.98974609375;1.98974609375;1.988525390625;1.98974609375;1.98974609375;1.988525390625;1.98974609375;1.9921875;1.990966796875;1.98974609375;1.99462890625;1.993408203125;1.99462890625;1.99462890625;1.9970703125;1.998291015625;1.998291015625;1.993408203125;1.988525390625;1.988525390625;1.98974609375;1.9970703125;1.998291015625;1.993408203125;1.990966796875;1.988525390625;1.982421875;1.982421875;1.981201171875;1.97998046875;1.982421875;1.982421875;1.9873046875;1.99462890625;1.995849609375;1.993408203125;1.9970703125;1.995849609375;1.99462890625;1.993408203125;1.995849609375;1.9921875;1.98974609375;1.98974609375;1.988525390625;1.983642578125;1.98486328125;1.981201171875;1.982421875;1.98486328125;1.986083984375;1.98974609375;1.99462890625;1.993408203125;1.9970703125;1.99951171875;1.998291015625;1.9921875;1.983642578125;1.982421875;1.9873046875;1.98486328125;1.98486328125;1.988525390625;1.98486328125;1.9873046875;1.98974609375;1.988525390625;1.988525390625;1.99462890625;1.990966796875;1.988525390625;1.988525390625;1.990966796875;1.990966796875;1.988525390625;1.981201171875;1.97998046875;1.98486328125;1.990966796875
2024-08-29 15:29:14.127283;1.990966796875;1.993408203125;1.993408203125;1.993408203125;1.993408203125;1.9921875;1.99462890625;1.993408203125;1.993408203125;1.99462890625;1.993408203125;1.998291015625;1.99951171875;1.9970703125;1.995849609375;1.993408203125;1.99462890625;1.995849609375;1.99462890625;1.993408203125;1.98974609375;1.98974609375;1.993408203125;1.993408203125;1.995849609375;1.99462890625;1.99462890625;1.9970703125;1.9970703125;1.9970703125;1.998291015625;1.998291015625;1.995849609375;2.001953125;2.008056640625;2.00439453125;1.9970703125;1.9921875;1.990966796875;1.990966796875;1.99462890625;1.9921875;1.9921875;1.990966796875;1.9921875;1.993408203125;1.99462890625;1.99951171875;1.99951171875;2.003173828125;2.005615234375;2.003173828125;2.001953125;2.003173828125;2.00439453125;2.003173828125;1.99951171875;1.998291015625;1.99951171875;1.995849609375;1.9970703125;2.000732421875;2.003173828125;2.001953125;2.00439453125;2.003173828125;1.99951171875;1.998291015625;1.99951171875;2.003173828125;2.005615234375;2.00439453125;2.001953125;2.001953125;1.9970703125;1.995849609375;1.998291015625;1.995849609375;1.9970703125;1.99462890625;1.9921875;1.993408203125;1.9921875;1.9921875;1.990966796875;1.9921875;1.99462890625;1.995849609375;1.9970703125;1.998291015625;1.9970703125;1.995849609375;1.98974609375;1.982421875;1.982421875;1.98974609375;1.99462890625;1.99951171875;2.001953125;1.998291015625
2024-08-29 15:29:14.155598;1.9921875;1.988525390625;1.9873046875;1.988525390625;1.993408203125;1.99462890625;1.99462890625;1.9921875;1.9921875;1.990966796875;1.990966796875;1.990966796875;1.986083984375;1.983642578125;1.983642578125;1.98486328125;1.9921875;1.9921875;1.9921875;1.995849609375;1.9970703125;1.993408203125;1.988525390625;1.988525390625;1.990966796875;1.990966796875;1.99462890625;1.99462890625;1.993408203125;1.995849609375;1.9921875;1.98486328125;1.982421875;1.986083984375;1.98974609375;1.9970703125;1.9970703125;1.988525390625;1.9873046875;1.988525390625;1.990966796875;1.9921875;1.990966796875;1.99462890625;1.998291015625;1.998291015625;2.003173828125;2.001953125;1.9970703125;1.9921875;1.995849609375;1.995849609375;1.99951171875;1.99462890625;1.9921875;1.988525390625;1.990966796875;1.990966796875;1.993408203125;1.995849609375;1.99462890625;1.9970703125;1.9921875;1.993408203125;1.9970703125;1.99462890625;1.988525390625;1.986083984375;1.98486328125;1.986083984375;1.98486328125;1.983642578125;1.988525390625;1.98486328125;1.97998046875;1.983642578125;1.986083984375;1.988525390625;1.9873046875;1.986083984375;1.978759765625;1.978759765625;1.97998046875;1.981201171875;1.98486328125;1.988525390625;1.983642578125;1.98486328125;1.986083984375;1.98486328125;1.9873046875;1.983642578125;1.98486328125;1.986083984375;1.990966796875;1.98486328125;1.982421875;1.978759765625;1.981201171875;1.97998046875
2024-08-29 15:29:14.184260;1.983642578125;1.982421875;1.978759765625;1.97998046875;1.982421875;1.982421875;1.98486328125;1.983642578125;1.9873046875;1.988525390625;1.986083984375;1.988525390625;1.982421875;1.981201171875;1.981201171875;1.982421875;1.986083984375;1.99462890625;1.9921875;1.98974609375;1.9873046875;1.98486328125;1.986083984375;1.98974609375;1.98974609375;1.99462890625;1.998291015625;1.99951171875;1.9970703125;1.990966796875;1.983642578125;1.97998046875;1.981201171875;1.97998046875;1.98486328125;1.988525390625;1.98974609375;1.988525390625;1.9873046875;1.988525390625;1.988525390625;1.982421875;1.981201171875;1.98486328125;1.986083984375;1.98486328125;1.98486328125;1.98486328125;1.982421875;1.9775390625;1.97509765625;1.9775390625;1.9775390625;1.981201171875;1.98974609375;1.9921875;1.990966796875;1.9970703125;1.998291015625;2.003173828125;1.99951171875;2.003173828125;2.005615234375;2.005615234375;1.99951171875;1.9921875;1.988525390625;1.988525390625;1.9873046875;1.981201171875;1.98486328125;1.981201171875;1.981201171875;1.98486328125;1.98974609375;1.98974609375;1.9921875;1.995849609375;1.99951171875;1.99462890625;1.993408203125;1.998291015625;2.003173828125;2.000732421875;2.00439453125;2.00927734375;2.008056640625;2.000732421875;1.9970703125;1.98974609375;1.983642578125;1.983642578125;1.986083984375;1.986083984375;1.988525390625;1.98974609375;1.98974609375;1.98974609375;1.98974609375;1.99462890625
2024-08-29 15:29:14.213431;2.000732421875;2.0068359375;2.005615234375;2.001953125;2.001953125;2.00439453125;2.000732421875;1.9970703125;2.001953125;2.001953125;2.001953125;1.9970703125;1.98974609375;1.9873046875;1.983642578125;1.981201171875;1.982421875;1.986083984375;1.982421875;1.986083984375;1.990966796875;1.99462890625;1.998291015625;2.000732421875;2.003173828125;2.010498046875;2.010498046875;2.00927734375;2.0068359375;1.9970703125;1.99462890625;1.995849609375;1.993408203125;1.998291015625;1.9970703125;1.99462890625;1.99462890625;1.9970703125;2.003173828125;2.000732421875;1.9970703125;1.99462890625;1.9921875;1.9970703125;1.9921875;1.98486328125;1.98486328125;1.983642578125;1.983642578125;1.982421875;1.981201171875;1.98974609375;1.995849609375;1.998291015625;2.000732421875;2.000732421875;2.001953125;2.00439453125;2.003173828125;2.000732421875;1.99951171875;2.001953125;1.998291015625;1.9970703125;1.995849609375;1.9970703125;1.998291015625;1.99462890625;1.9921875;1.990966796875;1.98974609375;1.9921875;2.000732421875;2.003173828125;2.001953125;1.99951171875;2.000732421875;2.000732421875;1.998291015625;1.998291015625;1.99951171875;1.995849609375;1.988525390625;1.9921875;1.99462890625;1.9921875;1.986083984375;1.98486328125;1.990966796875;1.98974609375;1.990966796875;1.9921875;1.99462890625;1.9970703125;1.993408203125;1.995849609375;1.99951171875;2.003173828125;2.000732421875;2.000732421875
2024-08-29 15:29:14.237925;2.00439453125;1.99951171875;2.000732421875;1.998291015625;1.9970703125;1.995849609375;1.99462890625;1.993408203125;1.990966796875;1.9873046875;1.988525390625;1.9873046875;1.988525390625;1.98974609375;1.99462890625;1.995849609375;1.99462890625;1.98974609375;1.993408203125;1.99462890625;1.995849609375;1.995849609375;1.993408203125;1.98974609375;1.9873046875;1.983642578125;1.981201171875;1.982421875;1.986083984375;1.98974609375;1.98974609375;1.9921875;1.990966796875;1.98974609375;1.9921875;1.9873046875;1.98974609375;1.993408203125;1.99462890625;1.9921875;1.990966796875;1.9921875;1.9921875;1.99462890625;2.003173828125;2.000732421875;1.9970703125;1.995849609375;1.993408203125;1.9970703125;1.99951171875;2.001953125;1.998291015625;1.998291015625;2.000732421875;1.998291015625;2.001953125;2.000732421875;2.003173828125;1.99951171875;1.995849609375;1.99462890625;1.993408203125;1.988525390625;1.98974609375;1.9921875;1.9921875;1.99462890625;1.99462890625;1.98974609375;1.9873046875;1.98974609375;1.9873046875;1.990966796875;1.993408203125;1.99462890625;1.993408203125;1.99462890625;1.993408203125;1.9970703125;1.995849609375;1.99951171875;1.998291015625;1.99462890625;1.9921875;1.9970703125;1.99951171875;1.998291015625;1.9970703125;1.995849609375;1.9921875;1.988525390625;1.988525390625;1.982421875;1.982421875;1.982421875;1.97998046875;1.9873046875;1.98974609375;1.990966796875
2024-08-29 15:29:14.266020;1.99462890625;1.99951171875;1.99951171875;2.003173828125;1.99951171875;2.003173828125;2.003173828125;1.995849609375;1.9970703125;1.9970703125;2.000732421875;1.9970703125;1.99462890625;1.988525390625;1.9873046875;1.98974609375;1.993408203125;1.990966796875;1.993408203125;1.993408203125;1.995849609375;1.990966796875;1.993408203125;1.9970703125;1.998291015625;1.995849609375;1.99951171875;1.995849609375;1.9970703125;2.001953125;1.9873046875;1.988525390625;1.99462890625;1.993408203125;1.9970703125;1.99951171875;1.998291015625;1.9970703125;1.9970703125;1.99951171875;1.99951171875;1.99951171875;1.99951171875;2.001953125;2.003173828125;2.005615234375;2.003173828125;1.99462890625;1.995849609375;1.995849609375;1.9970703125;1.99462890625;1.9921875;1.993408203125;1.993408203125;1.988525390625;1.988525390625;1.9873046875;1.98486328125;1.981201171875;1.982421875;1.986083984375;1.9873046875;1.990966796875;1.995849609375;1.9970703125;1.9970703125;1.99951171875;1.998291015625;1.9970703125;1.9921875;1.9921875;1.9921875;1.9921875;1.9921875;1.995849609375;1.9921875;1.993408203125;1.99462890625;1.99462890625;1.99462890625;1.990966796875;1.988525390625;1.9873046875;1.9873046875;1.993408203125;1.9970703125;1.9970703125;1.995849609375;1.995849609375;1.988525390625;1.98974609375;1.993408203125;1.995849609375;1.990966796875;1.9873046875;1.988525390625;1.9873046875;1.9873046875;1.98486328125
2024-08-29 15:29:14.295399;1.983642578125;1.986083984375;1.993408203125;1.993408203125;1.990966796875;1.98974609375;1.990966796875;1.9921875;1.98974609375;1.993408203125;1.993408203125;1.995849609375;1.995849609375;1.990966796875;1.990966796875;1.990966796875;1.98974609375;1.990966796875;1.990966796875;1.9873046875;1.9873046875;1.98486328125;1.98486328125;1.98486328125;1.988525390625;1.986083984375;1.990966796875;1.99462890625;1.998291015625;1.995849609375;1.9970703125;1.9921875;1.990966796875;1.9921875;1.993408203125;1.9921875;1.993408203125;1.993408203125;1.9921875;1.998291015625;1.9921875;1.988525390625;1.9921875;1.993408203125;1.998291015625;1.995849609375;1.99951171875;1.9921875;1.9921875;1.9921875;1.9921875;1.995849609375;1.9970703125;1.988525390625;1.986083984375;1.98974609375;1.993408203125;1.9921875;1.995849609375;1.998291015625;2.001953125;1.995849609375;1.9970703125;1.993408203125;1.995849609375;1.998291015625;2.001953125;1.998291015625;1.9921875;1.995849609375;2.00439453125;2.001953125;2.000732421875;1.998291015625;1.993408203125;1.993408203125;1.9970703125;1.998291015625;1.998291015625;1.9970703125;1.995849609375;1.995849609375;1.995849609375;2.000732421875;2.000732421875;2.000732421875;2.000732421875;2.001953125;1.99951171875;1.995849609375;1.998291015625;2.003173828125;1.998291015625;1.998291015625;1.993408203125;1.98974609375;1.98974609375;1.995849609375;1.995849609375;1.993408203125
2024-08-29 15:29:14.320249;1.990966796875;1.988525390625;1.986083984375;1.990966796875;1.98974609375;1.990966796875;1.990966796875;1.98974609375;1.990966796875;1.990966796875;1.9921875;1.98486328125;1.986083984375;1.986083984375;1.9873046875;1.988525390625;1.9873046875;1.98486328125;1.983642578125;1.988525390625;1.9921875;1.98974609375;1.98486328125;1.986083984375;1.98974609375;1.993408203125;1.993408203125;1.9921875;1.990966796875;1.990966796875;1.99462890625;1.9970703125;1.990966796875;1.990966796875;1.98974609375;1.98974609375;1.9873046875;1.986083984375;1.978759765625;1.98486328125;1.993408203125;1.98974609375;1.981201171875;1.98486328125;1.9921875;1.98974609375;1.988525390625;1.98486328125;1.97998046875;1.97998046875;1.982421875;1.983642578125;1.988525390625;1.9873046875;1.98486328125;1.983642578125;1.988525390625;1.9921875;1.9873046875;1.990966796875;1.99462890625;1.9921875;1.9970703125;1.99951171875;1.99951171875;1.995849609375;1.9970703125;1.9921875;1.98974609375;1.9921875;1.990966796875;1.990966796875;1.990966796875;1.98974609375;1.988525390625;1.9873046875;1.98486328125;1.97998046875;1.97998046875;1.982421875;1.9873046875;1.982421875;1.983642578125;1.986083984375;1.98974609375;1.993408203125;1.990966796875;1.986083984375;1.98486328125;1.988525390625;1.988525390625;1.988525390625;1.9921875;1.9921875;1.990966796875;1.99462890625;1.995849609375;1.993408203125;1.990966796875;1.98974609375
2024-08-29 15:29:14.348497;1.986083984375;1.9873046875;1.9873046875;1.988525390625;1.99462890625;1.995849609375;1.998291015625;2.000732421875;1.993408203125;1.988525390625;1.990966796875;1.9970703125;1.990966796875;1.9873046875;1.98974609375;1.98974609375;1.98974609375;1.990966796875;1.993408203125;1.9970703125;1.9921875;1.9921875;1.993408203125;1.990966796875;1.995849609375;1.9970703125;1.998291015625;2.000732421875;1.9970703125;1.98974609375;2.001953125;1.998291015625;1.995849609375;1.9921875;1.9921875;1.98974609375;1.9873046875;1.9873046875;1.98974609375;1.9970703125;1.9970703125;1.99462890625;1.993408203125;1.99462890625;1.99462890625;1.993408203125;1.990966796875;1.990966796875;1.98974609375;1.99951171875;2.003173828125;2.003173828125;2.005615234375;2.001953125;1.99951171875;1.9970703125;2.000732421875;1.995849609375;1.990966796875;1.98974609375;1.995849609375;1.990966796875;1.9921875;1.99462890625;1.993408203125;1.988525390625;1.9921875;1.9921875;1.995849609375;1.998291015625;2.005615234375;2.003173828125;2.005615234375;2.000732421875;1.99951171875;1.9970703125;1.9970703125;1.990966796875;1.9873046875;1.98974609375;1.988525390625;1.986083984375;1.9873046875;1.988525390625;1.988525390625;1.9873046875;1.9873046875;1.98974609375;1.99462890625;1.9921875;1.9921875;1.99462890625;1.998291015625;1.9970703125;1.9970703125;1.995849609375;1.995849609375;1.9921875;1.9873046875;1.988525390625
2024-08-29 15:29:14.377249;1.98486328125;1.988525390625;1.988525390625;1.990966796875;1.98974609375;1.9873046875;1.988525390625;1.98974609375;1.99462890625;1.995849609375;1.995849609375;1.9970703125;1.995849609375;1.99462890625;1.9921875;1.9921875;1.993408203125;1.9921875;1.9921875;1.990966796875;1.9921875;1.98974609375;1.993408203125;1.993408203125;1.990966796875;1.9921875;1.99462890625;1.990966796875;1.9873046875;1.98974609375;1.998291015625;1.995849609375;1.9921875;1.9873046875;1.97998046875;1.978759765625;1.97998046875;1.983642578125;1.986083984375;1.9873046875;1.986083984375;1.983642578125;1.98486328125;1.98974609375;1.98974609375;1.9921875;1.998291015625;1.9921875;1.9921875;1.9921875;1.990966796875;1.993408203125;1.99462890625;2.000732421875;1.99951171875;2.001953125;2.00439453125;2.000732421875;1.99462890625;1.99462890625;1.995849609375;1.99462890625;1.995849609375;1.99462890625;1.9970703125;1.99951171875;2.0068359375;2.00439453125;1.99951171875;1.99951171875;1.993408203125;1.9921875;1.995849609375;1.98974609375;1.98974609375;1.9873046875;1.98486328125;1.9775390625;1.9775390625;1.98486328125;1.98486328125;1.990966796875;1.993408203125;1.990966796875;1.98974609375;1.990966796875;1.9921875;1.9921875;1.9921875;1.99462890625;1.988525390625;1.986083984375;1.98974609375;1.9873046875;1.97998046875;1.978759765625;1.981201171875;1.981201171875;1.97509765625;1.976318359375
2024-08-29 15:29:14.406205;1.98486328125;1.986083984375;1.98486328125;1.9873046875;1.98974609375;1.986083984375;1.988525390625;1.9921875;1.993408203125;1.99462890625;1.998291015625;1.99951171875;1.99462890625;1.9970703125;1.995849609375;1.990966796875;1.990966796875;1.99462890625;1.9970703125;1.993408203125;1.9921875;1.9921875;1.990966796875;1.9873046875;1.988525390625;1.9921875;1.99951171875;1.998291015625;1.9873046875;1.9873046875;1.990966796875;1.99462890625;1.98974609375;1.9921875;1.9873046875;1.98486328125;1.988525390625;1.988525390625;1.9921875;2.003173828125;2.0068359375;1.998291015625;1.990966796875;1.9873046875;1.9873046875;1.9873046875;1.9873046875;1.986083984375;1.98486328125;1.98974609375;1.9921875;1.9970703125;1.99462890625;1.99462890625;1.99462890625;1.9921875;1.988525390625;1.9921875;1.993408203125;1.993408203125;1.993408203125;1.986083984375;1.983642578125;1.988525390625;1.98974609375;1.98974609375;1.9921875;1.998291015625;1.9970703125;1.993408203125;1.993408203125;1.99462890625;1.990966796875;1.990966796875;1.9921875;1.995849609375;1.99462890625;1.995849609375;1.993408203125;1.98974609375;1.990966796875;1.990966796875;1.993408203125;1.995849609375;1.9970703125;1.99462890625;1.990966796875;1.986083984375;1.981201171875;1.9775390625;1.983642578125;1.988525390625;1.988525390625;1.9921875;1.993408203125;1.990966796875;1.988525390625;1.986083984375;1.982421875;1.9873046875
