fs 3700;frames_per_buffer None;samples_per_frame None;refresh_rate_hz None
2024-08-29 15:31:18.052416;1.9970703125;1.995849609375;1.9970703125;1.9921875;1.995849609375;1.9921875;1.990966796875;1.990966796875;1.986083984375;1.99462890625;1.995849609375;1.9970703125;1.9970703125;2.001953125;2.000732421875;1.998291015625;1.995849609375;1.993408203125;1.9921875;1.995849609375;1.998291015625;2.001953125;1.990966796875;1.98974609375;1.98974609375;1.988525390625;1.988525390625;1.990966796875;1.990966796875;1.986083984375;1.990966796875;1.993408203125;1.995849609375;1.9970703125;1.998291015625;1.995849609375;1.993408203125;1.993408203125;1.99462890625;1.993408203125;1.9873046875;1.983642578125;1.983642578125;1.988525390625;1.995849609375;1.998291015625;1.998291015625;1.998291015625;1.9921875;1.990966796875;1.993408203125;1.99462890625;1.99462890625;1.993408203125;1.993408203125;1.9970703125;1.998291015625;1.998291015625;1.990966796875;1.995849609375;1.998291015625;2.001953125;1.99951171875;1.998291015625;1.9970703125;1.995849609375;1.9970703125;1.9921875;1.995849609375;1.9921875;1.990966796875;1.990966796875;1.986083984375;1.99462890625;1.995849609375;1.9970703125;1.9970703125;2.001953125;2.000732421875;1.998291015625;1.995849609375;1.993408203125;1.9921875;1.995849609375;1.998291015625;2.001953125;1.990966796875;1.98974609375;1.98974609375;1.988525390625;1.988525390625;1.990966796875;1.990966796875;1.986083984375;1.9873046875;1.9873046875;1.89453125;8.123779296875;1.990966796875;1.990966796875
2024-08-29 15:31:18.081001;1.988525390625;1.9921875;1.993408203125;1.990966796875;1.990966796875;1.993408203125;1.99462890625;1.995849609375;1.990966796875;1.99462890625;1.9970703125;1.9970703125;1.990966796875;1.98974609375;1.986083984375;1.98486328125;1.986083984375;1.9873046875;1.98974609375;1.9921875;1.993408203125;1.995849609375;1.99462890625;1.99462890625;1.990966796875;1.9921875;1.9873046875;1.988525390625;1.988525390625;1.9873046875;1.9921875;1.9921875;1.988525390625;1.9873046875;1.988525390625;1.993408203125;1.99462890625;1.995849609375;1.995849609375;1.99462890625;1.993408203125;1.993408203125;1.9921875;1.9921875;1.98974609375;1.99462890625;1.99462890625;1.998291015625;2.000732421875;2.000732421875;1.995849609375;1.990966796875;1.990966796875;1.993408203125;1.99462890625;1.993408203125;1.9921875;1.995849609375;1.990966796875;1.988525390625;1.993408203125;1.998291015625;1.998291015625;1.99462890625;1.995849609375;1.993408203125;1.99462890625;2.000732421875;1.9970703125;1.993408203125;1.988525390625;1.981201171875;1.982421875;1.9873046875;1.988525390625;1.98486328125;1.986083984375;1.986083984375;1.988525390625;1.990966796875;1.988525390625;1.988525390625;1.990966796875;1.993408203125;1.990966796875;1.988525390625;1.9873046875;1.9873046875;1.9873046875;1.98974609375;1.995849609375;1.99462890625;1.993408203125;1.990966796875;1.986083984375;1.988525390625;2.000732421875;2.0068359375;1.995849609375;1.990966796875
2024-08-29 15:31:18.105917;1.9873046875;1.990966796875;1.988525390625;1.986083984375;1.9873046875;1.9873046875;1.9873046875;1.98974609375;1.9970703125;1.9970703125;1.995849609375;1.995849609375;1.99462890625;1.9970703125;1.995849609375;1.99462890625;1.98974609375;1.990966796875;1.990966796875;1.993408203125;1.9970703125;1.995849609375;1.99462890625;1.99462890625;1.988525390625;1.988525390625;1.990966796875;1.98974609375;1.988525390625;1.9921875;1.99462890625;2.000732421875;2.00439453125;1.998291015625;1.99462890625;1.993408203125;1.990966796875;1.9921875;1.988525390625;1.986083984375;1.990966796875;1.9921875;1.993408203125;1.99462890625;1.99462890625;1.99462890625;1.99462890625;1.9970703125;1.99462890625;1.998291015625;1.99462890625;1.9921875;1.995849609375;1.998291015625;2.001953125;1.998291015625;1.995849609375;1.993408203125;1.9921875;1.990966796875;1.9921875;1.9970703125;1.998291015625;1.99462890625;1.990966796875;1.98974609375;1.988525390625;1.993408203125;1.9921875;1.98974609375;1.988525390625;1.986083984375;1.98974609375;1.99462890625;1.998291015625;1.995849609375;1.99951171875;2.000732421875;1.99462890625;1.98974609375;1.993408203125;1.9970703125;1.9970703125;1.993408203125;1.99462890625;1.998291015625;1.995849609375;1.993408203125;1.990966796875;1.9921875;1.9921875;1.98974609375;1.990966796875;1.9921875;1.993408203125;1.98974609375;1.988525390625;1.9873046875;1.9873046875;1.986083984375
2024-08-29 15:31:18.134821;1.986083984375;1.9921875;1.9921875;1.99462890625;1.99951171875;1.99951171875;1.995849609375;1.990966796875;1.990966796875;1.98974609375;1.98974609375;1.98974609375;1.9873046875;1.988525390625;1.988525390625;1.99462890625;1.99462890625;1.990966796875;1.995849609375;1.990966796875;1.9921875;1.99462890625;1.9921875;1.9921875;1.990966796875;1.98974609375;1.995849609375;1.995849609375;1.995849609375;1.9970703125;2.001953125;1.99951171875;1.9970703125;1.98974609375;1.98974609375;1.993408203125;1.993408203125;1.9921875;1.993408203125;1.993408203125;1.9873046875;1.98974609375;1.99462890625;1.99462890625;1.995849609375;1.998291015625;1.99462890625;1.995849609375;1.99462890625;1.9921875;1.98974609375;1.988525390625;1.9873046875;1.993408203125;1.995849609375;1.99462890625;1.98974609375;1.993408203125;1.99462890625;1.9921875;1.99462890625;1.995849609375;1.993408203125;1.98974609375;1.993408203125;1.99462890625;1.993408203125;1.9921875;1.993408203125;1.9970703125;1.99951171875;1.99951171875;1.990966796875;1.986083984375;1.988525390625;1.99462890625;1.99951171875;1.9970703125;1.9921875;1.9921875;1.99462890625;1.9970703125;1.995849609375;1.995849609375;1.995849609375;1.990966796875;1.99951171875;1.998291015625;1.998291015625;1.998291015625;2.001953125;2.00439453125;1.995849609375;1.9921875;1.993408203125;1.99462890625;1.99462890625;1.990966796875;1.995849609375;2.000732421875
2024-08-29 15:31:18.162955;1.99951171875;2.000732421875;2.003173828125;2.003173828125;2.003173828125;2.00439453125;2.0068359375;2.005615234375;2.0068359375;2.000732421875;1.998291015625;1.99951171875;1.99951171875;1.993408203125;1.98974609375;1.9921875;1.9921875;1.9921875;1.98974609375;1.9921875;1.990966796875;1.990966796875;1.993408203125;1.993408203125;1.990966796875;1.98974609375;1.990966796875;1.988525390625;1.988525390625;1.986083984375;1.990966796875;1.993408203125;1.993408203125;1.993408203125;1.993408203125;1.993408203125;1.995849609375;1.993408203125;1.9921875;1.99951171875;1.998291015625;2.000732421875;1.99951171875;1.99951171875;1.99951171875;1.998291015625;1.9970703125;1.9921875;1.9873046875;1.981201171875;1.976318359375;1.978759765625;1.98486328125;1.983642578125;1.978759765625;1.982421875;1.983642578125;1.98486328125;1.9873046875;1.9921875;1.9970703125;1.993408203125;1.9921875;1.995849609375;1.99462890625;1.993408203125;1.99462890625;1.99462890625;1.995849609375;1.99462890625;1.9921875;1.9873046875;1.9873046875;1.988525390625;1.9921875;1.9873046875;1.986083984375;1.983642578125;1.986083984375;1.9873046875;1.9873046875;1.988525390625;1.986083984375;1.990966796875;1.99951171875;1.995849609375;1.98974609375;1.983642578125;1.981201171875;1.973876953125;1.971435546875;1.97998046875;1.9873046875;1.990966796875;1.988525390625;1.986083984375;1.993408203125;1.993408203125;1.988525390625;1.98974609375
2024-08-29 15:31:18.188123;1.9921875;1.986083984375;1.98486328125;1.9873046875;1.990966796875;1.9873046875;1.986083984375;1.988525390625;1.983642578125;1.986083984375;1.986083984375;1.9921875;1.995849609375;1.998291015625;2.001953125;2.003173828125;2.003173828125;1.9970703125;1.99462890625;1.995849609375;1.9970703125;1.99951171875;1.995849609375;1.993408203125;1.993408203125;1.993408203125;1.9921875;1.9921875;1.990966796875;1.9970703125;1.998291015625;1.99951171875;1.99951171875;1.9970703125;1.995849609375;1.9970703125;2.000732421875;1.993408203125;1.988525390625;1.981201171875;1.97998046875;1.978759765625;1.983642578125;1.982421875;1.986083984375;1.98974609375;1.98974609375;1.9921875;1.9873046875;1.983642578125;1.988525390625;1.9921875;1.990966796875;1.990966796875;1.990966796875;1.98974609375;1.98974609375;1.990966796875;1.993408203125;1.990966796875;1.9873046875;1.983642578125;1.978759765625;1.983642578125;1.988525390625;1.993408203125;1.99462890625;1.98974609375;1.98486328125;1.982421875;1.986083984375;1.988525390625;1.9970703125;2.001953125;1.998291015625;1.9970703125;1.995849609375;1.995849609375;1.99462890625;1.9921875;1.98486328125;1.986083984375;1.9873046875;1.993408203125;1.998291015625;2.001953125;1.995849609375;1.9921875;1.988525390625;1.9873046875;1.9873046875;1.98974609375;1.988525390625;1.986083984375;1.9921875;1.99462890625;1.9970703125;1.998291015625;1.9873046875;1.988525390625
2024-08-29 15:31:18.216792;1.993408203125;1.993408203125;1.98974609375;1.98974609375;1.9873046875;1.988525390625;1.9873046875;1.988525390625;1.986083984375;1.9970703125;1.9970703125;1.9921875;1.990966796875;1.990966796875;1.99462890625;1.998291015625;1.998291015625;1.98974609375;1.98974609375;1.99462890625;1.9921875;1.988525390625;1.98486328125;1.993408203125;1.995849609375;1.99462890625;1.9921875;1.9873046875;1.988525390625;1.990966796875;1.995849609375;1.998291015625;1.99951171875;1.998291015625;1.99462890625;1.995849609375;1.99462890625;1.995849609375;1.99951171875;1.99462890625;1.988525390625;1.990966796875;1.990966796875;1.99462890625;1.995849609375;1.9921875;1.988525390625;1.988525390625;1.9873046875;1.9970703125;2.000732421875;1.99951171875;1.99951171875;2.001953125;1.998291015625;1.993408203125;1.9921875;1.993408203125;1.990966796875;1.988525390625;1.988525390625;1.982421875;1.982421875;1.9873046875;1.993408203125;1.990966796875;1.9921875;1.9970703125;1.9970703125;1.998291015625;1.9970703125;1.9970703125;1.99951171875;2.000732421875;1.995849609375;1.998291015625;1.99951171875;1.993408203125;1.988525390625;1.98974609375;1.988525390625;1.988525390625;1.988525390625;1.988525390625;1.982421875;1.98486328125;1.988525390625;1.990966796875;1.9921875;1.995849609375;2.000732421875;2.000732421875;1.99951171875;1.995849609375;1.995849609375;1.99462890625;1.995849609375;1.99951171875;1.993408203125;1.995849609375
2024-08-29 15:31:18.245209;1.995849609375;1.993408203125;1.99462890625;1.9921875;1.9873046875;1.990966796875;1.990966796875;1.98974609375;1.990966796875;1.98974609375;1.9921875;1.9970703125;1.998291015625;1.99462890625;1.993408203125;1.986083984375;1.988525390625;1.990966796875;1.990966796875;1.993408203125;1.99462890625;1.993408203125;1.9921875;1.990966796875;1.990966796875;1.990966796875;1.9970703125;1.993408203125;1.990966796875;1.98974609375;1.98974609375;1.988525390625;1.98974609375;1.9873046875;1.982421875;1.988525390625;1.993408203125;1.9970703125;1.993408203125;1.99462890625;1.9970703125;1.995849609375;1.9970703125;1.9970703125;2.000732421875;2.000732421875;1.995849609375;1.990966796875;1.990966796875;1.9921875;1.99462890625;1.995849609375;1.990966796875;1.98974609375;1.9921875;1.98974609375;1.98974609375;1.990966796875;1.990966796875;1.9873046875;1.9873046875;1.990966796875;1.9921875;1.9921875;1.988525390625;1.98486328125;1.988525390625;1.9921875;1.990966796875;1.988525390625;1.993408203125;1.98974609375;1.990966796875;1.990966796875;1.995849609375;1.993408203125;1.995849609375;1.99462890625;1.993408203125;1.9921875;1.995849609375;1.99462890625;1.99462890625;1.9970703125;2.000732421875;1.995849609375;1.99462890625;1.99951171875;1.998291015625;1.99462890625;1.995849609375;1.995849609375;1.98974609375;1.9873046875;1.990966796875;1.990966796875;1.988525390625;1.990966796875;1.9873046875;1.9970703125
2024-08-29 15:31:18.274010;1.995849609375;1.998291015625;1.9970703125;2.00439453125;2.001953125;1.9921875;1.9873046875;1.98486328125;1.982421875;1.983642578125;1.98974609375;1.993408203125;1.995849609375;1.998291015625;1.9970703125;1.99462890625;1.995849609375;2.000732421875;2.000732421875;1.99951171875;1.99462890625;1.9921875;1.990966796875;1.9921875;1.99462890625;1.99462890625;1.98974609375;1.988525390625;1.988525390625;1.990966796875;1.988525390625;1.986083984375;1.986083984375;1.986083984375;1.986083984375;1.988525390625;1.99462890625;1.993408203125;1.995849609375;1.993408203125;1.99462890625;1.99462890625;1.99462890625;2.000732421875;1.99951171875;1.998291015625;1.990966796875;1.9921875;1.9921875;1.9921875;1.98974609375;1.990966796875;1.9873046875;1.986083984375;1.988525390625;1.98974609375;1.9873046875;1.9873046875;1.990966796875;1.9921875;1.9873046875;1.98974609375;1.993408203125;1.9970703125;1.99951171875;2.001953125;2.003173828125;2.001953125;1.99951171875;1.99951171875;1.998291015625;1.99462890625;1.986083984375;1.986083984375;1.990966796875;1.988525390625;1.988525390625;1.990966796875;1.99462890625;1.99462890625;1.995849609375;1.993408203125;1.995849609375;1.995849609375;1.99951171875;1.998291015625;1.9921875;1.986083984375;1.9873046875;1.98974609375;1.993408203125;1.99462890625;1.995849609375;1.9921875;1.990966796875;1.98974609375;1.990966796875;1.9873046875;1.99951171875;1.998291015625
2024-08-29 15:31:18.298340;1.9970703125;1.99462890625;1.993408203125;1.993408203125;1.9921875;1.98974609375;1.990966796875;1.990966796875;1.990966796875;1.99462890625;1.995849609375;1.99462890625;1.995849609375;1.99462890625;1.998291015625;1.99951171875;1.995849609375;1.993408203125;1.993408203125;1.98974609375;1.9921875;1.98974609375;1.98974609375;1.993408203125;1.993408203125;1.9970703125;2.001953125;2.005615234375;2.0068359375;2.008056640625;2.00439453125;2.003173828125;2.00439453125;1.998291015625;1.99462890625;1.993408203125;1.9921875;1.9921875;1.98974609375;1.993408203125;1.9970703125;1.995849609375;1.98486328125;1.9775390625;1.982421875;1.98486328125;1.990966796875;1.9921875;1.990966796875;1.988525390625;1.988525390625;1.98486328125;1.986083984375;1.982421875;1.9873046875;1.990966796875;1.986083984375;1.9873046875;1.988525390625;1.98974609375;1.990966796875;1.986083984375;1.983642578125;1.988525390625;1.986083984375;1.9873046875;1.9873046875;1.98974609375;1.98974609375;1.988525390625;1.990966796875;1.986083984375;1.98974609375;1.988525390625;1.98486328125;1.988525390625;1.98974609375;1.986083984375;1.988525390625;1.98974609375;1.9921875;1.9921875;1.99462890625;1.998291015625;2.000732421875;1.99951171875;1.9970703125;1.9921875;1.98974609375;1.9921875;1.9921875;1.995849609375;1.993408203125;1.9921875;1.99462890625;1.99462890625;1.99462890625;1.993408203125;1.98974609375;1.990966796875
2024-08-29 15:31:18.327310;1.988525390625;1.98974609375;1.98486328125;1.983642578125;1.988525390625;1.9873046875;1.98974609375;1.9921875;1.99462890625;2.003173828125;2.0068359375;2.00439453125;2.00439453125;1.995849609375;1.9873046875;1.988525390625;1.990966796875;1.993408203125;1.9921875;1.9970703125;1.998291015625;1.9921875;1.98974609375;1.9873046875;1.988525390625;1.990966796875;1.990966796875;1.9970703125;1.99462890625;1.98974609375;1.9921875;1.9970703125;1.995849609375;1.9873046875;1.9873046875;1.9921875;1.990966796875;1.9921875;1.995849609375;1.9970703125;1.998291015625;1.993408203125;1.9921875;1.990966796875;1.988525390625;1.9921875;1.995849609375;1.990966796875;1.990966796875;1.99951171875;1.995849609375;1.99462890625;1.995849609375;1.995849609375;1.9921875;1.990966796875;1.9921875;1.9873046875;1.98974609375;1.993408203125;1.988525390625;1.986083984375;1.988525390625;1.990966796875;1.9921875;1.9921875;1.990966796875;1.98974609375;1.988525390625;1.98974609375;1.986083984375;1.988525390625;1.988525390625;1.988525390625;1.990966796875;1.990966796875;1.9921875;1.988525390625;1.986083984375;1.988525390625;1.990966796875;1.988525390625;1.988525390625;1.993408203125;1.993408203125;1.98974609375;1.9873046875;1.9873046875;1.993408203125;1.995849609375;1.9921875;1.990966796875;1.99462890625;1.998291015625;1.9970703125;1.99462890625;1.995849609375;1.99462890625;1.98974609375;1.990966796875
2024-08-29 15:31:18.355369;1.9921875;1.99462890625;1.993408203125;1.995849609375;1.99462890625;1.9921875;1.98974609375;1.98974609375;1.9921875;1.995849609375;1.993408203125;1.99462890625;1.990966796875;1.9921875;2.000732421875;1.99951171875;1.995849609375;1.993408203125;1.993408203125;1.993408203125;1.993408203125;1.99462890625;1.993408203125;1.9921875;1.993408203125;1.99462890625;1.9970703125;1.9970703125;1.998291015625;1.9970703125;1.9970703125;1.995849609375;1.9970703125;1.99462890625;1.9970703125;1.995849609375;1.99462890625;1.993408203125;1.99462890625;1.998291015625;1.99462890625;1.99462890625;1.993408203125;1.99462890625;1.998291015625;1.99951171875;1.99951171875;2.000732421875;2.000732421875;1.998291015625;1.998291015625;1.993408203125;1.995849609375;1.995849609375;1.993408203125;1.993408203125;1.98974609375;1.988525390625;1.988525390625;1.9873046875;1.988525390625;1.9873046875;1.98974609375;1.988525390625;1.9873046875;1.98974609375;1.98974609375;1.9921875;1.993408203125;1.98974609375;1.990966796875;1.990966796875;1.990966796875;1.995849609375;1.99462890625;1.988525390625;1.99462890625;1.993408203125;1.990966796875;1.98974609375;1.98974609375;1.990966796875;1.9921875;1.99462890625;1.995849609375;1.9921875;1.988525390625;1.98974609375;1.99462890625;1.993408203125;1.98486328125;1.98486328125;1.986083984375;1.98486328125;1.98486328125;1.9921875;1.993408203125;1.998291015625;1.9873046875;1.98974609375
2024-08-29 15:31:18.379887;1.995849609375;1.990966796875;1.990966796875;1.99462890625;2.001953125;1.9970703125;1.99462890625;1.99462890625;1.9921875;1.98974609375;1.9921875;1.995849609375;1.99951171875;1.995849609375;1.993408203125;1.993408203125;1.99462890625;1.99951171875;2.000732421875;1.995849609375;1.993408203125;1.990966796875;1.98974609375;1.9921875;1.995849609375;1.988525390625;1.993408203125;1.99462890625;1.990966796875;1.98974609375;1.981201171875;1.98486328125;1.9921875;1.993408203125;1.99462890625;1.9921875;1.993408203125;1.99462890625;1.99462890625;1.9970703125;1.9970703125;1.998291015625;1.998291015625;1.99951171875;1.998291015625;1.995849609375;1.9921875;1.9921875;1.98974609375;1.988525390625;1.9873046875;1.98486328125;1.983642578125;1.986083984375;1.98486328125;1.98486328125;1.98486328125;1.981201171875;1.983642578125;1.988525390625;1.990966796875;1.995849609375;1.998291015625;2.000732421875;2.001953125;1.99951171875;1.9970703125;1.993408203125;1.993408203125;1.9921875;1.9921875;1.993408203125;1.98974609375;1.986083984375;1.988525390625;1.988525390625;1.98974609375;1.990966796875;1.986083984375;1.98486328125;1.988525390625;1.990966796875;1.99462890625;1.995849609375;1.993408203125;1.99462890625;1.995849609375;1.988525390625;1.986083984375;1.9921875;1.993408203125;1.995849609375;1.9921875;1.98974609375;1.986083984375;1.98486328125;1.982421875;1.983642578125;1.995849609375;1.995849609375
2024-08-29 15:31:18.408987;1.99462890625;1.993408203125;1.998291015625;1.993408203125;1.983642578125;1.983642578125;1.9873046875;1.988525390625;1.988525390625;1.990966796875;1.998291015625;1.99951171875;1.998291015625;1.990966796875;1.993408203125;1.9921875;1.988525390625;1.990966796875;1.993408203125;1.995849609375;1.995849609375;1.998291015625;1.995849609375;1.995849609375;1.99462890625;1.9921875;1.990966796875;1.995849609375;1.995849609375;1.998291015625;1.9970703125;2.001953125;2.000732421875;1.998291015625;1.9970703125;1.99951171875;2.000732421875;1.99951171875;1.9970703125;1.9921875;1.988525390625;1.990966796875;1.99462890625;1.99462890625;1.990966796875;1.990966796875;1.9921875;1.98974609375;1.9921875;1.9921875;1.988525390625;1.988525390625;1.9921875;1.9921875;1.993408203125;1.99462890625;1.9970703125;1.993408203125;1.98974609375;1.988525390625;1.990966796875;1.988525390625;1.986083984375;1.983642578125;1.981201171875;1.97998046875;1.983642578125;1.98486328125;1.986083984375;1.990966796875;1.99462890625;1.995849609375;1.9970703125;1.993408203125;1.988525390625;1.98486328125;1.986083984375;1.986083984375;1.988525390625;1.98974609375;1.9921875;1.99462890625;1.993408203125;1.988525390625;1.988525390625;1.9921875;1.995849609375;1.9970703125;2.000732421875;1.99951171875;1.99462890625;1.990966796875;1.99462890625;1.990966796875;1.988525390625;1.98974609375;1.990966796875;1.9921875;2.001953125;2.001953125
2024-08-29 15:31:18.437211;1.99951171875;1.9970703125;1.99951171875;1.9970703125;2.001953125;1.99462890625;1.98974609375;1.98974609375;1.990966796875;1.9921875;1.9921875;1.9921875;1.993408203125;1.990966796875;1.988525390625;1.990966796875;1.998291015625;1.995849609375;1.99462890625;1.990966796875;1.98974609375;1.9921875;1.99462890625;1.99462890625;1.9921875;1.99462890625;1.993408203125;1.9921875;1.990966796875;1.988525390625;1.98974609375;1.9921875;1.9921875;1.98974609375;1.990966796875;1.993408203125;1.988525390625;1.990966796875;1.9873046875;1.9873046875;1.986083984375;1.9873046875;1.99462890625;1.9970703125;1.9970703125;1.9970703125;1.998291015625;1.995849609375;1.995849609375;1.993408203125;1.9921875;1.995849609375;1.993408203125;1.995849609375;1.9970703125;1.993408203125;1.993408203125;1.993408203125;1.98974609375;1.983642578125;1.982421875;1.986083984375;1.98486328125;1.98486328125;1.988525390625;1.990966796875;1.9873046875;1.988525390625;1.995849609375;1.99462890625;1.993408203125;1.98974609375;1.98974609375;1.99462890625;1.9970703125;1.9970703125;1.9921875;1.988525390625;1.988525390625;1.990966796875;1.9921875;1.988525390625;1.9873046875;1.98974609375;1.988525390625;1.993408203125;1.993408203125;1.9921875;1.99462890625;1.993408203125;1.9921875;1.9921875;1.993408203125;1.98974609375;1.98974609375;1.98974609375;1.9921875;1.9921875;1.9921875;1.995849609375
2024-08-29 15:31:18.466264;1.9921875;1.993408203125;1.998291015625;1.9970703125;1.993408203125;1.990966796875;1.98974609375;1.988525390625;1.995849609375;1.99951171875;1.9921875;1.986083984375;1.9873046875;1.9873046875;1.9873046875;1.982421875;1.982421875;1.983642578125;1.9873046875;1.990966796875;1.99462890625;1.993408203125;1.9921875;1.990966796875;1.98974609375;1.988525390625;1.9873046875;1.9921875;1.9921875;1.9970703125;1.995849609375;1.9921875;1.993408203125;1.995849609375;1.995849609375;1.9970703125;1.995849609375;1.99951171875;1.99951171875;1.9970703125;1.993408203125;1.993408203125;1.995849609375;1.998291015625;1.9970703125;1.995849609375;1.998291015625;1.99951171875;1.998291015625;1.9970703125;1.993408203125;1.9921875;1.99462890625;1.99462890625;1.995849609375;1.9970703125;1.9970703125;1.995849609375;1.995849609375;1.990966796875;1.990966796875;1.98974609375;1.98974609375;1.988525390625;1.98974609375;1.988525390625;1.9921875;1.995849609375;1.995849609375;1.99462890625;1.99951171875;1.998291015625;2.003173828125;2.003173828125;1.998291015625;1.9921875;1.99462890625;1.993408203125;1.990966796875;1.993408203125;1.99462890625;1.988525390625;1.986083984375;1.98486328125;1.983642578125;1.98486328125;1.988525390625;1.993408203125;1.9921875;1.988525390625;1.988525390625;1.9921875;1.995849609375;1.998291015625;1.99951171875;2.001953125;2.000732421875;1.9970703125;1.998291015625;1.998291015625
2024-08-29 15:31:18.490926;1.998291015625;1.998291015625;1.9970703125;1.9970703125;1.9970703125;1.993408203125;1.9921875;1.99462890625;1.995849609375;1.995849609375;1.99462890625;1.9921875;1.9921875;1.9921875;1.990966796875;1.990966796875;1.98974609375;1.990966796875;1.990966796875;1.9873046875;1.990966796875;1.990966796875;1.9921875;1.990966796875;1.99462890625;1.99462890625;1.99951171875;2.000732421875;1.9970703125;1.993408203125;1.988525390625;1.988525390625;1.988525390625;1.98974609375;1.988525390625;1.990966796875;1.993408203125;1.9921875;1.9921875;1.99462890625;1.9921875;1.9921875;1.9921875;1.990966796875;1.98974609375;1.98974609375;1.9921875;1.9873046875;1.98486328125;1.982421875;1.97998046875;1.983642578125;1.986083984375;1.9873046875;1.990966796875;1.9873046875;1.983642578125;1.982421875;1.98974609375;1.990966796875;1.9921875;1.9921875;1.98974609375;1.98974609375;1.990966796875;1.993408203125;1.99462890625;1.995849609375;1.990966796875;1.9873046875;1.98974609375;1.9921875;1.9873046875;1.99462890625;1.9921875;1.9873046875;1.9921875;1.995849609375;1.993408203125;1.9970703125;1.99951171875;2.001953125;2.001953125;1.9970703125;1.995849609375;1.995849609375;1.99462890625;1.993408203125;1.99462890625;1.990966796875;1.98486328125;1.9873046875;1.983642578125;1.983642578125;1.988525390625;1.983642578125;1.982421875;1.98486328125;1.98974609375;1.988525390625
2024-08-29 15:31:18.544806;1.98974609375;1.986083984375;1.9873046875;1.983642578125;1.981201171875;1.983642578125;1.988525390625;1.988525390625;1.9873046875;1.988525390625;1.988525390625;1.993408203125;1.9921875;1.98974609375;1.988525390625;1.990966796875;1.99462890625;1.995849609375;1.993408203125;1.993408203125;1.990966796875;1.9921875;1.98974609375;1.990966796875;1.98974609375;1.990966796875;1.990966796875;1.990966796875;1.993408203125;1.99462890625;1.993408203125;1.99462890625;1.9970703125;1.9921875;1.993408203125;1.995849609375;1.995849609375;1.9921875;1.993408203125;1.988525390625;1.988525390625;1.9873046875;1.9873046875;1.9873046875;1.9873046875;1.9873046875;1.9873046875;1.98974609375;1.98974609375;1.990966796875;1.990966796875;1.988525390625;1.9873046875;1.988525390625;1.988525390625;1.98974609375;1.98974609375;1.990966796875;1.9921875;1.98974609375;1.9921875;1.990966796875;1.9873046875;1.986083984375;1.98974609375;1.9921875;1.998291015625;2.000732421875;1.998291015625;1.993408203125;1.990966796875;1.993408203125;1.9921875;1.9921875;1.99951171875;1.99951171875;1.995849609375;1.9970703125;1.99951171875;1.995849609375;1.998291015625;1.9970703125;1.99462890625;1.995849609375;1.993408203125;1.988525390625;1.988525390625;1.990966796875;1.986083984375;1.98974609375;1.988525390625;1.99462890625;1.993408203125;1.990966796875;1.9873046875;1.990966796875;1.99462890625;2.001953125;1.990966796875;1.993408203125
2024-08-29 15:31:18.607784;1.99462890625;1.9970703125;2.000732421875;1.998291015625;1.995849609375;1.9970703125;1.998291015625;1.99951171875;1.998291015625;1.993408203125;1.9921875;1.993408203125;1.998291015625;1.998291015625;1.995849609375;1.9921875;1.9921875;1.993408203125;1.990966796875;1.9970703125;1.9970703125;1.9921875;1.990966796875;1.9921875;1.99462890625;1.99951171875;1.993408203125;1.9921875;1.995849609375;1.998291015625;1.99951171875;1.99951171875;1.995849609375;1.995849609375;1.995849609375;1.990966796875;1.98486328125;1.9873046875;1.988525390625;1.98974609375;1.990966796875;1.990966796875;1.98486328125;1.98486328125;1.988525390625;1.98486328125;1.988525390625;1.988525390625;1.993408203125;1.99462890625;1.9921875;1.9921875;1.99462890625;1.993408203125;1.9921875;1.99462890625;1.98974609375;1.986083984375;1.988525390625;1.988525390625;1.98974609375;1.98974609375;1.990966796875;1.988525390625;1.988525390625;1.98974609375;1.988525390625;1.98974609375;1.98974609375;1.98974609375;1.990966796875;1.990966796875;1.99462890625;1.995849609375;1.9970703125;1.9970703125;1.998291015625;1.99951171875;1.99951171875;1.99951171875;2.000732421875;2.000732421875;2.001953125;1.99951171875;1.998291015625;1.995849609375;1.99951171875;1.998291015625;1.99951171875;2.003173828125;2.00439453125;2.001953125;2.000732421875;1.998291015625;1.9970703125;1.990966796875;1.9921875;1.9970703125;1.99951171875;1.998291015625
2024-08-29 15:31:18.623615;1.993408203125;1.9921875;1.9921875;1.995849609375;1.99951171875;1.995849609375;1.99462890625;1.9921875;1.993408203125;1.990966796875;1.993408203125;1.9921875;1.98974609375;1.988525390625;1.98974609375;1.988525390625;1.993408203125;1.9970703125;1.9970703125;1.99462890625;1.9921875;1.986083984375;1.988525390625;1.990966796875;1.9921875;1.9921875;1.9921875;1.99462890625;1.995849609375;1.995849609375;2.000732421875;1.99951171875;1.993408203125;1.995849609375;1.995849609375;1.99462890625;1.990966796875;1.988525390625;1.993408203125;1.99462890625;1.99951171875;1.99951171875;1.99951171875;1.99462890625;1.98974609375;1.988525390625;1.98974609375;1.9873046875;1.98974609375;1.990966796875;1.988525390625;1.986083984375;1.988525390625;1.990966796875;1.98974609375;1.98974609375;1.993408203125;1.9921875;1.988525390625;1.9873046875;1.98486328125;1.990966796875;1.993408203125;1.993408203125;1.98974609375;1.9873046875;1.988525390625;1.990966796875;1.990966796875;1.995849609375;1.99951171875;1.998291015625;1.995849609375;1.995849609375;1.9921875;1.993408203125;1.988525390625;1.983642578125;1.9873046875;1.988525390625;1.9921875;1.9970703125;2.000732421875;2.000732421875;1.993408203125;1.990966796875;1.99462890625;1.9970703125;1.995849609375;1.9921875;1.9970703125;1.99462890625;1.99462890625;1.990966796875;1.988525390625;1.982421875;1.982421875;1.981201171875;1.998291015625;1.995849609375
2024-08-29 15:31:18.654886;1.993408203125;1.990966796875;1.988525390625;1.98486328125;1.986083984375;1.9921875;1.9921875;1.990966796875;1.988525390625;1.988525390625;1.98974609375;1.98974609375;1.993408203125;1.993408203125;1.9921875;1.990966796875;1.990966796875;1.9873046875;1.983642578125;1.983642578125;1.986083984375;1.986083984375;1.993408203125;1.993408203125;1.99462890625;1.995849609375;1.986083984375;1.98974609375;1.988525390625;1.99462890625;1.993408203125;1.990966796875;1.9873046875;1.988525390625;1.988525390625;1.9873046875;1.988525390625;1.990966796875;1.993408203125;1.9921875;1.98974609375;1.98974609375;1.986083984375;1.9873046875;1.988525390625;1.9921875;1.993408203125;1.98974609375;1.990966796875;1.9970703125;1.995849609375;1.98974609375;1.9921875;1.988525390625;1.98974609375;1.99462890625;1.990966796875;1.98974609375;1.988525390625;1.990966796875;1.990966796875;1.988525390625;1.98486328125;1.988525390625;1.988525390625;1.990966796875;1.9921875;1.9921875;1.993408203125;1.98974609375;1.9873046875;1.986083984375;1.98974609375;1.988525390625;1.9873046875;1.99462890625;1.9970703125;1.99951171875;1.99951171875;1.995849609375;1.9873046875;1.986083984375;1.98974609375;1.98974609375;1.990966796875;1.990966796875;1.98974609375;1.9921875;1.990966796875;1.9873046875;1.983642578125;1.986083984375;1.990966796875;1.9921875;1.988525390625;1.9921875;1.993408203125;1.995849609375;1.98974609375;1.98974609375
2024-08-29 15:31:18.670605;1.993408203125;1.993408203125;1.9970703125;1.99462890625;1.9873046875;1.993408203125;1.99462890625;1.98974609375;1.98974609375;1.988525390625;1.9873046875;1.988525390625;1.988525390625;1.98974609375;1.9921875;1.9921875;1.990966796875;1.98974609375;1.9921875;1.993408203125;1.99462890625;1.995849609375;1.995849609375;1.998291015625;2.000732421875;1.9970703125;1.9921875;1.990966796875;1.990966796875;1.9921875;1.9873046875;1.990966796875;1.9921875;1.990966796875;1.993408203125;1.990966796875;1.993408203125;1.98974609375;1.990966796875;1.993408203125;1.99462890625;1.990966796875;1.99462890625;1.995849609375;1.9921875;1.993408203125;1.993408203125;1.993408203125;1.988525390625;1.98974609375;1.993408203125;1.993408203125;1.9921875;1.993408203125;1.9921875;1.9921875;1.98974609375;1.98974609375;1.9873046875;1.9873046875;1.988525390625;1.990966796875;1.99462890625;1.995849609375;1.993408203125;1.993408203125;1.995849609375;1.995849609375;1.9921875;1.988525390625;1.9873046875;1.988525390625;1.98486328125;1.982421875;1.9873046875;1.99462890625;1.998291015625;1.9970703125;1.990966796875;1.990966796875;1.98974609375;1.986083984375;1.983642578125;1.986083984375;1.986083984375;1.9873046875;1.98974609375;1.98974609375;1.98974609375;1.986083984375;1.993408203125;1.993408203125;1.993408203125;1.9921875;1.9873046875;1.986083984375;1.990966796875;1.993408203125;1.9921875;1.9921875
2024-08-29 15:31:18.701542;1.9970703125;1.9970703125;1.993408203125;1.9970703125;1.99462890625;1.99462890625;1.995849609375;1.99462890625;1.995849609375;1.998291015625;1.99951171875;1.998291015625;1.99462890625;1.990966796875;1.988525390625;1.986083984375;1.990966796875;1.99462890625;1.99462890625;1.998291015625;1.99951171875;1.99462890625;1.99462890625;1.995849609375;1.998291015625;1.998291015625;1.9970703125;1.9970703125;1.98974609375;1.986083984375;1.9873046875;1.9873046875;1.98974609375;1.9873046875;1.98486328125;1.98486328125;1.98974609375;1.990966796875;1.9921875;1.9970703125;1.995849609375;1.9970703125;1.9970703125;1.9970703125;1.9970703125;1.98974609375;1.9873046875;1.98974609375;1.990966796875;1.9921875;1.99462890625;1.9970703125;1.998291015625;1.99951171875;1.995849609375;1.990966796875;1.986083984375;1.988525390625;1.9970703125;1.99951171875;2.000732421875;2.005615234375;2.000732421875;1.99951171875;2.001953125;1.998291015625;1.99951171875;2.000732421875;1.998291015625;1.995849609375;1.99462890625;1.9921875;1.993408203125;1.993408203125;1.99462890625;1.9970703125;1.993408203125;1.98974609375;1.990966796875;1.98974609375;1.990966796875;1.98974609375;1.990966796875;1.9970703125;2.003173828125;2.00439453125;2.001953125;1.99951171875;1.998291015625;1.998291015625;1.9970703125;1.99951171875;2.003173828125;1.99951171875;1.99462890625;1.99462890625;1.990966796875;1.9873046875;1.9970703125;1.995849609375
2024-08-29 15:31:18.747517;1.98486328125;1.995849609375;1.99951171875;1.9970703125;1.998291015625;1.995849609375;1.993408203125;1.995849609375;2.000732421875;1.993408203125;1.995849609375;1.9970703125;1.995849609375;1.993408203125;1.99462890625;1.99462890625;1.993408203125;1.9873046875;1.983642578125;1.978759765625;1.986083984375;1.98974609375;1.995849609375;1.9970703125;1.99462890625;1.993408203125;1.98974609375;1.9921875;1.9921875;1.990966796875;1.99462890625;1.995849609375;1.995849609375;1.995849609375;1.9970703125;1.9921875;1.990966796875;1.9921875;1.990966796875;1.99462890625;1.99462890625;1.993408203125;1.990966796875;1.988525390625;1.98486328125;1.988525390625;1.993408203125;1.993408203125;1.990966796875;1.990966796875;1.995849609375;1.9970703125;1.995849609375;1.993408203125;1.993408203125;1.98974609375;1.9921875;1.98974609375;1.990966796875;1.993408203125;1.990966796875;1.990966796875;1.9921875;1.990966796875;1.98974609375;1.988525390625;1.986083984375;1.9873046875;1.988525390625;1.9873046875;1.988525390625;1.986083984375;1.98486328125;1.9873046875;1.9921875;1.99462890625;1.990966796875;1.990966796875;1.99462890625;1.993408203125;1.9970703125;1.998291015625;1.99951171875;1.99462890625;1.98974609375;1.990966796875;1.9921875;1.995849609375;1.995849609375;1.9921875;1.99462890625;1.990966796875;1.986083984375;1.988525390625;1.990966796875;1.993408203125;1.993408203125;1.9970703125;2.000732421875;1.9970703125
2024-08-29 15:31:18.794680;1.990966796875;1.9873046875;1.983642578125;1.988525390625;1.98486328125;1.978759765625;1.9775390625;1.982421875;1.986083984375;1.98486328125;1.981201171875;1.983642578125;1.986083984375;1.99462890625;1.9970703125;1.993408203125;1.9873046875;1.983642578125;1.988525390625;1.98974609375;1.9873046875;1.9873046875;1.98974609375;1.995849609375;1.995849609375;1.9873046875;1.98974609375;1.993408203125;1.98974609375;1.9873046875;1.990966796875;1.990966796875;1.98974609375;1.993408203125;1.99462890625;1.993408203125;1.98974609375;1.990966796875;1.993408203125;1.99462890625;1.9921875;1.98974609375;1.9921875;1.993408203125;1.993408203125;1.99462890625;1.993408203125;1.993408203125;1.99462890625;1.995849609375;1.99951171875;2.000732421875;2.000732421875;1.99951171875;1.998291015625;1.99462890625;1.99462890625;1.995849609375;1.993408203125;1.995849609375;1.9970703125;1.9970703125;1.998291015625;1.995849609375;1.99462890625;1.995849609375;1.9921875;1.993408203125;1.995849609375;1.99462890625;1.9921875;1.9921875;1.99462890625;1.9921875;1.9873046875;1.988525390625;1.990966796875;1.993408203125;1.990966796875;1.988525390625;1.988525390625;1.9873046875;1.98974609375;1.98974609375;1.9873046875;1.98974609375;1.9921875;1.9970703125;1.998291015625;1.9970703125;1.9970703125;1.9970703125;1.99951171875;1.9970703125;1.9970703125;2.000732421875;2.003173828125;1.99951171875;1.98486328125;1.983642578125
2024-08-29 15:31:18.840919;1.9970703125;1.9921875;1.988525390625;1.9873046875;1.98974609375;1.993408203125;1.995849609375;1.998291015625;1.99951171875;1.9970703125;1.995849609375;1.99951171875;1.998291015625;1.9970703125;1.995849609375;1.99462890625;1.98974609375;1.988525390625;1.9921875;1.990966796875;1.9921875;1.9873046875;1.982421875;1.988525390625;1.98974609375;1.99462890625;2.000732421875;1.998291015625;1.9970703125;1.993408203125;1.988525390625;1.98974609375;1.98974609375;1.988525390625;1.98974609375;1.98974609375;1.990966796875;1.99462890625;1.99462890625;1.9970703125;1.99462890625;1.98974609375;1.990966796875;1.9873046875;1.99462890625;2.001953125;2.003173828125;1.99951171875;2.003173828125;2.000732421875;1.99462890625;1.99462890625;1.99462890625;1.9921875;1.9970703125;1.99951171875;1.9970703125;1.99462890625;1.993408203125;1.990966796875;1.990966796875;1.988525390625;1.9873046875;1.988525390625;1.990966796875;1.9921875;1.99462890625;1.993408203125;1.9921875;1.993408203125;1.9921875;1.988525390625;1.9921875;1.990966796875;1.988525390625;1.993408203125;2.001953125;2.000732421875;1.99462890625;1.988525390625;1.986083984375;1.9873046875;1.988525390625;1.988525390625;1.990966796875;1.99462890625;1.99462890625;1.98974609375;1.988525390625;1.990966796875;1.99462890625;1.993408203125;1.990966796875;1.990966796875;1.993408203125;1.99462890625;1.9970703125;1.9970703125;1.9921875;1.990966796875
2024-08-29 15:31:18.887141;1.993408203125;1.990966796875;1.988525390625;1.993408203125;1.995849609375;1.990966796875;1.993408203125;1.9921875;1.98974609375;1.988525390625;1.98974609375;1.990966796875;1.98486328125;1.97998046875;1.982421875;1.981201171875;1.97998046875;1.986083984375;1.9873046875;1.988525390625;1.9921875;1.988525390625;1.98974609375;1.9921875;1.993408203125;1.993408203125;1.995849609375;1.99462890625;1.9921875;1.99951171875;2.005615234375;1.993408203125;1.990966796875;1.993408203125;1.995849609375;1.993408203125;1.9921875;1.9921875;1.9970703125;1.993408203125;1.993408203125;1.9921875;1.9921875;1.98974609375;1.98974609375;1.990966796875;1.995849609375;1.995849609375;1.9970703125;1.998291015625;1.99951171875;2.000732421875;2.000732421875;1.998291015625;1.995849609375;1.99462890625;1.998291015625;1.998291015625;1.9970703125;1.9921875;1.995849609375;1.99951171875;1.998291015625;1.998291015625;1.9970703125;1.99462890625;1.995849609375;1.993408203125;1.9970703125;2.000732421875;2.000732421875;2.000732421875;1.998291015625;1.9970703125;1.9970703125;1.993408203125;1.988525390625;1.9873046875;1.9873046875;1.988525390625;1.9921875;1.993408203125;1.9921875;1.990966796875;1.988525390625;1.9873046875;1.990966796875;1.995849609375;1.995849609375;1.99462890625;1.993408203125;1.993408203125;1.98974609375;1.9873046875;1.986083984375;1.986083984375;1.988525390625;1.986083984375;1.993408203125;1.998291015625
2024-08-29 15:31:18.918349;1.9970703125;1.99951171875;1.9970703125;1.993408203125;1.9873046875;1.988525390625;1.990966796875;1.986083984375;1.9873046875;1.9873046875;1.983642578125;1.986083984375;1.988525390625;1.983642578125;1.9873046875;1.99462890625;1.9970703125;1.99462890625;1.995849609375;1.995849609375;1.9921875;1.98974609375;1.99462890625;1.995849609375;1.995849609375;1.998291015625;2.001953125;1.9970703125;1.990966796875;1.993408203125;1.990966796875;1.98974609375;1.98974609375;1.986083984375;1.98486328125;1.9921875;1.99462890625;1.995849609375;1.990966796875;1.9873046875;1.98974609375;1.990966796875;1.995849609375;1.995849609375;1.99951171875;1.99462890625;1.993408203125;1.995849609375;1.990966796875;1.98974609375;1.9921875;1.99462890625;1.993408203125;1.98974609375;1.988525390625;1.983642578125;1.982421875;1.983642578125;1.988525390625;1.988525390625;1.986083984375;1.98486328125;1.988525390625;1.98974609375;1.98974609375;1.986083984375;1.986083984375;1.9873046875;1.988525390625;1.9873046875;1.986083984375;1.983642578125;1.98486328125;1.990966796875;1.9921875;1.990966796875;1.995849609375;2.000732421875;2.000732421875;2.00439453125;1.995849609375;1.993408203125;1.995849609375;1.995849609375;1.998291015625;1.9970703125;2.001953125;2.003173828125;1.9970703125;1.995849609375;1.995849609375;1.995849609375;1.995849609375;1.99462890625;1.990966796875;1.990966796875;1.99462890625;1.99951171875;1.990966796875;1.9921875
2024-08-29 15:31:18.933060;1.9921875;1.990966796875;1.9921875;1.995849609375;1.993408203125;1.9921875;1.993408203125;1.990966796875;1.993408203125;1.9970703125;1.993408203125;1.988525390625;1.993408203125;1.995849609375;1.99462890625;1.9921875;1.993408203125;1.986083984375;1.98974609375;1.9873046875;1.988525390625;1.988525390625;1.9873046875;1.988525390625;1.990966796875;1.98974609375;1.990966796875;1.98974609375;1.990966796875;1.98974609375;1.9921875;1.99462890625;1.9970703125;1.995849609375;1.9921875;1.988525390625;1.983642578125;1.98974609375;1.995849609375;1.998291015625;1.99462890625;1.99462890625;1.990966796875;1.993408203125;1.9921875;1.990966796875;1.990966796875;1.9970703125;1.998291015625;1.99951171875;1.9970703125;1.998291015625;1.99951171875;1.99951171875;1.993408203125;1.9921875;1.990966796875;1.990966796875;1.990966796875;1.990966796875;1.995849609375;1.995849609375;1.99462890625;1.993408203125;1.9873046875;1.9873046875;1.988525390625;1.986083984375;1.983642578125;1.9873046875;1.99462890625;1.99951171875;1.9970703125;1.998291015625;1.998291015625;2.003173828125;2.003173828125;2.000732421875;2.000732421875;2.003173828125;2.000732421875;2.001953125;2.00439453125;2.000732421875;1.9970703125;1.995849609375;1.99462890625;1.995849609375;1.9921875;1.990966796875;1.990966796875;1.9921875;1.990966796875;1.98974609375;1.9921875;1.993408203125;1.990966796875;1.98974609375;1.988525390625;1.98974609375
2024-08-29 15:31:18.980852;1.9921875;1.98974609375;1.990966796875;1.98974609375;1.981201171875;1.988525390625;1.993408203125;1.99462890625;1.990966796875;1.99462890625;1.993408203125;1.995849609375;1.99462890625;1.988525390625;1.988525390625;1.98974609375;1.990966796875;1.990966796875;1.988525390625;1.9921875;1.990966796875;1.990966796875;1.99462890625;1.995849609375;1.9970703125;2.001953125;1.998291015625;1.9970703125;1.99462890625;1.993408203125;1.995849609375;1.9970703125;1.9921875;1.993408203125;1.99462890625;1.993408203125;1.993408203125;1.998291015625;1.99951171875;1.99951171875;1.998291015625;1.99462890625;1.9873046875;1.982421875;1.9873046875;1.9873046875;1.988525390625;1.983642578125;1.990966796875;1.995849609375;2.000732421875;1.99951171875;1.9970703125;1.993408203125;1.988525390625;1.982421875;1.9873046875;1.993408203125;1.9921875;1.988525390625;1.9921875;1.993408203125;1.9921875;1.9921875;1.993408203125;1.995849609375;1.9921875;1.98974609375;1.988525390625;1.993408203125;1.9921875;1.990966796875;1.995849609375;1.998291015625;1.98974609375;1.988525390625;1.990966796875;1.990966796875;1.9921875;1.9921875;1.990966796875;1.9921875;1.990966796875;1.99462890625;1.993408203125;1.9921875;1.990966796875;1.9873046875;1.9921875;1.998291015625;1.99951171875;1.998291015625;1.99462890625;1.995849609375;1.990966796875;1.9873046875;1.9921875;1.988525390625;1.995849609375;1.99462890625
2024-08-29 15:31:19.012045;1.993408203125;1.993408203125;1.993408203125;1.993408203125;1.993408203125;1.9921875;1.990966796875;1.990966796875;1.988525390625;1.988525390625;1.9921875;1.9873046875;1.986083984375;1.988525390625;1.98486328125;1.988525390625;1.98974609375;1.9921875;1.993408203125;1.9873046875;1.97998046875;1.986083984375;1.98974609375;1.993408203125;1.990966796875;1.993408203125;1.995849609375;1.99462890625;1.988525390625;1.98974609375;1.9921875;1.993408203125;1.9921875;1.990966796875;1.9921875;1.9921875;1.990966796875;1.993408203125;1.988525390625;1.986083984375;1.990966796875;1.988525390625;1.990966796875;1.990966796875;1.9921875;1.9921875;1.9921875;1.99462890625;1.995849609375;1.99462890625;1.99462890625;1.99462890625;1.990966796875;1.99462890625;1.9970703125;1.9970703125;1.995849609375;1.990966796875;1.990966796875;1.98974609375;1.990966796875;1.990966796875;1.998291015625;2.001953125;1.998291015625;1.9970703125;1.995849609375;1.9970703125;1.99462890625;1.9921875;1.9921875;1.993408203125;1.98974609375;1.9921875;1.9921875;1.988525390625;1.986083984375;1.98974609375;1.990966796875;1.98974609375;1.9873046875;1.986083984375;1.988525390625;1.98974609375;1.990966796875;1.9921875;1.988525390625;1.986083984375;1.98974609375;1.993408203125;1.9921875;1.993408203125;1.9970703125;1.998291015625;1.9921875;1.993408203125;1.993408203125;1.990966796875;1.9921875;1.995849609375
2024-08-29 15:31:19.027259;1.99462890625;1.99462890625;1.99951171875;1.99951171875;1.995849609375;1.993408203125;1.98974609375;1.988525390625;1.9921875;1.990966796875;1.990966796875;1.98974609375;1.990966796875;1.988525390625;1.988525390625;1.986083984375;1.98974609375;1.9921875;1.9921875;1.98974609375;1.988525390625;1.98974609375;1.9921875;1.990966796875;1.988525390625;1.98486328125;1.9873046875;1.988525390625;1.986083984375;1.98974609375;1.988525390625;1.983642578125;1.9873046875;1.988525390625;1.988525390625;1.9921875;1.99462890625;1.990966796875;1.9921875;1.988525390625;1.990966796875;1.98974609375;1.98974609375;1.988525390625;1.9873046875;1.986083984375;1.9873046875;1.988525390625;1.986083984375;1.986083984375;1.98974609375;1.99462890625;1.9970703125;1.995849609375;1.995849609375;1.995849609375;1.9921875;1.990966796875;1.990966796875;1.98974609375;1.993408203125;1.9970703125;1.99462890625;1.990966796875;1.9873046875;1.990966796875;1.99462890625;1.993408203125;1.998291015625;1.995849609375;1.9970703125;1.993408203125;1.993408203125;1.995849609375;2.000732421875;2.00439453125;1.998291015625;1.998291015625;2.000732421875;2.000732421875;2.000732421875;1.9970703125;1.99951171875;1.998291015625;1.995849609375;1.99462890625;1.98974609375;1.9921875;1.9921875;1.9921875;1.990966796875;1.993408203125;1.993408203125;1.993408203125;1.99462890625;1.995849609375;1.9921875;1.98974609375;1.988525390625;1.98974609375
2024-08-29 15:31:19.090743;1.9970703125;1.9970703125;1.99462890625;1.9921875;1.98974609375;1.995849609375;1.995849609375;1.995849609375;1.993408203125;1.990966796875;1.9921875;1.995849609375;1.993408203125;1.9921875;1.988525390625;1.983642578125;1.9873046875;1.993408203125;1.9921875;1.995849609375;1.99951171875;1.995849609375;1.993408203125;1.9970703125;1.9970703125;1.99462890625;1.99462890625;1.995849609375;1.995849609375;1.99462890625;1.9970703125;1.99951171875;1.99951171875;1.9970703125;1.99462890625;1.9921875;1.988525390625;1.98486328125;1.993408203125;1.99951171875;2.000732421875;2.003173828125;2.001953125;2.001953125;2.001953125;2.001953125;1.99951171875;1.9970703125;1.998291015625;2.000732421875;1.9970703125;1.995849609375;1.995849609375;1.9970703125;1.99951171875;1.9970703125;1.993408203125;1.993408203125;1.993408203125;1.99462890625;1.9970703125;1.99462890625;1.995849609375;1.9970703125;1.998291015625;2.000732421875;2.000732421875;2.001953125;2.003173828125;1.9970703125;1.993408203125;1.9921875;1.98974609375;1.98974609375;1.9921875;1.9970703125;1.9970703125;1.993408203125;1.99462890625;1.993408203125;1.9970703125;1.998291015625;2.000732421875;1.9970703125;1.9921875;1.986083984375;1.983642578125;1.986083984375;1.990966796875;1.995849609375;1.998291015625;2.003173828125;2.00439453125;2.000732421875;1.9970703125;1.990966796875;1.9873046875;1.982421875;1.98974609375;1.98974609375
2024-08-29 15:31:19.122636;1.982421875;1.981201171875;1.982421875;1.986083984375;1.986083984375;1.983642578125;1.98486328125;1.98974609375;1.993408203125;1.990966796875;1.990966796875;1.9921875;1.993408203125;1.99462890625;1.9970703125;1.995849609375;1.993408203125;1.98974609375;1.990966796875;1.99462890625;1.990966796875;1.9921875;1.9921875;1.98974609375;1.98974609375;1.9873046875;1.986083984375;1.986083984375;1.9873046875;1.9873046875;1.98486328125;1.98974609375;1.99462890625;1.99462890625;1.9970703125;1.99951171875;1.995849609375;1.990966796875;1.988525390625;1.981201171875;1.983642578125;1.983642578125;1.9873046875;1.990966796875;1.993408203125;1.9921875;1.993408203125;1.9921875;1.993408203125;1.9970703125;1.998291015625;1.998291015625;1.99462890625;1.995849609375;2.00439453125;2.000732421875;1.995849609375;1.988525390625;1.98486328125;1.990966796875;1.995849609375;1.99462890625;1.993408203125;1.993408203125;1.990966796875;1.99462890625;1.9921875;1.995849609375;1.995849609375;1.998291015625;2.000732421875;1.998291015625;1.9970703125;2.001953125;2.003173828125;2.001953125;2.00439453125;1.9970703125;1.995849609375;1.990966796875;1.993408203125;1.995849609375;1.993408203125;1.98974609375;1.990966796875;1.9921875;1.993408203125;1.990966796875;1.9970703125;1.9970703125;1.998291015625;1.998291015625;1.9970703125;1.995849609375;1.99462890625;1.99462890625;1.998291015625;1.9970703125;1.998291015625;1.99951171875
2024-08-29 15:31:19.169479;1.9921875;1.99462890625;1.990966796875;1.9873046875;1.990966796875;1.99462890625;1.99462890625;1.998291015625;1.998291015625;1.99951171875;2.001953125;2.00439453125;2.000732421875;2.000732421875;1.99462890625;1.9970703125;1.995849609375;2.000732421875;2.000732421875;1.998291015625;1.99462890625;1.9970703125;2.000732421875;1.99462890625;1.9921875;1.990966796875;1.990966796875;1.988525390625;1.9921875;1.9921875;1.98974609375;1.9921875;1.990966796875;1.990966796875;1.993408203125;1.993408203125;1.99462890625;1.990966796875;1.986083984375;1.986083984375;1.98486328125;1.986083984375;1.986083984375;1.98974609375;1.9921875;1.990966796875;1.995849609375;1.99462890625;1.988525390625;1.986083984375;1.983642578125;1.986083984375;1.990966796875;1.988525390625;1.983642578125;1.982421875;1.98486328125;1.9873046875;1.98974609375;1.9970703125;1.998291015625;1.99951171875;2.000732421875;2.000732421875;1.9970703125;1.995849609375;1.990966796875;1.990966796875;1.9921875;1.98974609375;1.9921875;1.9970703125;1.998291015625;1.99951171875;1.995849609375;1.99951171875;1.995849609375;1.9921875;1.995849609375;1.995849609375;1.995849609375;1.995849609375;1.9921875;1.98486328125;1.990966796875;1.9921875;1.993408203125;1.993408203125;1.993408203125;1.99462890625;1.988525390625;1.982421875;1.983642578125;1.978759765625;1.978759765625;1.983642578125;1.98974609375;1.990966796875;1.993408203125;1.9921875
2024-08-29 15:31:19.185426;1.988525390625;1.982421875;1.983642578125;1.97998046875;1.983642578125;1.986083984375;1.9873046875;1.990966796875;1.9921875;1.993408203125;1.990966796875;1.9921875;1.988525390625;1.990966796875;1.9921875;1.986083984375;1.98486328125;1.9873046875;1.9921875;1.9921875;1.9970703125;1.99462890625;1.99462890625;1.993408203125;1.9921875;1.995849609375;1.9970703125;1.998291015625;1.9921875;1.9921875;1.9921875;1.990966796875;1.98974609375;1.9873046875;1.988525390625;1.9873046875;1.9873046875;1.9873046875;1.98974609375;1.988525390625;1.990966796875;1.993408203125;1.99462890625;1.9970703125;1.998291015625;1.995849609375;1.99462890625;1.995849609375;1.995849609375;1.998291015625;1.990966796875;1.988525390625;1.988525390625;1.98974609375;1.9921875;1.993408203125;1.9921875;1.98974609375;1.990966796875;1.9921875;1.990966796875;1.99462890625;1.99462890625;1.995849609375;1.9970703125;1.9970703125;1.995849609375;1.995849609375;1.995849609375;1.99462890625;1.9970703125;1.99462890625;1.995849609375;1.9970703125;1.99462890625;1.99462890625;1.99462890625;1.995849609375;1.993408203125;1.9921875;1.993408203125;1.9921875;1.993408203125;1.9921875;1.98974609375;1.988525390625;1.9873046875;1.9921875;1.990966796875;1.98974609375;1.990966796875;1.988525390625;1.98974609375;1.993408203125;1.9970703125;1.9921875;1.990966796875;1.9873046875;1.998291015625;1.9921875
2024-08-29 15:31:19.232714;1.990966796875;1.993408203125;1.998291015625;1.998291015625;1.99462890625;1.9921875;1.988525390625;1.983642578125;1.9873046875;1.993408203125;1.998291015625;1.99951171875;1.993408203125;1.995849609375;1.99462890625;1.990966796875;1.990966796875;1.990966796875;1.98486328125;1.9775390625;1.976318359375;1.973876953125;1.9775390625;1.978759765625;1.983642578125;1.988525390625;1.990966796875;1.9921875;1.99462890625;1.99462890625;1.9970703125;2.000732421875;1.998291015625;1.9970703125;1.9921875;1.9921875;1.98974609375;1.98974609375;1.98974609375;1.988525390625;1.9873046875;1.98974609375;1.98974609375;1.988525390625;1.986083984375;1.988525390625;1.990966796875;1.993408203125;1.99462890625;1.995849609375;1.998291015625;1.995849609375;1.993408203125;1.99462890625;1.990966796875;1.986083984375;1.986083984375;1.98974609375;1.9921875;1.990966796875;1.993408203125;1.99462890625;1.998291015625;1.99462890625;1.995849609375;1.99462890625;1.993408203125;1.9970703125;2.001953125;1.99951171875;1.998291015625;1.99951171875;1.99462890625;1.99462890625;1.9921875;1.993408203125;1.9921875;1.993408203125;1.99462890625;1.98974609375;1.988525390625;1.988525390625;1.9873046875;1.990966796875;1.993408203125;1.995849609375;1.9921875;1.995849609375;1.995849609375;1.9970703125;1.99951171875;1.99462890625;1.99462890625;1.9970703125;1.99951171875;2.000732421875;1.99951171875;1.995849609375;1.9921875;1.988525390625
2024-08-29 15:31:19.280058;1.993408203125;1.9921875;1.995849609375;1.990966796875;1.988525390625;1.983642578125;1.9921875;1.9921875;1.990966796875;1.993408203125;1.993408203125;1.99462890625;1.995849609375;1.99462890625;1.993408203125;1.998291015625;1.998291015625;1.9970703125;1.9970703125;1.995849609375;1.9873046875;1.98486328125;1.986083984375;1.9921875;1.99462890625;1.9970703125;1.995849609375;1.9921875;1.9921875;1.99462890625;1.995849609375;1.993408203125;1.993408203125;1.993408203125;1.99462890625;1.990966796875;1.98974609375;1.9873046875;1.986083984375;1.9873046875;1.993408203125;1.993408203125;1.990966796875;1.9921875;1.99462890625;1.993408203125;1.9921875;1.99462890625;1.9921875;1.993408203125;1.990966796875;1.9970703125;2.001953125;2.003173828125;1.998291015625;1.9970703125;1.9970703125;1.993408203125;1.9921875;1.988525390625;1.990966796875;1.98974609375;1.98974609375;1.98974609375;1.9921875;1.98974609375;1.9921875;1.9970703125;1.99462890625;1.998291015625;1.998291015625;1.993408203125;1.99462890625;1.993408203125;1.990966796875;1.98974609375;1.99462890625;1.995849609375;1.9970703125;1.9970703125;1.99462890625;1.993408203125;1.993408203125;1.993408203125;1.9921875;1.9921875;1.99462890625;1.993408203125;1.990966796875;1.99462890625;1.99951171875;1.9970703125;1.993408203125;1.9921875;1.990966796875;1.9873046875;1.988525390625;1.9921875;1.990966796875;1.98974609375
2024-08-29 15:31:19.311646;1.993408203125;1.993408203125;1.9921875;1.990966796875;1.993408203125;1.995849609375;1.998291015625;1.9970703125;1.990966796875;1.9921875;1.990966796875;1.9873046875;1.981201171875;1.982421875;1.982421875;1.986083984375;1.986083984375;1.9873046875;1.990966796875;1.998291015625;1.99462890625;1.99462890625;1.99462890625;1.99462890625;1.99462890625;1.993408203125;1.9921875;1.99462890625;1.98974609375;1.988525390625;1.988525390625;1.995849609375;2.003173828125;2.00439453125;2.001953125;2.000732421875;1.9970703125;1.993408203125;1.9921875;1.993408203125;1.995849609375;1.99951171875;2.000732421875;1.9970703125;1.995849609375;1.99462890625;1.99462890625;1.993408203125;1.99462890625;1.995849609375;2.001953125;2.000732421875;1.995849609375;1.99462890625;1.995849609375;1.9970703125;1.995849609375;1.9921875;1.986083984375;1.9873046875;1.990966796875;1.98974609375;1.990966796875;1.9921875;1.990966796875;1.9970703125;2.000732421875;1.99951171875;1.998291015625;1.9970703125;1.9921875;1.993408203125;1.993408203125;1.99951171875;1.998291015625;1.990966796875;1.98974609375;1.993408203125;1.99462890625;1.9921875;1.990966796875;1.993408203125;1.993408203125;1.9921875;1.993408203125;1.993408203125;1.990966796875;1.9921875;1.993408203125;1.995849609375;1.990966796875;1.98974609375;1.9921875;1.9921875;1.993408203125;1.99462890625;1.995849609375;2.000732421875;1.995849609375;1.995849609375
2024-08-29 15:31:19.327087;1.995849609375;1.990966796875;1.98974609375;1.98974609375;1.99462890625;1.98974609375;1.988525390625;1.98974609375;1.99462890625;1.990966796875;1.986083984375;1.988525390625;1.990966796875;1.990966796875;1.988525390625;1.986083984375;1.98486328125;1.988525390625;1.983642578125;1.98486328125;1.981201171875;1.9873046875;1.993408203125;1.995849609375;1.99951171875;1.9970703125;1.993408203125;1.988525390625;1.9873046875;1.988525390625;1.98974609375;1.990966796875;1.988525390625;1.98974609375;1.993408203125;1.995849609375;1.99462890625;1.995849609375;1.998291015625;1.9970703125;1.99462890625;1.993408203125;1.993408203125;1.9921875;1.995849609375;1.98974609375;1.988525390625;1.98974609375;1.99462890625;1.99462890625;1.990966796875;1.988525390625;1.993408203125;1.99462890625;1.9970703125;1.995849609375;1.99462890625;1.993408203125;1.995849609375;1.99951171875;1.9921875;1.990966796875;1.990966796875;1.993408203125;1.988525390625;1.98486328125;1.9873046875;1.993408203125;1.99462890625;1.993408203125;1.990966796875;1.9921875;1.993408203125;1.995849609375;1.993408203125;1.993408203125;1.988525390625;1.986083984375;1.983642578125;1.986083984375;1.990966796875;1.995849609375;1.995849609375;1.9970703125;1.9970703125;2.000732421875;1.99462890625;1.990966796875;1.9873046875;1.98974609375;1.9921875;1.998291015625;2.00439453125;2.000732421875;1.9921875;1.98974609375;1.988525390625;1.9873046875;1.981201171875;1.986083984375
2024-08-29 15:31:19.357182;1.988525390625;1.9970703125;1.998291015625;1.993408203125;1.990966796875;1.9873046875;1.9873046875;1.98974609375;1.9921875;1.99462890625;1.99462890625;1.995849609375;1.99462890625;1.99462890625;1.995849609375;1.9970703125;1.995849609375;1.98974609375;1.983642578125;1.988525390625;1.99462890625;1.9970703125;1.995849609375;1.9921875;1.998291015625;1.995849609375;1.995849609375;1.9970703125;1.9970703125;1.9970703125;2.000732421875;1.99462890625;1.9921875;1.993408203125;1.995849609375;1.990966796875;1.990966796875;1.9873046875;1.986083984375;1.98974609375;1.98974609375;1.9921875;1.990966796875;1.9921875;1.99462890625;1.99951171875;1.99462890625;1.995849609375;1.9921875;1.993408203125;1.9970703125;1.998291015625;1.99462890625;1.99462890625;1.98974609375;1.986083984375;1.9873046875;1.9873046875;1.9921875;1.9921875;1.993408203125;1.98974609375;1.9873046875;1.990966796875;1.98974609375;1.990966796875;1.9873046875;1.98974609375;1.986083984375;1.98486328125;1.9873046875;1.988525390625;1.993408203125;1.993408203125;1.995849609375;1.99462890625;1.993408203125;1.99462890625;1.990966796875;1.9921875;1.993408203125;1.9921875;1.9921875;1.9921875;1.990966796875;1.98974609375;1.98974609375;1.988525390625;1.98974609375;1.988525390625;1.990966796875;1.9921875;1.990966796875;1.99462890625;1.9970703125;1.99951171875;1.998291015625;1.995849609375;1.9921875;1.9921875
2024-08-29 15:31:19.419339;1.990966796875;1.9921875;1.998291015625;1.99462890625;1.99462890625;1.993408203125;1.993408203125;1.9921875;1.99462890625;1.990966796875;1.988525390625;1.99462890625;1.99462890625;1.993408203125;1.98974609375;1.993408203125;1.993408203125;1.995849609375;1.9970703125;1.9921875;1.98974609375;1.9921875;1.9921875;1.993408203125;1.993408203125;1.9970703125;1.99462890625;1.990966796875;1.988525390625;1.98974609375;1.988525390625;1.98974609375;1.9921875;1.9921875;1.998291015625;1.998291015625;1.998291015625;1.993408203125;1.99462890625;1.998291015625;1.995849609375;1.990966796875;1.988525390625;1.990966796875;1.993408203125;1.990966796875;1.986083984375;1.988525390625;1.9921875;1.988525390625;1.9873046875;1.99462890625;1.990966796875;1.988525390625;1.98486328125;1.98486328125;1.982421875;1.990966796875;1.993408203125;1.990966796875;1.993408203125;1.993408203125;1.99462890625;1.99951171875;1.9921875;1.9921875;1.9921875;2.000732421875;1.998291015625;1.995849609375;1.993408203125;1.995849609375;1.993408203125;1.993408203125;1.99462890625;1.993408203125;1.993408203125;1.9921875;1.9921875;1.990966796875;1.98974609375;1.98974609375;1.990966796875;1.993408203125;1.995849609375;1.99462890625;1.988525390625;1.986083984375;1.9873046875;1.986083984375;1.98974609375;1.995849609375;1.99462890625;1.9873046875;1.98486328125;1.982421875;1.981201171875;1.981201171875;1.99951171875;1.9970703125
2024-08-29 15:31:19.434505;2.000732421875;2.001953125;2.003173828125;1.998291015625;1.993408203125;1.998291015625;1.993408203125;1.988525390625;1.988525390625;1.988525390625;1.988525390625;1.9873046875;1.990966796875;1.99462890625;1.9970703125;1.9921875;1.9921875;1.993408203125;1.993408203125;1.993408203125;1.99462890625;1.9921875;1.993408203125;1.9921875;1.993408203125;1.9921875;1.9873046875;1.98974609375;1.98974609375;1.988525390625;1.9873046875;1.98974609375;1.990966796875;1.9921875;1.9921875;1.9921875;1.993408203125;1.990966796875;1.9921875;1.988525390625;1.98486328125;1.9873046875;1.993408203125;1.990966796875;1.9921875;1.9921875;1.99951171875;1.9970703125;1.99462890625;1.995849609375;1.995849609375;1.995849609375;1.9921875;1.990966796875;1.98486328125;1.98486328125;1.986083984375;1.9921875;1.993408203125;1.9970703125;1.995849609375;1.99462890625;1.9921875;1.99462890625;1.990966796875;1.995849609375;1.99462890625;1.993408203125;1.9921875;1.99462890625;1.993408203125;1.98974609375;1.990966796875;1.988525390625;1.98486328125;1.98974609375;1.99462890625;1.995849609375;1.990966796875;1.98974609375;1.9873046875;1.988525390625;1.986083984375;1.983642578125;1.98486328125;1.986083984375;1.99462890625;1.995849609375;1.995849609375;1.988525390625;1.9921875;1.99462890625;1.995849609375;1.9921875;1.993408203125;1.993408203125;1.9970703125;1.995849609375;1.995849609375;1.99462890625
2024-08-29 15:31:19.466247;1.990966796875;1.9921875;1.990966796875;1.99462890625;1.98974609375;1.986083984375;1.9873046875;1.98486328125;1.98486328125;1.986083984375;1.9873046875;1.9873046875;1.986083984375;1.988525390625;1.98974609375;1.99462890625;1.993408203125;1.98974609375;1.9873046875;1.9873046875;1.98486328125;1.9921875;1.9921875;1.9921875;1.9921875;1.99462890625;1.9970703125;1.995849609375;1.98974609375;1.9873046875;1.986083984375;1.98486328125;1.98486328125;1.988525390625;1.990966796875;1.98974609375;1.990966796875;1.98974609375;1.988525390625;1.988525390625;1.9873046875;1.9873046875;1.9873046875;1.98974609375;1.99462890625;1.9970703125;1.995849609375;1.9921875;1.98974609375;1.986083984375;1.990966796875;1.9921875;1.990966796875;1.988525390625;1.98974609375;1.9873046875;1.98486328125;1.986083984375;1.98974609375;1.98974609375;1.98974609375;1.9873046875;1.9873046875;1.990966796875;1.9873046875;1.98974609375;1.993408203125;1.99462890625;1.9970703125;1.998291015625;1.99462890625;1.99462890625;1.993408203125;1.993408203125;1.993408203125;1.993408203125;1.990966796875;1.98974609375;1.98974609375;1.9873046875;1.9921875;1.9873046875;1.988525390625;1.986083984375;1.98974609375;1.99462890625;1.9970703125;1.99951171875;1.995849609375;1.995849609375;1.9921875;1.995849609375;1.9921875;1.99951171875;2.000732421875;1.99951171875;2.001953125;1.998291015625;1.98974609375;1.98974609375
2024-08-29 15:31:19.512947;1.990966796875;1.98974609375;1.9873046875;1.982421875;1.9873046875;1.9873046875;1.988525390625;1.9921875;1.98974609375;1.98974609375;1.995849609375;1.9970703125;1.99462890625;1.993408203125;1.9873046875;1.98486328125;1.993408203125;1.9970703125;1.998291015625;2.00439453125;1.995849609375;1.98974609375;1.9921875;1.99462890625;1.998291015625;1.99462890625;1.995849609375;1.9921875;1.990966796875;1.9921875;1.98974609375;1.99951171875;1.99951171875;1.993408203125;1.993408203125;1.995849609375;2.000732421875;2.000732421875;1.995849609375;1.9921875;1.9873046875;1.986083984375;1.98486328125;1.9873046875;1.99462890625;1.998291015625;1.993408203125;1.98974609375;1.990966796875;1.99462890625;1.993408203125;1.995849609375;1.99462890625;1.993408203125;1.993408203125;1.993408203125;1.98974609375;1.9873046875;1.990966796875;1.99462890625;1.99462890625;1.9970703125;1.990966796875;1.981201171875;1.982421875;1.983642578125;1.9873046875;1.988525390625;1.988525390625;1.983642578125;1.981201171875;1.993408203125;1.993408203125;1.98974609375;1.9873046875;1.988525390625;1.99462890625;1.9970703125;1.998291015625;2.001953125;2.003173828125;2.000732421875;1.995849609375;1.995849609375;1.995849609375;1.9921875;1.9921875;1.995849609375;1.99462890625;1.99462890625;1.9921875;1.98974609375;1.98974609375;1.9921875;1.9873046875;1.9921875;1.99462890625;1.998291015625;1.99462890625;1.98974609375
2024-08-29 15:31:19.543296;1.98974609375;1.9921875;1.98974609375;1.98486328125;1.9921875;1.9970703125;1.993408203125;1.9921875;1.993408203125;1.995849609375;1.99951171875;1.9970703125;1.990966796875;1.986083984375;1.990966796875;1.993408203125;1.99462890625;1.9921875;1.9970703125;1.9921875;1.988525390625;1.98974609375;1.986083984375;1.988525390625;1.990966796875;1.990966796875;1.99462890625;1.995849609375;1.99462890625;1.9921875;1.995849609375;1.9970703125;1.998291015625;1.993408203125;1.9921875;1.9873046875;1.986083984375;1.983642578125;1.986083984375;1.990966796875;1.9921875;1.995849609375;1.9921875;1.990966796875;1.993408203125;1.993408203125;1.993408203125;1.99462890625;1.993408203125;1.990966796875;1.9921875;1.98974609375;1.986083984375;1.988525390625;1.990966796875;1.9970703125;1.995849609375;1.995849609375;1.993408203125;1.990966796875;1.988525390625;1.9873046875;1.990966796875;1.99462890625;1.9970703125;1.998291015625;1.99462890625;1.9921875;1.9921875;1.990966796875;1.986083984375;1.98486328125;1.986083984375;1.98974609375;1.993408203125;1.99462890625;1.993408203125;1.990966796875;1.99462890625;1.9970703125;1.9970703125;1.993408203125;1.9873046875;1.98486328125;1.986083984375;1.986083984375;1.98486328125;1.9873046875;1.990966796875;1.9921875;1.99462890625;1.995849609375;1.998291015625;2.001953125;2.000732421875;1.9970703125;1.9921875;1.98974609375;1.986083984375;1.990966796875
2024-08-29 15:31:19.590517;1.993408203125;2.000732421875;1.99951171875;1.995849609375;1.9921875;1.993408203125;1.99462890625;1.995849609375;1.993408203125;1.98974609375;1.988525390625;1.98974609375;1.9873046875;1.9921875;1.99462890625;1.993408203125;1.98974609375;1.98974609375;1.988525390625;1.988525390625;1.9921875;1.9970703125;1.998291015625;1.998291015625;1.993408203125;1.988525390625;1.990966796875;1.9921875;1.993408203125;1.990966796875;1.98974609375;1.9873046875;1.990966796875;1.986083984375;1.983642578125;1.981201171875;1.98974609375;1.98974609375;1.990966796875;1.98974609375;1.98974609375;1.98486328125;1.988525390625;1.9873046875;1.988525390625;1.98974609375;1.993408203125;1.995849609375;1.995849609375;1.99462890625;1.9921875;1.99462890625;1.99462890625;1.98974609375;1.9921875;1.993408203125;1.993408203125;1.993408203125;1.9873046875;1.988525390625;1.995849609375;1.99462890625;1.990966796875;1.98974609375;1.990966796875;1.9921875;1.99462890625;1.99462890625;1.995849609375;1.995849609375;1.9921875;1.990966796875;1.98974609375;1.990966796875;1.990966796875;1.988525390625;1.98974609375;1.990966796875;1.9970703125;2.001953125;2.005615234375;2.005615234375;2.003173828125;1.99951171875;1.9970703125;1.995849609375;1.993408203125;1.99462890625;1.99462890625;1.9873046875;1.98486328125;1.983642578125;1.98486328125;1.983642578125;1.98486328125;1.9873046875;1.990966796875;1.99462890625;1.986083984375;1.983642578125
2024-08-29 15:31:19.606036;1.98486328125;1.986083984375;1.9921875;1.990966796875;1.988525390625;1.993408203125;1.99462890625;1.993408203125;1.98974609375;1.98974609375;1.9873046875;1.993408203125;1.9921875;1.9921875;1.993408203125;1.9921875;1.990966796875;1.9921875;1.993408203125;1.98974609375;1.988525390625;1.98974609375;1.990966796875;1.99462890625;1.993408203125;1.993408203125;1.995849609375;1.990966796875;1.990966796875;1.98974609375;1.98974609375;1.986083984375;1.986083984375;1.983642578125;1.983642578125;1.981201171875;1.97998046875;1.97998046875;1.976318359375;1.97509765625;1.982421875;1.986083984375;1.9873046875;1.98486328125;1.986083984375;1.98974609375;1.988525390625;1.98486328125;1.988525390625;1.98974609375;1.993408203125;1.9921875;1.9921875;1.98974609375;1.9921875;1.990966796875;1.990966796875;1.9921875;1.990966796875;1.990966796875;1.99462890625;1.9921875;1.9921875;1.9873046875;1.993408203125;1.9921875;1.9921875;1.995849609375;1.995849609375;1.995849609375;2.001953125;2.000732421875;2.000732421875;1.99462890625;1.995849609375;1.99462890625;1.990966796875;1.993408203125;1.986083984375;1.98974609375;1.993408203125;1.995849609375;1.99462890625;1.99462890625;1.9873046875;1.986083984375;1.988525390625;1.99462890625;1.998291015625;1.995849609375;1.993408203125;1.990966796875;1.98974609375;1.990966796875;1.993408203125;1.993408203125;1.993408203125;1.99462890625;1.9921875;1.9921875
2024-08-29 15:31:19.637294;1.9921875;1.99462890625;1.9921875;1.990966796875;1.9921875;1.990966796875;1.9921875;1.98974609375;1.98486328125;1.9873046875;1.99462890625;1.99951171875;1.99951171875;2.00439453125;2.000732421875;1.995849609375;1.99462890625;1.9970703125;1.9970703125;1.995849609375;1.995849609375;1.995849609375;1.99462890625;1.9921875;1.988525390625;1.990966796875;1.988525390625;1.9873046875;1.98486328125;1.98974609375;1.995849609375;1.995849609375;1.993408203125;1.993408203125;1.9970703125;1.995849609375;2.003173828125;2.0068359375;2.0068359375;2.008056640625;2.005615234375;2.00439453125;2.00439453125;2.00439453125;2.00439453125;2.003173828125;1.998291015625;1.99462890625;1.990966796875;1.988525390625;1.9921875;1.9970703125;1.99951171875;1.9970703125;1.995849609375;1.998291015625;2.003173828125;2.000732421875;1.998291015625;1.995849609375;1.9970703125;1.99462890625;1.993408203125;1.98974609375;1.9873046875;1.988525390625;1.988525390625;1.986083984375;1.9873046875;1.98486328125;1.988525390625;1.990966796875;1.9970703125;1.9970703125;1.9921875;1.990966796875;1.9921875;1.990966796875;1.993408203125;1.995849609375;1.99462890625;1.9921875;1.9921875;1.990966796875;1.988525390625;1.98974609375;1.98974609375;1.988525390625;1.9921875;1.98974609375;1.988525390625;1.98486328125;1.986083984375;1.990966796875;1.9921875;1.993408203125;1.988525390625;1.990966796875;1.9970703125;1.99462890625
2024-08-29 15:31:19.652898;1.9921875;1.98974609375;1.993408203125;1.990966796875;1.990966796875;1.995849609375;2.000732421875;1.995849609375;1.99462890625;1.99462890625;1.9970703125;1.995849609375;1.9873046875;1.983642578125;1.9873046875;1.9921875;1.99462890625;1.993408203125;1.995849609375;1.99462890625;1.9921875;1.99462890625;1.99462890625;1.993408203125;1.9921875;1.990966796875;1.993408203125;1.9921875;1.99462890625;1.9921875;1.990966796875;1.98974609375;1.9970703125;2.000732421875;1.998291015625;1.998291015625;1.998291015625;1.99462890625;1.993408203125;1.993408203125;1.98974609375;1.99462890625;1.993408203125;1.988525390625;1.990966796875;1.98974609375;1.9921875;1.993408203125;1.995849609375;1.993408203125;1.993408203125;1.990966796875;1.990966796875;1.993408203125;1.990966796875;1.98974609375;1.9921875;1.98974609375;1.98974609375;1.990966796875;1.990966796875;1.9921875;1.99462890625;2.000732421875;1.998291015625;1.993408203125;1.9921875;1.9921875;1.99462890625;1.99462890625;1.9921875;1.99462890625;1.9921875;1.993408203125;1.98974609375;1.988525390625;1.98974609375;1.990966796875;1.9921875;1.98974609375;1.98974609375;1.98974609375;1.98974609375;1.990966796875;1.993408203125;1.98974609375;1.990966796875;1.99462890625;1.995849609375;1.9970703125;1.9921875;1.9921875;1.98974609375;1.98974609375;1.993408203125;1.99462890625;1.993408203125;1.9921875;1.98486328125;1.990966796875
2024-08-29 15:31:19.699915;1.995849609375;1.995849609375;1.993408203125;1.990966796875;1.9970703125;1.99951171875;1.998291015625;1.993408203125;1.9921875;1.995849609375;1.99462890625;1.9873046875;1.98486328125;1.9873046875;1.9873046875;1.990966796875;1.9921875;1.98974609375;1.9873046875;1.988525390625;1.986083984375;1.98486328125;1.98974609375;1.9970703125;1.993408203125;1.9873046875;1.988525390625;1.986083984375;1.986083984375;1.988525390625;1.98486328125;1.9873046875;1.99462890625;1.993408203125;1.990966796875;1.988525390625;1.982421875;1.983642578125;1.986083984375;1.986083984375;1.988525390625;1.99951171875;2.000732421875;2.000732421875;1.99951171875;1.99951171875;2.000732421875;1.9970703125;1.993408203125;1.99462890625;1.98974609375;1.990966796875;1.990966796875;1.990966796875;1.988525390625;1.988525390625;1.9873046875;1.98974609375;1.9921875;1.98974609375;1.9921875;1.990966796875;1.9921875;1.9921875;1.99462890625;1.993408203125;1.99462890625;1.993408203125;1.990966796875;1.9921875;1.9921875;1.9921875;1.98974609375;1.988525390625;1.9873046875;1.990966796875;1.993408203125;1.990966796875;1.993408203125;1.993408203125;1.9921875;1.98974609375;1.988525390625;1.986083984375;1.9921875;1.993408203125;1.99462890625;1.995849609375;1.9970703125;1.995849609375;1.99462890625;1.9970703125;1.998291015625;1.998291015625;1.99462890625;1.995849609375;1.995849609375;1.9970703125;2.02880859375;2.021484375
2024-08-29 15:31:19.746053;2.0166015625;2.017822265625;2.0361328125;2.04345703125;2.01416015625;1.976318359375;1.99462890625;1.9873046875;1.961669921875;1.943359375;1.944580078125;1.97509765625;2.017822265625;1.988525390625;1.976318359375;1.973876953125;1.982421875;1.98974609375;2.008056640625;1.99462890625;1.981201171875;2.003173828125;2.00927734375;2.003173828125;1.9921875;1.995849609375;1.98974609375;1.9775390625;1.961669921875;1.978759765625;1.9970703125;1.998291015625;1.99462890625;1.978759765625;1.964111328125;1.95556640625;1.96044921875;1.98974609375;2.010498046875;1.99951171875;1.995849609375;2.003173828125;1.98486328125;1.995849609375;1.98974609375;1.9775390625;1.99951171875;2.017822265625;2.015380859375;2.0068359375;2.0068359375;1.99951171875;2.005615234375;2.017822265625;2.022705078125;2.034912109375;2.005615234375;2.012939453125;1.990966796875;1.954345703125;1.949462890625;1.953125;1.982421875;2.008056640625;2.020263671875;2.003173828125;2.001953125;1.982421875;1.978759765625;2.000732421875;2.001953125;1.96044921875;1.971435546875;1.988525390625;1.98486328125;2.000732421875;1.9921875;2.00927734375;2.003173828125;1.981201171875;1.976318359375;1.983642578125;1.990966796875;2.003173828125;2.00927734375;2.0068359375;2.008056640625;2.001953125;1.978759765625;1.998291015625;2.005615234375;1.988525390625;1.978759765625;1.986083984375;1.998291015625;2.008056640625;1.998291015625;1.97021484375;1.962890625;1.97509765625
2024-08-29 15:31:19.784953;1.998291015625;1.990966796875;1.998291015625;1.982421875;1.97998046875;2.017822265625;2.000732421875;1.9921875;1.97998046875;1.993408203125;2.030029296875;2.010498046875;2.003173828125;2.005615234375;2.001953125;2.0068359375;2.01416015625;2.008056640625;1.9921875;1.97265625;1.976318359375;1.971435546875;1.973876953125;1.99462890625;2.00927734375;2.0068359375;2.010498046875;2.000732421875;1.981201171875;1.9775390625;1.986083984375;2.00439453125;2.0068359375;1.986083984375;1.973876953125;1.97021484375;1.97509765625;1.978759765625;1.98974609375;2.00439453125;2.003173828125;1.998291015625;1.9873046875;1.9873046875;1.995849609375;1.993408203125;1.99462890625;2.003173828125;2.001953125;2.003173828125;1.978759765625;1.971435546875;1.99951171875;2.00927734375;2.00439453125;1.9970703125;2.0068359375;1.983642578125;1.990966796875;2.0263671875;2.03369140625;2.020263671875;2.008056640625;1.993408203125;1.968994140625;1.976318359375;1.966552734375;1.971435546875;1.990966796875;1.97509765625;1.97509765625;1.98486328125;1.990966796875;1.982421875;1.995849609375;1.99462890625;2.008056640625;2.00927734375;2.000732421875;1.97265625;1.96533203125;1.9873046875;1.978759765625;1.956787109375;1.98486328125;1.99462890625;1.983642578125;1.9921875;2.000732421875;2.000732421875;1.983642578125;1.993408203125;1.995849609375;1.99951171875;1.995849609375;1.99951171875;1.97998046875;1.98974609375;1.998291015625;1.97021484375
2024-08-29 15:31:19.784953;1.976318359375;1.971435546875;1.982421875;2.000732421875;1.981201171875;1.947021484375;1.982421875;1.986083984375;2.0068359375;2.003173828125;2.017822265625;2.00439453125;1.993408203125;2.015380859375;2.008056640625;2.008056640625;1.995849609375;1.983642578125;1.99951171875;2.005615234375;1.981201171875;2.01171875;2.025146484375;2.017822265625;2.017822265625;1.988525390625;1.973876953125;1.978759765625;1.990966796875;2.005615234375;2.001953125;1.97509765625;1.95556640625;1.966552734375;1.97265625;1.983642578125;1.981201171875;1.956787109375;1.95556640625;1.976318359375;1.982421875;1.98486328125;1.998291015625;2.012939453125;2.021484375;2.025146484375;2.0166015625;2.008056640625;2.008056640625;2.00927734375;2.01171875;1.998291015625;1.99462890625;1.981201171875;1.96533203125;1.9775390625;2.005615234375;2.027587890625;2.01171875;2.041015625;1.978759765625;1.949462890625;1.961669921875;1.964111328125;1.986083984375;1.982421875;2.00439453125;1.99951171875;1.968994140625;1.947021484375;1.954345703125;1.96533203125;1.988525390625;1.983642578125;1.976318359375;1.981201171875;1.99462890625;2.001953125;2.015380859375;2.034912109375;2.044677734375;2.04833984375;2.032470703125;2.025146484375;1.9775390625;1.968994140625;1.982421875;1.973876953125;1.97021484375;1.99462890625;2.017822265625;2.044677734375;2.02880859375;2.005615234375;1.982421875;1.971435546875;1.962890625;1.976318359375;2.07763671875;2.03369140625
2024-08-29 15:31:19.840488;2.003173828125;2.0166015625;1.99462890625;1.993408203125;1.959228515625;1.956787109375;1.95556640625;1.9580078125;1.968994140625;1.993408203125;1.998291015625;1.995849609375;1.99462890625;1.9921875;2.037353515625;2.03857421875;2.041015625;2.02880859375;1.964111328125;1.961669921875;1.97021484375;1.993408203125;2.003173828125;1.995849609375;2.022705078125;2.022705078125;2.03857421875;2.037353515625;2.000732421875;1.94091796875;1.937255859375;1.953125;1.9775390625;1.986083984375;1.981201171875;1.976318359375;2.001953125;2.04345703125;2.060546875;2.04345703125;1.982421875;1.943359375;1.961669921875;1.959228515625;1.99462890625;2.005615234375;1.99462890625;2.000732421875;2.0166015625;2.037353515625;2.022705078125;2.012939453125;1.990966796875;1.9580078125;1.93359375;1.97021484375;1.976318359375;1.981201171875;1.97509765625;2.00439453125;1.995849609375;2.001953125;1.9970703125;1.983642578125;2.003173828125;1.973876953125;1.97265625;1.978759765625;1.97998046875;2.008056640625;2.02392578125;2.0263671875;2.015380859375;1.9970703125;1.995849609375;1.9921875;1.97265625;1.983642578125;1.9873046875;1.97509765625;1.98486328125;1.966552734375;1.990966796875;2.005615234375;1.993408203125;1.98974609375;1.993408203125;1.986083984375;1.995849609375;1.98486328125;1.983642578125;1.986083984375;1.9775390625;1.995849609375;2.021484375;2.03125;2.034912109375;2.030029296875;1.96533203125;1.949462890625
2024-08-29 15:31:19.886446;1.995849609375;1.9970703125;1.9873046875;1.97509765625;2.005615234375;1.990966796875;2.00927734375;1.998291015625;1.983642578125;1.98486328125;1.976318359375;1.976318359375;2.0068359375;2.039794921875;2.0458984375;2.01171875;1.9580078125;1.943359375;1.9873046875;2.02392578125;2.0263671875;1.9921875;1.97998046875;1.973876953125;1.986083984375;1.995849609375;1.9775390625;1.98974609375;1.9921875;1.97998046875;1.976318359375;1.9677734375;1.99951171875;2.01904296875;2.0068359375;1.9873046875;1.9921875;2.01416015625;1.990966796875;1.993408203125;1.99462890625;1.998291015625;1.9873046875;1.9921875;1.9873046875;1.97998046875;1.9775390625;1.973876953125;1.982421875;1.9873046875;1.99951171875;2.015380859375;1.98974609375;1.973876953125;1.993408203125;2.008056640625;2.015380859375;2.01416015625;1.998291015625;1.968994140625;1.9580078125;1.96533203125;1.9921875;2.022705078125;2.02880859375;2.005615234375;1.983642578125;1.986083984375;1.99951171875;1.971435546875;2.005615234375;1.990966796875;1.990966796875;1.97998046875;1.968994140625;1.978759765625;2.00439453125;2.010498046875;1.998291015625;1.99951171875;1.978759765625;1.9873046875;1.995849609375;1.96533203125;1.964111328125;1.982421875;1.976318359375;1.98486328125;1.9921875;1.99462890625;2.012939453125;1.983642578125;2.003173828125;2.012939453125;1.993408203125;2.001953125;1.99951171875;1.9873046875;2.039794921875;1.9873046875
2024-08-29 15:31:19.947428;2.003173828125;1.9873046875;2.001953125;1.998291015625;1.988525390625;1.966552734375;1.94580078125;1.949462890625;1.96533203125;2.017822265625;2.041015625;2.01904296875;1.995849609375;1.97021484375;1.978759765625;2.001953125;2.005615234375;2.020263671875;2.010498046875;1.978759765625;1.9775390625;1.990966796875;2.00439453125;2.0166015625;2.00439453125;2.01416015625;2.01416015625;1.9970703125;1.9873046875;1.968994140625;1.976318359375;1.995849609375;2.01416015625;2.003173828125;1.9873046875;1.97509765625;1.96044921875;1.959228515625;1.95068359375;1.9873046875;2.01904296875;2.021484375;2.00439453125;1.973876953125;1.97998046875;1.993408203125;1.971435546875;1.97265625;2.003173828125;2.0166015625;2.0166015625;1.99951171875;2.003173828125;1.981201171875;1.95556640625;1.9677734375;2.008056640625;2.020263671875;2.027587890625;2.025146484375;1.97998046875;1.94580078125;1.94091796875;1.96044921875;2.003173828125;2.03857421875;2.02392578125;1.98486328125;1.976318359375;1.982421875;1.9873046875;2.0166015625;2.01416015625;2.02392578125;2.022705078125;1.998291015625;1.990966796875;1.9921875;1.990966796875;2.005615234375;2.001953125;1.998291015625;1.978759765625;1.959228515625;1.97265625;1.973876953125;1.9775390625;1.9873046875;2.000732421875;1.998291015625;1.995849609375;1.982421875;1.978759765625;1.976318359375;1.962890625;1.98486328125;1.98974609375;1.981201171875;2.005615234375;1.98974609375
2024-08-29 15:31:19.978320;1.995849609375;1.98486328125;1.978759765625;1.986083984375;2.0068359375;1.99462890625;1.97021484375;1.97265625;1.976318359375;1.982421875;1.9970703125;1.993408203125;1.995849609375;2.01171875;2.003173828125;1.986083984375;1.993408203125;1.982421875;1.9677734375;1.966552734375;1.97509765625;1.981201171875;1.9677734375;1.982421875;2.017822265625;2.03125;2.025146484375;2.02392578125;2.020263671875;2.0068359375;2.00439453125;2.001953125;1.988525390625;1.973876953125;1.97265625;1.982421875;1.98974609375;1.9921875;2.0166015625;2.001953125;1.99462890625;1.990966796875;1.96533203125;1.981201171875;1.9873046875;1.986083984375;1.97998046875;1.97509765625;1.97509765625;1.978759765625;1.998291015625;2.012939453125;2.015380859375;2.0068359375;1.998291015625;2.0068359375;2.03125;2.034912109375;1.990966796875;1.96533203125;1.95556640625;1.943359375;1.96044921875;1.97998046875;1.9970703125;2.003173828125;1.9921875;1.9873046875;1.98486328125;1.99462890625;2.0068359375;1.9921875;1.966552734375;1.9677734375;1.983642578125;1.981201171875;1.9921875;2.01904296875;2.01416015625;2.0068359375;1.990966796875;1.99462890625;2.021484375;2.017822265625;1.99462890625;1.986083984375;1.971435546875;1.968994140625;1.97265625;1.988525390625;1.9970703125;2.02392578125;2.020263671875;2.000732421875;1.9775390625;1.978759765625;1.986083984375;1.9873046875;2.015380859375;2.001953125
2024-08-29 15:31:20.025174;1.961669921875;1.954345703125;1.966552734375;1.998291015625;2.042236328125;2.0263671875;2.03125;2.0166015625;1.978759765625;2.000732421875;1.988525390625;1.96533203125;1.978759765625;1.97998046875;2.0068359375;2.003173828125;2.012939453125;2.020263671875;1.986083984375;1.964111328125;1.983642578125;1.986083984375;1.9580078125;1.94580078125;1.96044921875;1.981201171875;2.037353515625;2.052001953125;2.02392578125;2.01171875;1.982421875;1.978759765625;2.000732421875;1.9921875;2.005615234375;1.98974609375;1.9677734375;1.96044921875;1.98974609375;1.998291015625;1.9970703125;1.982421875;1.97021484375;1.9873046875;1.97265625;1.97998046875;1.98486328125;1.988525390625;1.978759765625;1.988525390625;2.020263671875;2.03369140625;2.020263671875;2.017822265625;1.99462890625;1.973876953125;1.97998046875;1.99462890625;1.981201171875;1.986083984375;1.9873046875;1.968994140625;1.983642578125;2.003173828125;1.990966796875;2.005615234375;1.978759765625;1.982421875;1.988525390625;1.993408203125;2.003173828125;1.98974609375;1.995849609375;1.982421875;1.976318359375;2.015380859375;2.00927734375;2.041015625;2.02880859375;1.973876953125;1.983642578125;1.988525390625;1.98974609375;1.964111328125;1.98486328125;1.981201171875;1.982421875;2.005615234375;1.99462890625;2.010498046875;1.990966796875;1.962890625;1.982421875;1.993408203125;1.98486328125;1.9580078125;1.962890625;2.00927734375;1.982421875;1.964111328125
2024-08-29 15:31:20.072400;2.02880859375;2.01904296875;1.9970703125;1.98974609375;1.98486328125;1.982421875;1.9775390625;2.001953125;1.982421875;2.0068359375;2.027587890625;2.005615234375;1.986083984375;1.97998046875;1.97265625;1.9921875;1.993408203125;1.976318359375;1.9921875;1.9775390625;2.015380859375;2.01904296875;2.010498046875;2.0068359375;1.988525390625;1.97021484375;1.964111328125;1.9775390625;1.998291015625;1.99462890625;1.968994140625;1.983642578125;1.99462890625;2.00927734375;2.003173828125;1.99462890625;1.9921875;1.98974609375;1.983642578125;1.998291015625;1.993408203125;1.971435546875;1.97998046875;1.998291015625;2.027587890625;2.0166015625;1.98974609375;1.982421875;1.986083984375;1.9873046875;1.995849609375;2.01171875;1.98486328125;1.97998046875;1.98974609375;2.003173828125;2.0166015625;1.9921875;1.990966796875;1.990966796875;1.98974609375;1.995849609375;1.976318359375;1.978759765625;1.97998046875;2.001953125;2.005615234375;2.017822265625;2.00927734375;1.983642578125;1.976318359375;1.98486328125;1.995849609375;1.993408203125;1.995849609375;1.993408203125;1.995849609375;1.9970703125;2.010498046875;2.0068359375;1.995849609375;1.981201171875;1.971435546875;1.97998046875;1.988525390625;1.978759765625;1.983642578125;1.995849609375;1.99951171875;2.001953125;2.01171875;1.988525390625;1.986083984375;1.986083984375;1.9873046875;2.003173828125;1.981201171875;1.97021484375;1.9873046875;1.986083984375
2024-08-29 15:31:20.088158;1.98974609375;1.9921875;2.000732421875;2.003173828125;1.99951171875;2.000732421875;1.9970703125;1.978759765625;1.97509765625;1.983642578125;1.9921875;1.998291015625;2.0068359375;2.000732421875;1.99462890625;1.98486328125;1.978759765625;1.971435546875;1.973876953125;1.9873046875;1.995849609375;2.00439453125;2.008056640625;2.005615234375;2.010498046875;2.00927734375;1.993408203125;1.982421875;1.982421875;1.97998046875;1.988525390625;1.99951171875;2.000732421875;2.008056640625;2.0068359375;1.9970703125;1.99462890625;1.990966796875;1.9873046875;1.9873046875;1.988525390625;2.003173828125;2.00439453125;2.003173828125;2.00439453125;1.9970703125;1.993408203125;1.986083984375;1.98486328125;1.9873046875;1.98486328125;1.9873046875;1.995849609375;2.000732421875;1.9970703125;1.9873046875;1.98486328125;1.9873046875;1.982421875;1.976318359375;1.978759765625;1.990966796875;1.99951171875;2.000732421875;2.000732421875;2.00927734375;2.001953125;1.9873046875;1.990966796875;1.9970703125;2.01171875;2.008056640625;2.001953125;2.01171875;2.008056640625;1.9921875;1.982421875;1.97998046875;1.98974609375;1.98974609375;1.981201171875;1.978759765625;1.97998046875;1.9970703125;1.98974609375;1.9970703125;2.010498046875;1.993408203125;1.97998046875;1.9873046875;1.99951171875;2.010498046875;1.99951171875;1.993408203125;1.993408203125;1.990966796875;1.98486328125;1.981201171875;2.0068359375;1.990966796875
2024-08-29 15:31:20.211913;1.983642578125;1.9775390625;1.9775390625;1.986083984375;2.003173828125;2.00927734375;2.01171875;1.9873046875;1.9775390625;1.99462890625;1.9921875;1.9873046875;2.000732421875;2.00439453125;2.01171875;2.00927734375;1.97998046875;1.983642578125;1.9873046875;1.97509765625;1.978759765625;1.99951171875;1.998291015625;2.01171875;1.99951171875;1.97998046875;1.990966796875;1.990966796875;1.976318359375;1.986083984375;1.99951171875;2.00927734375;2.00927734375;1.982421875;1.97998046875;1.990966796875;1.9873046875;1.97998046875;1.98486328125;2.001953125;2.00927734375;2.020263671875;1.993408203125;1.986083984375;2.000732421875;1.988525390625;1.971435546875;1.97998046875;2.003173828125;2.012939453125;2.02880859375;2.010498046875;1.97998046875;1.9921875;1.99462890625;1.97998046875;1.973876953125;1.998291015625;1.98974609375;1.99951171875;2.021484375;1.988525390625;1.97021484375;1.978759765625;1.981201171875;1.97021484375;1.986083984375;2.008056640625;2.02392578125;2.030029296875;1.982421875;1.976318359375;1.981201171875;1.978759765625;1.971435546875;1.9775390625;1.99951171875;1.99951171875;2.030029296875;2.0166015625;1.97998046875;1.978759765625;1.97998046875;1.971435546875;1.986083984375;2.00439453125;2.01416015625;2.02392578125;2.008056640625;1.976318359375;1.9775390625;1.97998046875;1.97265625;1.973876953125;1.998291015625;2.000732421875;2.02392578125;2.022705078125;1.962890625;1.968994140625
2024-08-29 15:31:20.258119;1.988525390625;2.008056640625;2.022705078125;2.025146484375;2.008056640625;2.000732421875;1.971435546875;1.96533203125;1.97021484375;1.988525390625;2.00927734375;2.025146484375;2.01904296875;2.0068359375;1.98974609375;1.97265625;1.978759765625;1.983642578125;2.01416015625;2.030029296875;2.020263671875;2.000732421875;1.97998046875;1.9677734375;1.97509765625;1.976318359375;2.001953125;2.0263671875;2.0263671875;2.001953125;1.988525390625;1.97021484375;1.978759765625;1.97509765625;1.998291015625;2.02880859375;2.03857421875;1.995849609375;1.983642578125;1.983642578125;1.968994140625;1.981201171875;1.949462890625;1.982421875;2.021484375;2.008056640625;1.97509765625;1.998291015625;1.993408203125;1.99462890625;1.9970703125;1.959228515625;2.000732421875;2.015380859375;2.020263671875;1.9677734375;1.9873046875;2.010498046875;1.9970703125;1.951904296875;1.9970703125;2.0166015625;2.020263671875;2.01416015625;1.97021484375;1.993408203125;1.99951171875;1.9921875;1.956787109375;1.993408203125;2.022705078125;2.03369140625;1.98486328125;1.97021484375;1.995849609375;1.9970703125;1.97509765625;1.96044921875;2.0068359375;2.025146484375;2.01416015625;1.964111328125;1.9921875;2.00439453125;1.998291015625;1.96044921875;1.96533203125;2.00927734375;2.025146484375;2.000732421875;1.962890625;1.998291015625;1.998291015625;1.9873046875;1.947021484375;1.9677734375;2.020263671875;2.025146484375;1.990966796875;1.97021484375
2024-08-29 15:31:20.305633;1.995849609375;2.0068359375;2.017822265625;1.998291015625;1.98486328125;1.971435546875;1.983642578125;2.000732421875;1.982421875;2.000732421875;2.00927734375;1.993408203125;1.982421875;1.976318359375;1.993408203125;1.99951171875;1.99462890625;2.001953125;2.000732421875;1.98486328125;1.986083984375;1.9677734375;1.9775390625;2.001953125;2.003173828125;2.005615234375;1.9970703125;1.9873046875;1.990966796875;1.976318359375;1.98486328125;2.003173828125;2.008056640625;2.003173828125;1.9970703125;1.986083984375;1.998291015625;1.988525390625;1.976318359375;1.990966796875;1.998291015625;1.99462890625;1.99462890625;1.98486328125;1.976318359375;1.995849609375;1.99462890625;1.9873046875;2.008056640625;2.010498046875;2.000732421875;2.000732421875;1.97998046875;1.978759765625;2.000732421875;1.98486328125;1.988525390625;2.01416015625;2.001953125;1.993408203125;1.9873046875;1.968994140625;1.983642578125;1.98974609375;1.982421875;1.993408203125;2.003173828125;1.990966796875;1.98974609375;1.98486328125;1.9775390625;1.993408203125;2.000732421875;2.001953125;2.0166015625;1.99462890625;1.99462890625;1.99462890625;1.97998046875;1.97998046875;2.001953125;2.005615234375;2.017822265625;2.015380859375;1.998291015625;1.986083984375;1.982421875;1.983642578125;1.995849609375;1.993408203125;1.988525390625;2.001953125;2.001953125;2.000732421875;2.003173828125;1.990966796875;1.98486328125;1.988525390625;1.9873046875;1.962890625
2024-08-29 15:31:20.336648;1.988525390625;2.01904296875;2.0166015625;2.027587890625;1.98486328125;1.973876953125;1.97265625;1.9580078125;1.990966796875;2.01171875;2.017822265625;2.0166015625;1.97021484375;1.982421875;1.98486328125;1.962890625;1.993408203125;2.01416015625;2.01416015625;2.02392578125;1.9775390625;1.964111328125;1.956787109375;1.966552734375;2.015380859375;1.99951171875;2.001953125;2.017822265625;1.983642578125;1.97509765625;1.962890625;1.966552734375;2.005615234375;2.01171875;2.0166015625;2.030029296875;1.99462890625;1.98486328125;1.9921875;1.973876953125;1.976318359375;2.008056640625;2.01904296875;2.02392578125;2.00927734375;1.9775390625;1.983642578125;1.982421875;1.968994140625;1.990966796875;2.010498046875;2.005615234375;2.01416015625;2.010498046875;1.9775390625;1.973876953125;1.97021484375;1.9970703125;2.00927734375;1.9970703125;2.000732421875;2.0166015625;1.982421875;1.97998046875;1.988525390625;1.973876953125;1.982421875;2.0068359375;2.008056640625;2.01416015625;2.01171875;1.983642578125;1.97998046875;1.9677734375;1.97265625;2.003173828125;2.0068359375;2.001953125;2.00927734375;1.9970703125;1.97509765625;1.973876953125;1.97265625;1.9921875;2.00439453125;1.99462890625;1.99951171875;2.012939453125;2.0068359375;1.98974609375;1.9775390625;1.9775390625;2.008056640625;2.001953125;1.9970703125;2.0068359375;2.005615234375;1.971435546875;2.0068359375;2.022705078125
2024-08-29 15:31:20.352551;1.97265625;1.983642578125;1.97265625;1.98486328125;1.990966796875;2.000732421875;2.00439453125;1.98486328125;1.9921875;1.990966796875;1.97998046875;1.986083984375;1.9873046875;2.010498046875;2.01171875;1.976318359375;1.986083984375;1.982421875;1.971435546875;1.981201171875;1.9921875;2.01171875;2.005615234375;1.982421875;2.0068359375;1.99462890625;1.97265625;1.982421875;2.001953125;2.015380859375;2.000732421875;1.981201171875;1.993408203125;1.981201171875;1.98486328125;1.981201171875;1.990966796875;2.0068359375;2.01171875;1.986083984375;1.99951171875;1.998291015625;1.98486328125;2.000732421875;1.9921875;1.9921875;2.003173828125;2.00439453125;2.00439453125;2.000732421875;1.986083984375;1.97998046875;1.9921875;1.981201171875;1.98486328125;1.990966796875;1.978759765625;1.99462890625;1.99951171875;1.978759765625;1.98974609375;1.99951171875;1.993408203125;2.001953125;2.0068359375;2.005615234375;1.99951171875;1.995849609375;1.978759765625;1.983642578125;1.99462890625;1.98974609375;2.000732421875;2.003173828125;1.98974609375;1.998291015625;1.98486328125;1.964111328125;1.982421875;1.993408203125;1.99951171875;2.0068359375;1.998291015625;1.993408203125;1.9970703125;1.978759765625;1.97021484375;1.976318359375;1.98974609375;2.001953125;2.001953125;1.99951171875;2.01904296875;2.015380859375;1.983642578125;1.97509765625;1.97021484375;1.983642578125;1.9677734375;1.98486328125
2024-08-29 15:31:20.368052;2.003173828125;2.01416015625;2.00439453125;1.968994140625;2.000732421875;1.98486328125;1.961669921875;1.988525390625;2.005615234375;2.01904296875;1.993408203125;1.968994140625;1.988525390625;1.973876953125;1.97265625;2.01416015625;2.0166015625;2.025146484375;2.01416015625;1.9775390625;1.9775390625;1.9677734375;1.99951171875;2.020263671875;2.00439453125;2.010498046875;1.99951171875;1.97509765625;1.97998046875;1.971435546875;1.9921875;2.00927734375;1.995849609375;2.01171875;2.01171875;1.981201171875;1.98486328125;1.97509765625;1.982421875;2.015380859375;2.005615234375;1.998291015625;2.0068359375;2.001953125;1.973876953125;1.968994140625;1.9677734375;1.98974609375;2.0068359375;1.98486328125;1.978759765625;1.986083984375;2.001953125;1.9970703125;1.98974609375;1.993408203125;2.01171875;1.9921875;1.97998046875;1.993408203125;2.010498046875;1.9921875;1.982421875;1.97509765625;1.99462890625;2.0068359375;1.97998046875;1.97998046875;1.9873046875;2.008056640625;2.005615234375;1.993408203125;2.001953125;2.008056640625;1.971435546875;1.97021484375;1.976318359375;1.993408203125;2.01416015625;2.005615234375;2.000732421875;2.008056640625;1.995849609375;1.96533203125;1.968994140625;1.97509765625;1.9921875;2.022705078125;2.017822265625;2.01171875;2.005615234375;1.973876953125;1.959228515625;1.97265625;1.9873046875;2.008056640625;2.01904296875;2.015380859375;1.9921875;1.98974609375
2024-08-29 15:31:20.414927;1.998291015625;1.986083984375;1.99462890625;1.9873046875;1.99462890625;2.00927734375;1.990966796875;1.995849609375;1.99951171875;1.97998046875;1.981201171875;1.988525390625;1.998291015625;2.001953125;1.986083984375;1.99951171875;1.995849609375;1.990966796875;2.001953125;1.9921875;1.998291015625;2.001953125;1.986083984375;1.993408203125;1.978759765625;1.976318359375;1.9970703125;1.99462890625;2.000732421875;2.01171875;2.000732421875;1.990966796875;1.97021484375;1.968994140625;1.9970703125;2.008056640625;1.9970703125;2.010498046875;2.000732421875;1.9873046875;1.983642578125;1.968994140625;1.97021484375;1.97998046875;1.983642578125;1.998291015625;2.001953125;1.9921875;1.99951171875;1.99951171875;1.978759765625;1.981201171875;1.97021484375;1.97509765625;1.98974609375;1.99462890625;2.001953125;2.00439453125;1.993408203125;1.98486328125;1.9873046875;1.982421875;1.98974609375;2.00439453125;2.00927734375;2.0068359375;2.000732421875;1.978759765625;1.983642578125;1.981201171875;1.97998046875;1.990966796875;2.008056640625;2.00439453125;2.003173828125;1.9970703125;1.9775390625;1.988525390625;1.99462890625;1.9873046875;2.001953125;2.001953125;1.98974609375;1.9970703125;1.98974609375;1.982421875;1.99951171875;1.9921875;1.99462890625;2.010498046875;2.008056640625;2.000732421875;1.998291015625;1.982421875;1.98486328125;1.993408203125;1.981201171875;1.993408203125;1.982421875;1.9873046875
2024-08-29 15:31:20.430246;1.9921875;2.012939453125;2.000732421875;2.008056640625;1.998291015625;1.983642578125;2.000732421875;1.981201171875;1.982421875;2.001953125;1.9970703125;2.00439453125;1.990966796875;1.97998046875;1.9970703125;1.978759765625;1.986083984375;1.993408203125;1.99462890625;2.0068359375;1.981201171875;1.97998046875;1.986083984375;1.98486328125;2.005615234375;1.99951171875;2.001953125;2.008056640625;1.982421875;1.990966796875;1.97998046875;1.993408203125;2.015380859375;2.001953125;1.995849609375;2.00439453125;1.988525390625;1.97998046875;1.97998046875;1.97998046875;2.000732421875;2.00927734375;1.982421875;1.9921875;1.99951171875;1.97998046875;1.983642578125;1.983642578125;2.001953125;2.020263671875;2.008056640625;1.983642578125;2.000732421875;1.993408203125;1.97998046875;1.97998046875;1.993408203125;2.01171875;2.02392578125;1.998291015625;1.971435546875;1.98486328125;1.9775390625;1.9677734375;1.98486328125;2.005615234375;2.0263671875;2.025146484375;1.97509765625;1.968994140625;1.978759765625;1.959228515625;1.964111328125;1.9970703125;2.01904296875;2.030029296875;2.012939453125;1.976318359375;1.9873046875;1.978759765625;1.96044921875;1.986083984375;2.0068359375;2.01416015625;2.0263671875;2.003173828125;1.97021484375;1.973876953125;1.966552734375;1.9775390625;2.012939453125;2.012939453125;2.017822265625;2.0263671875;1.993408203125;1.97021484375;1.971435546875;1.956787109375;1.988525390625;1.97998046875
2024-08-29 15:31:20.461123;1.966552734375;1.988525390625;2.001953125;1.993408203125;2.001953125;2.010498046875;1.988525390625;1.988525390625;1.97265625;1.99462890625;2.003173828125;2.003173828125;2.005615234375;2.005615234375;1.973876953125;1.9677734375;1.961669921875;1.995849609375;2.005615234375;1.99951171875;2.00927734375;2.0068359375;1.982421875;1.97998046875;1.97509765625;2.003173828125;2.005615234375;2.001953125;2.0166015625;2.003173828125;1.9775390625;1.97265625;1.961669921875;1.988525390625;2.001953125;1.995849609375;2.01171875;2.022705078125;1.982421875;1.976318359375;1.971435546875;1.971435546875;1.995849609375;1.9970703125;2.000732421875;2.010498046875;2.001953125;1.981201171875;1.9970703125;1.98974609375;1.981201171875;1.9921875;2.000732421875;2.00927734375;2.01171875;1.993408203125;1.9970703125;2.00439453125;1.982421875;1.97509765625;1.978759765625;1.98974609375;2.001953125;1.998291015625;1.995849609375;1.998291015625;1.990966796875;1.9873046875;1.9873046875;1.98486328125;1.995849609375;2.00439453125;1.990966796875;2.000732421875;2.010498046875;1.99951171875;1.97998046875;1.988525390625;2.001953125;2.015380859375;2.008056640625;1.9921875;1.995849609375;1.98486328125;1.971435546875;1.971435546875;1.98486328125;1.99951171875;2.012939453125;1.993408203125;1.995849609375;1.993408203125;1.976318359375;1.978759765625;1.981201171875;1.9970703125;2.015380859375;2.010498046875;2.020263671875;2.00927734375
2024-08-29 15:31:20.492098;2.021484375;1.998291015625;1.978759765625;1.973876953125;1.962890625;2.000732421875;2.012939453125;1.99951171875;2.021484375;1.998291015625;1.97021484375;1.9580078125;1.95556640625;2.01171875;2.015380859375;2.0068359375;2.032470703125;2.00439453125;1.97509765625;1.962890625;1.97021484375;2.020263671875;1.99951171875;1.986083984375;2.020263671875;1.990966796875;1.971435546875;1.959228515625;1.978759765625;2.025146484375;1.9970703125;1.98486328125;2.01171875;2.01416015625;1.97509765625;1.9580078125;1.96533203125;2.01416015625;2.01171875;1.97509765625;1.986083984375;2.025146484375;2.00439453125;1.97265625;1.959228515625;1.971435546875;2.017822265625;2.001953125;1.97509765625;2.00439453125;2.025146484375;1.9970703125;1.976318359375;1.968994140625;1.9970703125;1.9970703125;1.961669921875;1.971435546875;2.02392578125;2.020263671875;1.98486328125;1.973876953125;1.966552734375;2.0068359375;2.008056640625;1.981201171875;1.993408203125;2.021484375;2.01416015625;1.9970703125;1.983642578125;1.9873046875;2.003173828125;1.98974609375;1.990966796875;2.010498046875;2.01171875;1.9921875;1.9921875;1.978759765625;1.9970703125;2.008056640625;1.98486328125;1.988525390625;2.0068359375;1.99462890625;2.003173828125;1.998291015625;1.982421875;2.00439453125;1.97998046875;1.964111328125;1.9873046875;2.010498046875;2.003173828125;1.9970703125;1.978759765625;1.9921875;1.998291015625;2.000732421875
2024-08-29 15:31:20.523354;1.971435546875;1.968994140625;2.015380859375;2.02880859375;1.99462890625;1.976318359375;2.012939453125;2.010498046875;1.98486328125;1.964111328125;1.995849609375;2.008056640625;1.97998046875;1.9921875;2.0068359375;1.98974609375;1.9775390625;1.97021484375;2.005615234375;2.0166015625;1.976318359375;1.99951171875;2.00439453125;1.995849609375;1.982421875;1.976318359375;2.008056640625;2.017822265625;1.9775390625;1.993408203125;2.00439453125;1.990966796875;1.973876953125;1.971435546875;1.982421875;1.993408203125;1.98486328125;1.9970703125;2.00439453125;1.990966796875;1.98974609375;1.9921875;1.988525390625;1.99951171875;2.008056640625;1.983642578125;1.9970703125;2.00439453125;1.9921875;1.990966796875;1.98974609375;1.995849609375;2.000732421875;1.98974609375;1.9921875;1.993408203125;1.983642578125;1.981201171875;1.99462890625;1.973876953125;1.982421875;1.998291015625;1.982421875;1.99462890625;2.003173828125;1.9873046875;1.988525390625;1.97998046875;1.96044921875;1.976318359375;1.976318359375;1.98974609375;2.0166015625;2.01416015625;1.998291015625;2.008056640625;1.97265625;1.954345703125;1.966552734375;1.978759765625;2.01416015625;2.020263671875;2.001953125;1.99951171875;2.0068359375;1.968994140625;1.971435546875;1.976318359375;2.001953125;2.02392578125;2.017822265625;2.000732421875;2.008056640625;1.9921875;1.94580078125;1.95556640625;1.97998046875;2.005615234375;1.995849609375;2.005615234375
2024-08-29 15:31:20.554755;1.99951171875;2.0068359375;1.9921875;1.976318359375;1.9921875;1.98486328125;1.98486328125;2.000732421875;1.9970703125;1.9970703125;1.9873046875;1.973876953125;2.000732421875;1.99462890625;1.99462890625;1.998291015625;2.000732421875;2.000732421875;1.981201171875;1.9775390625;1.993408203125;1.978759765625;1.99462890625;2.003173828125;1.993408203125;1.99951171875;1.98486328125;1.98486328125;2.003173828125;1.990966796875;1.995849609375;1.998291015625;1.998291015625;1.995849609375;1.983642578125;1.97265625;1.990966796875;1.988525390625;1.978759765625;1.995849609375;1.995849609375;1.99951171875;2.003173828125;1.98486328125;1.9873046875;1.998291015625;1.98486328125;1.990966796875;1.99951171875;1.99951171875;2.00927734375;1.9970703125;1.97998046875;1.993408203125;1.98486328125;1.983642578125;2.00439453125;1.99462890625;1.98974609375;2.003173828125;1.993408203125;1.983642578125;1.981201171875;1.97265625;1.988525390625;1.99951171875;1.9921875;2.001953125;2.000732421875;1.986083984375;1.993408203125;1.982421875;1.978759765625;1.998291015625;1.99951171875;1.986083984375;1.998291015625;1.998291015625;1.9921875;1.993408203125;1.988525390625;1.998291015625;2.008056640625;1.9921875;1.982421875;1.990966796875;1.976318359375;1.971435546875;1.976318359375;1.988525390625;2.01416015625;2.012939453125;1.983642578125;1.98974609375;1.993408203125;1.983642578125;1.98486328125;1.9775390625;1.9921875;1.9873046875
2024-08-29 15:31:20.618548;2.003173828125;1.990966796875;1.973876953125;1.990966796875;1.995849609375;1.962890625;1.988525390625;2.015380859375;1.9921875;1.983642578125;1.968994140625;1.9970703125;1.99951171875;1.966552734375;1.9873046875;2.0068359375;1.998291015625;1.97998046875;1.978759765625;2.008056640625;2.01416015625;2.0068359375;2.0263671875;2.01416015625;1.983642578125;1.96533203125;1.96533203125;2.000732421875;1.9970703125;1.9873046875;2.00927734375;2.00927734375;1.988525390625;1.978759765625;1.9677734375;1.993408203125;2.008056640625;1.982421875;2.001953125;2.030029296875;1.99462890625;1.97265625;1.961669921875;1.966552734375;2.001953125;2.010498046875;1.98974609375;2.000732421875;2.00439453125;1.986083984375;1.97509765625;1.9677734375;1.988525390625;2.01416015625;2.005615234375;2.000732421875;2.015380859375;2.00927734375;1.983642578125;1.981201171875;1.976318359375;1.98974609375;2.001953125;1.98486328125;2.00927734375;2.010498046875;1.982421875;1.9970703125;1.9873046875;1.97509765625;1.982421875;1.990966796875;1.99951171875;2.012939453125;1.993408203125;1.9873046875;1.99462890625;1.9775390625;1.973876953125;1.988525390625;2.001953125;2.0166015625;2.008056640625;1.98486328125;1.99462890625;1.9921875;1.973876953125;1.97998046875;1.99462890625;1.990966796875;2.003173828125;2.000732421875;1.98974609375;2.000732421875;1.993408203125;1.983642578125;1.988525390625;1.982421875;1.982421875;2.001953125
2024-08-29 15:31:20.649941;1.993408203125;1.990966796875;1.998291015625;2.0068359375;1.98974609375;1.981201171875;1.978759765625;2.003173828125;1.978759765625;1.973876953125;2.000732421875;2.00927734375;2.001953125;1.986083984375;1.98486328125;2.00439453125;1.9873046875;1.98974609375;2.000732421875;2.001953125;1.9921875;1.982421875;1.982421875;2.001953125;1.98974609375;1.995849609375;1.99951171875;1.99462890625;2.00439453125;1.990966796875;1.9775390625;1.990966796875;1.9921875;1.993408203125;2.01416015625;2.00439453125;2.003173828125;2.00439453125;1.978759765625;1.97509765625;1.988525390625;1.986083984375;1.9970703125;2.001953125;1.9921875;1.990966796875;1.971435546875;1.97265625;1.993408203125;1.98974609375;1.993408203125;2.00439453125;2.005615234375;1.98974609375;1.9921875;1.978759765625;1.983642578125;1.9970703125;1.982421875;1.995849609375;2.010498046875;1.995849609375;1.99951171875;1.993408203125;1.971435546875;1.988525390625;1.9921875;1.9873046875;1.99951171875;2.0068359375;1.990966796875;1.98974609375;1.97265625;1.9775390625;1.99462890625;1.990966796875;2.000732421875;2.005615234375;2.00439453125;1.988525390625;1.97998046875;1.978759765625;2.000732421875;1.990966796875;1.9873046875;2.000732421875;2.003173828125;1.9873046875;1.97998046875;1.978759765625;1.97265625;1.9970703125;1.99462890625;1.9970703125;2.012939453125;2.00439453125;1.9921875;2.000732421875;1.9921875;1.998291015625
2024-08-29 15:31:20.694594;1.998291015625;2.015380859375;1.990966796875;2.000732421875;2.003173828125;1.988525390625;1.986083984375;1.986083984375;1.98486328125;1.99462890625;1.9873046875;2.00439453125;1.995849609375;1.982421875;1.988525390625;1.983642578125;1.982421875;1.9970703125;1.99951171875;2.012939453125;1.990966796875;1.98486328125;1.988525390625;1.982421875;1.998291015625;2.001953125;1.99951171875;2.005615234375;1.99462890625;1.986083984375;1.986083984375;1.988525390625;1.99951171875;2.005615234375;1.983642578125;1.9970703125;2.003173828125;1.9921875;1.983642578125;1.9775390625;1.983642578125;1.99951171875;1.99462890625;1.982421875;1.9921875;1.982421875;1.982421875;1.9921875;1.981201171875;1.98486328125;1.99951171875;1.986083984375;1.99951171875;1.998291015625;1.978759765625;1.983642578125;1.986083984375;1.9921875;2.01171875;2.010498046875;1.99951171875;2.000732421875;1.9873046875;1.97509765625;1.986083984375;1.982421875;1.98486328125;2.000732421875;1.99462890625;2.001953125;2.001953125;1.981201171875;1.988525390625;1.998291015625;1.97021484375;1.966552734375;1.9873046875;2.003173828125;2.001953125;1.990966796875;1.976318359375;1.9921875;1.98974609375;1.966552734375;1.973876953125;1.998291015625;2.015380859375;2.01171875;1.990966796875;1.983642578125;2.001953125;1.978759765625;1.962890625;1.97021484375;1.998291015625;2.012939453125;2.003173828125;1.9921875;2.000732421875;1.9970703125
2024-08-29 15:31:20.694594;1.986083984375;1.982421875;1.998291015625;1.99462890625;1.98974609375;1.99462890625;1.99951171875;1.981201171875;1.968994140625;1.968994140625;1.9921875;1.9921875;1.9921875;2.010498046875;2.00927734375;1.9921875;1.982421875;1.98486328125;2.00439453125;1.990966796875;1.99462890625;2.017822265625;2.00439453125;1.981201171875;1.973876953125;1.981201171875;2.00439453125;1.9873046875;1.9921875;1.99951171875;2.00439453125;1.9921875;1.9775390625;1.9775390625;1.9921875;1.98974609375;1.9873046875;2.005615234375;2.015380859375;1.99462890625;1.982421875;1.97509765625;1.98974609375;2.00927734375;1.988525390625;1.986083984375;2.008056640625;2.00927734375;1.990966796875;1.978759765625;1.97509765625;1.99462890625;1.9921875;1.97998046875;1.98974609375;2.017822265625;2.00927734375;1.990966796875;1.97998046875;1.98486328125;2.01171875;1.9873046875;1.971435546875;1.995849609375;2.01171875;1.99951171875;1.986083984375;1.973876953125;1.993408203125;2.005615234375;1.983642578125;1.98974609375;2.012939453125;1.99951171875;1.978759765625;1.97265625;1.978759765625;1.995849609375;1.993408203125;1.990966796875;2.00927734375;2.010498046875;1.998291015625;1.9921875;1.981201171875;1.981201171875;1.988525390625;1.98486328125;1.9921875;2.01171875;2.001953125;1.983642578125;1.971435546875;1.97265625;1.990966796875;2.000732421875;1.9921875;2.001953125;2.00439453125;1.993408203125
2024-08-29 15:31:20.728481;1.993408203125;1.998291015625;1.99951171875;1.98486328125;1.971435546875;1.9775390625;1.990966796875;1.978759765625;1.988525390625;2.00927734375;2.010498046875;1.990966796875;1.97265625;1.983642578125;1.995849609375;1.986083984375;1.998291015625;2.015380859375;1.99462890625;1.982421875;1.976318359375;1.98974609375;2.003173828125;1.978759765625;1.98974609375;2.000732421875;2.001953125;1.988525390625;1.97265625;1.9873046875;1.998291015625;1.9873046875;1.99951171875;2.015380859375;1.9921875;1.986083984375;1.981201171875;1.981201171875;1.98974609375;1.9873046875;1.988525390625;2.0068359375;2.001953125;1.993408203125;1.9970703125;1.983642578125;1.986083984375;1.993408203125;1.990966796875;1.998291015625;2.008056640625;1.99951171875;1.981201171875;1.97021484375;1.97021484375;1.990966796875;1.99951171875;1.993408203125;2.001953125;2.0068359375;2.000732421875;1.990966796875;1.97998046875;1.97998046875;1.993408203125;1.990966796875;1.998291015625;2.01416015625;2.008056640625;2.000732421875;2.000732421875;1.986083984375;1.98486328125;1.99462890625;1.99951171875;2.01416015625;2.017822265625;1.993408203125;2.00927734375;2.003173828125;1.978759765625;1.982421875;1.98974609375;1.9970703125;2.01171875;2.003173828125;1.990966796875;1.993408203125;1.9775390625;1.97021484375;1.986083984375;1.9921875;2.00439453125;2.012939453125;1.993408203125;1.9970703125;1.99462890625;1.964111328125;1.983642578125;1.9775390625
2024-08-29 15:31:20.791611;2.00439453125;1.9873046875;2.00439453125;1.993408203125;1.990966796875;1.988525390625;1.98486328125;1.9970703125;1.993408203125;1.9921875;1.998291015625;1.986083984375;1.986083984375;1.983642578125;1.986083984375;2.003173828125;2.003173828125;1.9970703125;2.01171875;1.99462890625;1.9873046875;1.986083984375;1.99462890625;2.005615234375;1.99462890625;1.988525390625;1.98974609375;1.97998046875;1.981201171875;1.97509765625;1.981201171875;2.005615234375;2.003173828125;1.9921875;2.003173828125;1.986083984375;1.981201171875;1.986083984375;1.98974609375;2.000732421875;2.010498046875;1.993408203125;1.99951171875;2.000732421875;1.9873046875;1.983642578125;1.986083984375;1.9921875;2.010498046875;2.010498046875;1.988525390625;2.00439453125;2.000732421875;1.986083984375;1.986083984375;1.988525390625;1.9921875;2.00927734375;1.993408203125;1.993408203125;2.000732421875;1.986083984375;1.98974609375;1.990966796875;1.986083984375;1.993408203125;2.003173828125;1.995849609375;2.0068359375;1.99462890625;1.9775390625;1.978759765625;1.97998046875;1.98486328125;1.99462890625;1.98974609375;1.99462890625;1.99951171875;1.98974609375;1.9873046875;1.986083984375;1.981201171875;1.9921875;2.008056640625;1.98974609375;1.9970703125;1.9970703125;1.982421875;1.9873046875;1.982421875;1.981201171875;2.000732421875;2.003173828125;1.99462890625;1.995849609375;1.990966796875;1.986083984375;1.99462890625;1.97021484375;1.956787109375
2024-08-29 15:31:20.823378;1.986083984375;2.005615234375;2.001953125;2.01171875;2.022705078125;1.998291015625;1.968994140625;1.95556640625;1.983642578125;2.005615234375;2.001953125;2.01416015625;2.010498046875;2.003173828125;1.96533203125;1.96044921875;2.000732421875;1.995849609375;1.993408203125;2.010498046875;2.010498046875;1.96533203125;1.954345703125;1.943359375;1.9873046875;1.998291015625;2.00439453125;2.01904296875;2.017822265625;1.97265625;1.96533203125;1.954345703125;1.9970703125;1.998291015625;2.005615234375;2.017822265625;2.02392578125;1.9970703125;1.97021484375;1.962890625;1.97021484375;2.003173828125;2.005615234375;2.012939453125;2.01904296875;2.01171875;1.986083984375;1.964111328125;1.951904296875;1.986083984375;2.0068359375;2.001953125;2.008056640625;2.015380859375;2.001953125;1.978759765625;1.983642578125;1.971435546875;1.99462890625;2.001953125;2.000732421875;2.00927734375;2.01416015625;1.982421875;1.97509765625;1.961669921875;1.9873046875;2.00439453125;1.99462890625;2.00439453125;2.01416015625;2.012939453125;1.97021484375;1.962890625;1.95556640625;1.990966796875;2.00439453125;1.99462890625;2.0068359375;2.000732421875;1.988525390625;1.978759765625;1.97509765625;1.976318359375;2.015380859375;1.995849609375;1.98974609375;2.00927734375;2.0166015625;1.982421875;1.976318359375;1.961669921875;1.9970703125;2.001953125;1.990966796875;2.00439453125;2.01171875;2.0166015625;1.978759765625;1.9921875
2024-08-29 15:31:20.839325;2.0166015625;1.98974609375;1.978759765625;1.98486328125;2.022705078125;1.9970703125;1.9873046875;2.003173828125;2.000732421875;2.001953125;1.981201171875;1.986083984375;2.000732421875;1.97998046875;1.971435546875;1.990966796875;1.9970703125;1.98486328125;1.98486328125;1.973876953125;1.995849609375;1.990966796875;1.978759765625;2.0068359375;2.00439453125;1.9921875;1.97998046875;1.97509765625;2.010498046875;1.990966796875;1.98486328125;2.003173828125;1.993408203125;1.98486328125;1.988525390625;1.97509765625;1.9921875;2.003173828125;1.978759765625;1.98974609375;2.0068359375;1.9970703125;2.00927734375;1.993408203125;1.976318359375;2.001953125;1.995849609375;1.983642578125;2.001953125;2.00439453125;2.005615234375;2.010498046875;1.998291015625;1.98974609375;2.00927734375;1.98974609375;1.990966796875;2.005615234375;1.993408203125;2.003173828125;1.99951171875;1.981201171875;2.005615234375;1.990966796875;1.97021484375;1.983642578125;2.010498046875;1.99951171875;2.008056640625;1.995849609375;1.978759765625;1.998291015625;1.981201171875;1.9775390625;1.99462890625;1.9970703125;2.000732421875;2.008056640625;1.97998046875;1.983642578125;1.99462890625;1.97998046875;1.9921875;2.01171875;1.9921875;1.998291015625;1.995849609375;1.9873046875;2.005615234375;1.983642578125;1.97021484375;1.98974609375;2.00439453125;1.99462890625;1.99951171875;1.982421875;1.995849609375;2.010498046875;1.976318359375;1.968994140625
2024-08-29 15:31:20.902684;2.000732421875;1.990966796875;1.97021484375;1.986083984375;1.982421875;1.9775390625;1.99951171875;2.000732421875;2.000732421875;1.981201171875;1.9677734375;1.988525390625;1.993408203125;1.993408203125;2.008056640625;2.0068359375;2.010498046875;1.9921875;1.978759765625;1.99951171875;1.9970703125;1.993408203125;2.001953125;2.0068359375;2.000732421875;1.976318359375;1.973876953125;1.9921875;1.98486328125;1.99951171875;2.010498046875;2.000732421875;2.003173828125;1.986083984375;1.97509765625;1.9970703125;1.988525390625;1.986083984375;1.998291015625;1.998291015625;2.0068359375;2.001953125;1.97998046875;1.981201171875;1.99951171875;1.98486328125;1.971435546875;1.986083984375;1.990966796875;2.010498046875;2.001953125;1.973876953125;1.983642578125;2.000732421875;1.978759765625;1.978759765625;1.99462890625;2.0166015625;2.008056640625;1.9873046875;1.97021484375;1.9921875;1.99462890625;1.978759765625;1.98974609375;1.995849609375;2.012939453125;2.0068359375;1.982421875;1.978759765625;1.995849609375;1.9775390625;1.97509765625;1.9873046875;2.003173828125;2.001953125;1.98486328125;1.97021484375;1.986083984375;2.003173828125;1.976318359375;1.988525390625;2.005615234375;2.015380859375;2.00439453125;1.990966796875;1.973876953125;1.9970703125;1.998291015625;1.982421875;1.990966796875;2.0166015625;2.01171875;1.993408203125;1.9775390625;1.983642578125;2.001953125;1.97998046875;1.968994140625;2.00439453125
2024-08-29 15:31:20.933850;1.9970703125;1.98974609375;2.001953125;2.010498046875;1.993408203125;1.978759765625;1.96533203125;2.001953125;1.998291015625;2.001953125;2.020263671875;2.010498046875;1.96533203125;1.9482421875;1.9677734375;2.01416015625;2.010498046875;2.01904296875;2.025146484375;1.998291015625;1.964111328125;1.9677734375;1.964111328125;2.012939453125;2.005615234375;2.01416015625;2.01904296875;1.9921875;1.968994140625;1.9580078125;1.97509765625;2.015380859375;2.008056640625;2.01171875;2.021484375;2.003173828125;1.966552734375;1.968994140625;1.959228515625;1.995849609375;2.01171875;2.00927734375;2.01904296875;2.020263671875;1.988525390625;1.97021484375;1.9677734375;1.964111328125;2.010498046875;2.000732421875;2.003173828125;2.0166015625;2.008056640625;1.97265625;1.986083984375;1.9677734375;1.97021484375;2.00927734375;1.9970703125;2.000732421875;2.01904296875;1.993408203125;1.9873046875;1.988525390625;1.96044921875;2.000732421875;2.001953125;1.993408203125;2.0068359375;2.0166015625;1.9775390625;1.982421875;1.97265625;1.973876953125;2.01171875;1.993408203125;1.990966796875;2.0068359375;2.000732421875;1.97998046875;1.988525390625;1.9677734375;1.983642578125;2.00927734375;1.98974609375;2.000732421875;2.021484375;1.9873046875;1.99462890625;1.982421875;1.956787109375;2.003173828125;1.998291015625;1.9921875;2.01171875;2.020263671875;1.9921875;1.978759765625;2.00439453125;2.00439453125
2024-08-29 15:31:20.949336;1.983642578125;1.981201171875;1.986083984375;2.01904296875;1.9921875;1.998291015625;2.00927734375;2.010498046875;1.98486328125;1.971435546875;1.990966796875;2.015380859375;1.98486328125;1.990966796875;2.01904296875;1.99462890625;1.983642578125;1.968994140625;1.9775390625;2.01416015625;1.993408203125;1.9970703125;2.008056640625;1.998291015625;1.97998046875;1.96044921875;1.99462890625;2.00927734375;1.98974609375;1.998291015625;2.01416015625;1.9921875;1.982421875;1.968994140625;1.973876953125;2.01171875;2.01171875;2.010498046875;2.01416015625;2.0068359375;1.9775390625;1.9677734375;1.956787109375;1.993408203125;1.9970703125;1.97509765625;1.983642578125;2.003173828125;1.9921875;1.9873046875;1.973876953125;1.968994140625;2.005615234375;2.005615234375;1.9921875;2.008056640625;2.010498046875;2.001953125;1.982421875;1.971435546875;2.000732421875;2.01904296875;1.9970703125;1.98974609375;2.00439453125;2.00439453125;1.978759765625;1.97021484375;1.97021484375;2.008056640625;2.001953125;1.982421875;1.99462890625;2.010498046875;2.008056640625;1.9921875;1.97509765625;1.9921875;2.0068359375;1.973876953125;1.968994140625;1.988525390625;2.00439453125;1.982421875;1.971435546875;1.966552734375;2.003173828125;2.01171875;1.981201171875;1.98486328125;1.99462890625;2.00927734375;2.001953125;1.981201171875;1.99951171875;2.017822265625;1.99951171875;1.982421875;1.988525390625;2.01416015625
2024-08-29 15:31:20.980228;1.990966796875;2.001953125;2.0166015625;2.000732421875;1.976318359375;1.959228515625;1.993408203125;2.008056640625;1.98486328125;1.99462890625;2.008056640625;1.97998046875;1.9775390625;1.962890625;1.993408203125;2.003173828125;1.983642578125;1.99462890625;2.001953125;1.995849609375;1.983642578125;1.98486328125;2.010498046875;1.98974609375;1.98486328125;1.998291015625;2.005615234375;1.9775390625;1.976318359375;1.964111328125;1.998291015625;2.000732421875;1.98486328125;1.995849609375;2.005615234375;1.998291015625;1.978759765625;1.96044921875;1.9921875;2.01171875;1.98486328125;1.988525390625;2.0068359375;2.0166015625;1.983642578125;1.97265625;1.968994140625;2.005615234375;1.9970703125;1.978759765625;1.993408203125;2.003173828125;2.000732421875;1.983642578125;1.97265625;1.982421875;2.0068359375;1.983642578125;1.9873046875;2.00439453125;2.01416015625;1.97998046875;1.97509765625;1.96533203125;1.98974609375;2.010498046875;1.995849609375;2.001953125;2.010498046875;2.008056640625;1.981201171875;1.966552734375;1.971435546875;2.008056640625;1.9970703125;1.998291015625;2.008056640625;2.01171875;1.98486328125;1.9775390625;1.966552734375;1.9775390625;2.005615234375;2.003173828125;2.010498046875;2.022705078125;2.01904296875;1.990966796875;1.976318359375;1.961669921875;1.993408203125;2.00439453125;1.99951171875;2.005615234375;2.0068359375;1.981201171875;1.954345703125;1.953125;2.01171875;1.97998046875
2024-08-29 15:31:21.057740;1.995849609375;2.010498046875;2.00927734375;1.99951171875;1.982421875;1.976318359375;1.988525390625;1.98974609375;2.00439453125;1.99951171875;2.001953125;1.99951171875;1.978759765625;1.981201171875;1.9921875;1.99951171875;2.003173828125;2.00927734375;1.998291015625;1.993408203125;1.981201171875;1.986083984375;1.99951171875;1.9921875;1.998291015625;2.001953125;1.990966796875;1.9873046875;1.97021484375;1.9873046875;1.998291015625;1.993408203125;1.99951171875;2.00927734375;2.001953125;1.993408203125;1.986083984375;1.986083984375;2.001953125;1.99951171875;1.990966796875;2.00439453125;2.0068359375;2.003173828125;1.99951171875;1.982421875;1.97998046875;1.98974609375;1.98974609375;1.998291015625;2.010498046875;2.001953125;1.990966796875;1.993408203125;1.978759765625;1.98974609375;1.995849609375;1.98486328125;1.99951171875;2.00439453125;1.986083984375;2.0068359375;1.993408203125;1.97509765625;1.98486328125;1.98486328125;1.98974609375;2.0068359375;1.98974609375;2.000732421875;2.008056640625;1.981201171875;1.971435546875;1.98974609375;1.9873046875;1.990966796875;2.001953125;1.9873046875;1.998291015625;1.990966796875;1.973876953125;1.99462890625;2.00927734375;1.998291015625;2.005615234375;1.99951171875;1.986083984375;1.99462890625;1.983642578125;1.97265625;1.9921875;1.998291015625;2.000732421875;2.01416015625;1.98974609375;2.003173828125;1.9970703125;1.98486328125;1.96533203125;1.97998046875
2024-08-29 15:31:21.105232;1.97265625;1.9580078125;2.000732421875;2.005615234375;2.020263671875;2.020263671875;1.9775390625;1.986083984375;1.97265625;1.968994140625;2.001953125;2.008056640625;2.01904296875;1.9921875;1.964111328125;1.97998046875;1.97265625;1.97021484375;2.0166015625;2.032470703125;2.0361328125;1.9921875;1.9775390625;1.978759765625;1.968994140625;1.971435546875;2.008056640625;2.03369140625;2.02880859375;1.976318359375;1.97998046875;1.993408203125;1.97998046875;1.968994140625;1.990966796875;2.025146484375;2.037353515625;2.005615234375;1.9775390625;1.982421875;1.983642578125;1.97998046875;1.983642578125;2.010498046875;2.0166015625;2.021484375;1.98974609375;1.97509765625;1.97509765625;1.973876953125;1.97021484375;1.981201171875;2.008056640625;2.02392578125;2.005615234375;1.983642578125;1.98486328125;1.978759765625;1.9775390625;1.97998046875;2.000732421875;2.015380859375;2.02880859375;2.001953125;1.98974609375;1.9921875;1.990966796875;1.9775390625;1.983642578125;1.995849609375;1.988525390625;1.998291015625;1.986083984375;1.98974609375;1.9970703125;1.982421875;1.97509765625;1.995849609375;1.998291015625;1.998291015625;2.001953125;1.982421875;1.990966796875;1.98974609375;1.982421875;1.978759765625;1.995849609375;1.9921875;2.008056640625;1.99462890625;1.995849609375;2.008056640625;1.9873046875;1.973876953125;1.98974609375;1.9775390625;1.986083984375;2.0068359375;1.995849609375;1.9970703125
2024-08-29 15:31:21.137126;2.005615234375;2.003173828125;1.99462890625;1.966552734375;1.968994140625;1.99462890625;1.998291015625;2.005615234375;2.01416015625;2.008056640625;1.981201171875;1.97021484375;1.97509765625;2.001953125;1.990966796875;2.000732421875;2.00927734375;2.001953125;1.981201171875;1.966552734375;1.981201171875;1.9970703125;2.001953125;2.01171875;2.017822265625;2.001953125;1.97998046875;1.968994140625;1.988525390625;2.000732421875;1.998291015625;2.010498046875;2.01171875;1.99951171875;1.9921875;1.97998046875;1.988525390625;1.998291015625;1.99462890625;1.9970703125;2.0068359375;1.99951171875;1.983642578125;1.962890625;1.962890625;1.982421875;2.003173828125;1.9970703125;2.003173828125;2.00927734375;2.003173828125;1.993408203125;1.983642578125;1.973876953125;1.99951171875;1.993408203125;1.995849609375;2.008056640625;2.005615234375;1.99951171875;1.98486328125;1.97265625;1.97998046875;1.9970703125;1.99462890625;1.990966796875;2.001953125;1.995849609375;2.000732421875;1.990966796875;1.97265625;1.988525390625;1.993408203125;1.995849609375;2.000732421875;1.993408203125;1.988525390625;2.003173828125;1.993408203125;1.986083984375;1.988525390625;1.98974609375;1.998291015625;2.005615234375;1.986083984375;1.9921875;2.0068359375;1.998291015625;1.988525390625;1.98974609375;1.98974609375;1.9970703125;2.001953125;1.988525390625;1.995849609375;1.98974609375;1.981201171875;1.986083984375;1.964111328125;1.959228515625
2024-08-29 15:31:21.184789;1.953125;2.000732421875;2.000732421875;2.01171875;2.030029296875;1.983642578125;1.97998046875;1.990966796875;1.962890625;1.9970703125;2.008056640625;2.0166015625;2.022705078125;1.9775390625;1.99951171875;1.98486328125;1.9580078125;1.993408203125;1.9921875;2.00927734375;2.0166015625;1.986083984375;1.988525390625;1.9677734375;1.9775390625;2.008056640625;1.99951171875;2.008056640625;2.01171875;1.9970703125;1.9873046875;1.96533203125;1.981201171875;2.000732421875;1.981201171875;1.97998046875;2.001953125;2.001953125;1.986083984375;1.97509765625;1.962890625;1.98486328125;2.00927734375;1.99951171875;2.015380859375;2.017822265625;1.9970703125;1.990966796875;1.97509765625;1.9775390625;2.00439453125;1.9873046875;1.98486328125;2.008056640625;2.01416015625;1.9970703125;1.976318359375;1.96533203125;1.990966796875;1.995849609375;1.97998046875;1.98974609375;2.001953125;2.008056640625;1.9921875;1.973876953125;1.9677734375;1.998291015625;1.9970703125;1.993408203125;2.010498046875;2.01416015625;1.988525390625;1.981201171875;1.973876953125;1.983642578125;2.00927734375;1.99951171875;2.000732421875;2.015380859375;2.0068359375;1.995849609375;1.983642578125;1.971435546875;1.9970703125;1.9970703125;1.982421875;1.998291015625;2.022705078125;2.00439453125;1.9873046875;1.9677734375;1.97265625;2.0068359375;1.9970703125;1.988525390625;1.9970703125;2.000732421875;1.98486328125;1.99951171875
2024-08-29 15:31:21.215910;2.015380859375;2.0068359375;1.966552734375;1.97021484375;2.001953125;2.000732421875;1.990966796875;2.00927734375;2.015380859375;2.001953125;1.959228515625;1.964111328125;2.008056640625;1.99462890625;1.990966796875;2.008056640625;2.015380859375;1.9970703125;1.964111328125;1.97998046875;2.00927734375;1.99951171875;1.9970703125;2.00927734375;2.001953125;1.99462890625;1.971435546875;1.98974609375;1.9970703125;1.986083984375;1.9873046875;2.00927734375;2.0068359375;1.995849609375;1.9677734375;1.968994140625;1.99462890625;1.998291015625;1.98974609375;2.003173828125;2.008056640625;2.00439453125;1.976318359375;1.95068359375;1.976318359375;2.00439453125;1.995849609375;1.995849609375;2.01171875;2.010498046875;1.9970703125;1.956787109375;1.954345703125;1.993408203125;2.00439453125;1.99951171875;2.008056640625;2.01416015625;2.00927734375;1.986083984375;1.954345703125;1.968994140625;2.001953125;1.995849609375;1.998291015625;2.01171875;2.01171875;1.995849609375;1.961669921875;1.951904296875;1.9970703125;2.015380859375;1.9921875;1.99462890625;2.001953125;2.010498046875;2.008056640625;1.982421875;1.9775390625;2.012939453125;1.99462890625;1.97265625;1.982421875;2.000732421875;2.012939453125;1.98486328125;1.971435546875;1.9873046875;2.01904296875;1.99462890625;1.981201171875;1.99462890625;2.00439453125;2.015380859375;1.995849609375;1.97998046875;2.001953125;1.9921875;2.005615234375;1.9873046875
2024-08-29 15:31:21.215910;1.988525390625;1.9873046875;1.98974609375;1.981201171875;2.001953125;1.998291015625;1.99462890625;2.012939453125;1.986083984375;1.981201171875;1.9775390625;1.9677734375;1.9970703125;1.99951171875;1.995849609375;2.005615234375;1.986083984375;1.998291015625;1.99462890625;1.981201171875;1.995849609375;1.982421875;1.9921875;2.015380859375;1.99951171875;2.00439453125;1.9921875;1.982421875;1.998291015625;1.9775390625;1.97998046875;1.998291015625;1.986083984375;1.99951171875;1.98974609375;1.973876953125;1.99951171875;1.97998046875;1.968994140625;1.993408203125;2.000732421875;2.003173828125;2.01416015625;1.9921875;1.988525390625;2.000732421875;1.97509765625;1.981201171875;2.001953125;1.99951171875;2.0068359375;1.99462890625;1.973876953125;1.998291015625;1.98974609375;1.973876953125;1.988525390625;2.008056640625;1.9921875;1.990966796875;1.976318359375;1.982421875;2.00927734375;1.988525390625;1.98486328125;2.00439453125;2.0068359375;1.998291015625;2.001953125;1.981201171875;1.990966796875;1.995849609375;1.982421875;1.98974609375;2.01171875;2.005615234375;2.003173828125;1.9873046875;1.978759765625;1.998291015625;1.988525390625;1.995849609375;2.001953125;1.990966796875;2.001953125;1.9970703125;1.973876953125;1.982421875;1.986083984375;1.98486328125;1.993408203125;2.001953125;2.000732421875;1.995849609375;1.9873046875;1.976318359375;1.9921875;1.99462890625;1.986083984375;1.971435546875
2024-08-29 15:31:21.215910;1.986083984375;1.981201171875;2.003173828125;2.0068359375;1.99462890625;2.00927734375;1.990966796875;1.978759765625;1.993408203125;1.990966796875;1.998291015625;2.000732421875;1.98486328125;1.9970703125;1.961669921875;1.9775390625;1.9873046875;1.990966796875;2.0068359375;2.001953125;1.97265625;1.976318359375;1.9580078125;1.986083984375;1.998291015625;2.000732421875;2.0166015625;2.003173828125;1.9873046875;1.993408203125;1.9677734375;1.9921875;1.998291015625;1.995849609375;2.00439453125;2.008056640625;1.9921875;1.9921875;1.97509765625;1.9677734375;1.9921875;1.998291015625;2.005615234375;2.0166015625;2.00439453125;1.98486328125;1.9873046875;1.961669921875;1.988525390625;2.003173828125;2.001953125;2.005615234375;2.010498046875;1.99951171875;1.98974609375;1.981201171875;1.973876953125;1.98974609375;1.99951171875;1.998291015625;2.008056640625;2.005615234375;1.9921875;1.995849609375;1.97021484375;1.966552734375;1.988525390625;1.98974609375;1.9970703125;2.012939453125;2.00439453125;1.98974609375;1.981201171875;1.968994140625;1.988525390625;1.99951171875;1.9970703125;2.003173828125;2.003173828125;2.005615234375;2.001953125;1.97998046875;1.976318359375;1.986083984375;1.981201171875;1.990966796875;1.99951171875;2.005615234375;1.995849609375;1.97998046875;1.9775390625;1.990966796875;1.9921875;1.9873046875;1.99951171875;2.0068359375;2.008056640625;1.998291015625;1.98486328125;1.99951171875
2024-08-29 15:31:21.262173;2.015380859375;1.99951171875;1.995849609375;1.982421875;1.962890625;1.990966796875;1.9921875;1.98486328125;2.02880859375;2.02880859375;1.99951171875;1.966552734375;1.978759765625;2.01171875;1.99462890625;1.981201171875;2.0068359375;2.005615234375;1.9970703125;1.97021484375;1.959228515625;1.986083984375;1.981201171875;2.003173828125;2.032470703125;2.010498046875;1.9970703125;1.96533203125;1.971435546875;1.993408203125;1.990966796875;2.00927734375;2.027587890625;2.0166015625;1.993408203125;1.966552734375;1.961669921875;1.990966796875;2.000732421875;1.986083984375;2.00927734375;2.0263671875;2.0068359375;1.978759765625;1.959228515625;1.968994140625;1.9873046875;1.998291015625;2.005615234375;2.0166015625;1.995849609375;1.988525390625;1.98974609375;1.982421875;1.97998046875;1.993408203125;1.99462890625;2.00439453125;2.0068359375;1.993408203125;1.9921875;1.981201171875;1.971435546875;1.981201171875;1.99951171875;2.010498046875;2.010498046875;1.99951171875;1.995849609375;1.9873046875;1.981201171875;1.981201171875;1.99462890625;1.98974609375;1.9970703125;2.005615234375;1.9873046875;1.993408203125;1.9921875;1.9775390625;1.983642578125;2.001953125;2.005615234375;2.010498046875;1.983642578125;1.982421875;2.00439453125;1.988525390625;1.9677734375;1.981201171875;1.9873046875;1.998291015625;2.0263671875;2.021484375;2.00927734375;1.982421875;1.962890625;1.976318359375;1.973876953125;2.005615234375
2024-08-29 15:31:21.293251;1.98486328125;1.981201171875;1.9970703125;1.99951171875;1.98486328125;1.971435546875;1.990966796875;2.005615234375;1.983642578125;1.986083984375;2.0068359375;1.98974609375;2.003173828125;1.9921875;1.983642578125;2.001953125;1.995849609375;2.00439453125;1.99951171875;1.9921875;2.005615234375;1.982421875;1.973876953125;1.990966796875;1.99462890625;2.005615234375;1.995849609375;2.003173828125;2.00927734375;1.988525390625;1.978759765625;1.9921875;1.99462890625;2.001953125;1.99462890625;1.981201171875;1.998291015625;1.9921875;1.97998046875;1.9775390625;1.986083984375;1.998291015625;2.00439453125;1.9921875;1.9970703125;2.008056640625;1.995849609375;1.993408203125;1.981201171875;1.983642578125;2.003173828125;1.99462890625;1.978759765625;1.9970703125;1.99462890625;1.973876953125;1.978759765625;1.993408203125;2.001953125;2.010498046875;1.98974609375;1.99462890625;2.000732421875;1.983642578125;1.97998046875;1.97998046875;1.98974609375;2.000732421875;2.00927734375;1.986083984375;2.005615234375;2.008056640625;1.9873046875;1.976318359375;1.986083984375;2.000732421875;2.012939453125;1.995849609375;1.9873046875;1.993408203125;1.976318359375;1.966552734375;1.976318359375;2.00927734375;2.015380859375;2.02880859375;1.99951171875;1.966552734375;1.971435546875;1.953125;1.961669921875;2.015380859375;2.00927734375;2.012939453125;2.027587890625;1.98974609375;1.995849609375;1.995849609375;2.005615234375;2.005615234375
2024-08-29 15:31:21.356699;1.983642578125;1.98974609375;1.9921875;1.995849609375;2.005615234375;2.005615234375;2.008056640625;2.003173828125;1.982421875;1.986083984375;1.99462890625;1.993408203125;2.00439453125;2.00439453125;1.9970703125;1.982421875;1.968994140625;1.981201171875;1.986083984375;1.981201171875;1.99951171875;1.993408203125;1.9970703125;1.9873046875;1.97509765625;1.986083984375;1.998291015625;2.003173828125;2.008056640625;1.9970703125;2.00439453125;1.993408203125;1.97998046875;1.986083984375;1.993408203125;1.990966796875;2.000732421875;2.001953125;2.000732421875;2.00439453125;1.988525390625;1.983642578125;1.993408203125;1.982421875;1.983642578125;1.990966796875;1.995849609375;2.005615234375;2.003173828125;1.995849609375;1.998291015625;1.986083984375;1.976318359375;1.99462890625;1.99462890625;1.986083984375;2.008056640625;2.005615234375;1.9921875;1.986083984375;1.983642578125;1.9970703125;2.008056640625;1.98974609375;1.99951171875;1.9970703125;1.986083984375;1.988525390625;1.993408203125;1.97021484375;1.976318359375;1.990966796875;1.998291015625;2.000732421875;1.993408203125;1.982421875;1.99462890625;1.993408203125;1.986083984375;1.988525390625;1.998291015625;2.010498046875;1.9970703125;1.986083984375;1.9873046875;2.010498046875;1.988525390625;1.988525390625;2.000732421875;1.990966796875;2.005615234375;2.000732421875;1.98486328125;1.998291015625;1.993408203125;1.983642578125;1.990966796875;1.995849609375;1.998291015625;1.986083984375
2024-08-29 15:31:21.404539;1.99951171875;2.01171875;2.001953125;2.001953125;1.982421875;1.988525390625;1.99462890625;1.982421875;2.00439453125;2.005615234375;1.97998046875;1.9775390625;1.959228515625;1.9873046875;2.0068359375;1.9970703125;2.01171875;2.012939453125;1.9873046875;1.981201171875;1.97265625;2.003173828125;2.003173828125;1.995849609375;2.012939453125;1.990966796875;1.97265625;1.9775390625;1.97021484375;1.990966796875;2.012939453125;2.021484375;2.0263671875;1.983642578125;1.97998046875;1.988525390625;1.982421875;1.9775390625;1.998291015625;2.01171875;2.022705078125;2.00927734375;1.96533203125;1.971435546875;1.97509765625;1.959228515625;1.976318359375;2.0068359375;1.99951171875;2.010498046875;1.99951171875;1.9677734375;1.978759765625;1.968994140625;1.9580078125;1.9921875;2.010498046875;2.01416015625;2.0166015625;1.978759765625;1.971435546875;1.98974609375;1.97998046875;1.971435546875;1.99951171875;2.00439453125;2.017822265625;2.01171875;1.978759765625;1.9970703125;1.99462890625;1.976318359375;1.98974609375;2.012939453125;2.020263671875;2.021484375;1.98486328125;1.971435546875;1.986083984375;1.976318359375;1.96533203125;1.998291015625;2.005615234375;2.008056640625;2.012939453125;1.990966796875;1.99462890625;1.99462890625;1.978759765625;1.981201171875;1.9970703125;1.998291015625;2.01171875;1.990966796875;1.973876953125;1.986083984375;1.983642578125;1.9775390625;1.990966796875;1.98974609375
2024-08-29 15:31:21.420486;1.973876953125;1.98486328125;1.978759765625;1.978759765625;1.998291015625;1.99951171875;1.99462890625;1.990966796875;1.981201171875;1.9970703125;1.98974609375;1.993408203125;2.003173828125;1.99951171875;1.99462890625;1.981201171875;1.9775390625;1.983642578125;1.986083984375;2.001953125;1.9970703125;2.005615234375;1.99462890625;1.982421875;1.9873046875;1.99462890625;1.983642578125;1.993408203125;1.99951171875;2.001953125;1.998291015625;1.98486328125;1.9873046875;1.99462890625;1.986083984375;1.990966796875;1.995849609375;1.9970703125;1.995849609375;1.9873046875;1.978759765625;1.995849609375;1.993408203125;1.993408203125;2.00439453125;1.993408203125;1.99462890625;1.990966796875;1.971435546875;1.981201171875;1.9921875;1.990966796875;1.9970703125;2.00439453125;1.998291015625;2.01171875;2.003173828125;1.98974609375;1.98974609375;1.990966796875;1.98974609375;2.000732421875;2.008056640625;1.998291015625;2.000732421875;1.9873046875;1.9873046875;1.99462890625;1.995849609375;1.9921875;2.00439453125;2.003173828125;2.005615234375;1.99951171875;1.98486328125;1.982421875;1.98974609375;1.9873046875;1.990966796875;1.995849609375;1.986083984375;2.00927734375;2.012939453125;1.990966796875;1.9873046875;1.990966796875;1.98974609375;2.001953125;2.000732421875;1.9873046875;2.005615234375;1.99951171875;1.982421875;1.98486328125;1.983642578125;1.988525390625;1.993408203125;1.9873046875;1.976318359375;1.98974609375
2024-08-29 15:31:21.436118;1.990966796875;2.01416015625;2.015380859375;1.99951171875;2.003173828125;1.981201171875;1.97509765625;1.99462890625;1.98974609375;1.99951171875;2.0166015625;1.998291015625;1.99951171875;1.978759765625;1.97265625;1.98486328125;1.9873046875;2.003173828125;1.99951171875;1.98974609375;1.9970703125;1.981201171875;1.966552734375;1.988525390625;2.001953125;2.017822265625;2.00439453125;1.986083984375;1.98974609375;1.971435546875;1.98974609375;1.99951171875;1.99462890625;2.00439453125;1.99951171875;1.983642578125;1.986083984375;1.978759765625;1.971435546875;1.993408203125;1.99951171875;1.988525390625;2.003173828125;1.9921875;1.97998046875;1.998291015625;1.981201171875;1.9677734375;1.981201171875;1.990966796875;2.00439453125;1.998291015625;1.982421875;1.9873046875;2.001953125;1.986083984375;1.983642578125;1.9970703125;2.005615234375;2.0068359375;1.99462890625;1.982421875;1.99951171875;1.99951171875;1.97998046875;1.986083984375;1.995849609375;2.012939453125;2.0068359375;1.98974609375;1.9775390625;2.000732421875;1.9873046875;1.97509765625;1.993408203125;2.00439453125;2.015380859375;2.010498046875;1.98486328125;1.982421875;1.995849609375;1.9775390625;1.9775390625;1.9970703125;2.01171875;2.003173828125;1.990966796875;1.978759765625;1.998291015625;1.998291015625;1.97265625;1.98486328125;2.005615234375;2.01171875;2.00439453125;1.9921875;1.983642578125;2.00927734375;1.998291015625;1.986083984375
2024-08-29 15:31:21.499369;1.99462890625;1.99951171875;1.981201171875;1.981201171875;1.98486328125;1.978759765625;1.990966796875;2.000732421875;2.005615234375;2.000732421875;1.98486328125;1.986083984375;2.003173828125;1.98486328125;1.98486328125;2.000732421875;1.99951171875;1.98974609375;1.97998046875;1.982421875;1.9970703125;1.986083984375;1.990966796875;2.005615234375;1.99462890625;1.976318359375;1.97021484375;1.981201171875;2.00439453125;2.000732421875;2.008056640625;2.0166015625;2.000732421875;1.998291015625;1.990966796875;1.978759765625;1.9873046875;1.998291015625;1.99951171875;2.01416015625;2.008056640625;1.976318359375;1.97998046875;1.976318359375;1.9775390625;2.000732421875;1.993408203125;1.993408203125;2.00927734375;1.98974609375;1.9775390625;1.98974609375;1.973876953125;1.978759765625;2.000732421875;2.012939453125;2.020263671875;2.015380859375;1.98486328125;1.9873046875;1.981201171875;1.968994140625;1.98974609375;2.01416015625;2.012939453125;2.01904296875;1.99951171875;1.9775390625;1.982421875;1.97509765625;1.9873046875;2.01416015625;1.998291015625;2.005615234375;2.020263671875;1.995849609375;1.9775390625;1.97998046875;1.962890625;1.97265625;2.008056640625;2.017822265625;2.032470703125;2.01904296875;1.978759765625;1.9873046875;1.973876953125;1.961669921875;1.98486328125;2.005615234375;2.01416015625;2.02392578125;1.990966796875;1.971435546875;1.983642578125;1.96044921875;1.964111328125;2.003173828125;1.968994140625;1.97265625
2024-08-29 15:31:21.530816;2.01171875;2.022705078125;2.017822265625;2.027587890625;1.990966796875;1.978759765625;1.978759765625;1.973876953125;2.001953125;2.008056640625;2.020263671875;2.01904296875;1.978759765625;1.988525390625;1.97265625;1.9677734375;2.0068359375;1.995849609375;2.012939453125;2.02880859375;1.986083984375;1.97265625;1.964111328125;1.9873046875;2.022705078125;1.998291015625;2.0068359375;2.01904296875;1.98974609375;1.968994140625;1.9677734375;1.9921875;2.00927734375;1.978759765625;1.983642578125;2.010498046875;2.00439453125;1.97998046875;1.973876953125;1.968994140625;1.995849609375;1.9921875;1.973876953125;1.998291015625;2.010498046875;1.9921875;1.98486328125;1.97021484375;1.981201171875;2.005615234375;1.976318359375;1.97021484375;2.01416015625;2.022705078125;1.99462890625;1.982421875;1.986083984375;2.00927734375;1.9775390625;1.947021484375;1.96533203125;1.98486328125;2.012939453125;2.012939453125;1.995849609375;1.998291015625;1.99462890625;1.962890625;1.96533203125;1.981201171875;2.005615234375;2.015380859375;2.00439453125;1.99462890625;2.00927734375;1.9921875;1.96044921875;1.971435546875;1.990966796875;2.01904296875;2.022705078125;2.005615234375;1.9970703125;1.986083984375;1.97265625;1.99462890625;1.99462890625;1.988525390625;2.010498046875;2.015380859375;2.008056640625;2.000732421875;1.982421875;1.97509765625;2.000732421875;1.99951171875;1.97998046875;1.998291015625;2.000732421875;1.986083984375
2024-08-29 15:31:21.562484;1.9970703125;1.99951171875;1.99462890625;2.00439453125;1.9873046875;1.9873046875;1.99462890625;1.993408203125;2.000732421875;1.988525390625;1.98486328125;1.995849609375;1.97021484375;1.97021484375;1.986083984375;2.00927734375;2.020263671875;2.005615234375;1.9970703125;1.993408203125;1.966552734375;1.981201171875;1.993408203125;1.9921875;2.021484375;2.015380859375;2.000732421875;1.978759765625;1.961669921875;1.982421875;1.98486328125;1.98486328125;2.000732421875;2.005615234375;2.0068359375;2.0068359375;1.97265625;1.9677734375;1.978759765625;1.9873046875;2.010498046875;2.017822265625;1.995849609375;1.99462890625;1.98486328125;1.97021484375;1.98486328125;1.986083984375;1.993408203125;2.0068359375;2.00439453125;1.99462890625;1.993408203125;1.976318359375;1.990966796875;2.008056640625;1.998291015625;1.986083984375;2.000732421875;1.990966796875;1.986083984375;1.982421875;1.959228515625;1.968994140625;1.981201171875;1.988525390625;2.00927734375;2.005615234375;1.993408203125;2.001953125;1.993408203125;1.9677734375;1.97998046875;1.993408203125;1.99951171875;2.01171875;2.000732421875;1.9921875;1.993408203125;1.9873046875;1.995849609375;1.998291015625;1.9921875;2.00439453125;2.001953125;1.988525390625;1.982421875;1.98486328125;1.95556640625;1.964111328125;1.982421875;1.99462890625;2.015380859375;2.005615234375;1.98486328125;1.995849609375;1.98486328125;1.966552734375;1.990966796875;2.000732421875
2024-08-29 15:31:21.672647;1.9482421875;1.9970703125;2.022705078125;2.008056640625;1.988525390625;1.99462890625;2.02392578125;1.983642578125;1.981201171875;1.993408203125;2.008056640625;2.00439453125;1.983642578125;1.99462890625;2.001953125;1.9775390625;1.98486328125;2.00439453125;2.005615234375;2.001953125;1.990966796875;2.008056640625;1.99462890625;1.9482421875;1.966552734375;2.000732421875;2.0068359375;1.995849609375;1.978759765625;2.001953125;2.003173828125;1.9677734375;1.973876953125;2.00927734375;2.02392578125;2.001953125;1.982421875;1.986083984375;2.008056640625;1.97998046875;1.951904296875;1.976318359375;2.000732421875;2.021484375;2.015380859375;2.000732421875;2.00927734375;2.00927734375;1.966552734375;1.962890625;1.993408203125;2.010498046875;2.008056640625;1.9921875;1.98486328125;1.99951171875;1.96533203125;1.954345703125;1.9677734375;1.9921875;2.01171875;2.00927734375;1.995849609375;1.9970703125;1.990966796875;1.9580078125;1.962890625;1.98974609375;2.0166015625;2.01416015625;1.998291015625;1.9873046875;1.998291015625;1.990966796875;1.982421875;1.99462890625;1.99462890625;1.98486328125;1.99951171875;1.99462890625;1.97998046875;1.97998046875;1.986083984375;2.00439453125;2.0166015625;2.010498046875;1.98974609375;2.000732421875;1.998291015625;1.9921875;1.986083984375;1.983642578125;1.99951171875;2.000732421875;1.986083984375;1.9970703125;1.998291015625;1.988525390625;2.012939453125;2.0068359375
2024-08-29 15:31:21.673086;1.988525390625;2.001953125;1.99462890625;1.971435546875;1.986083984375;1.99951171875;2.00439453125;2.005615234375;1.988525390625;2.00439453125;1.9970703125;1.97509765625;1.988525390625;2.005615234375;2.001953125;1.98974609375;1.983642578125;2.010498046875;1.9921875;1.978759765625;1.993408203125;2.0068359375;2.010498046875;1.995849609375;1.990966796875;2.000732421875;1.971435546875;1.981201171875;1.9970703125;2.001953125;2.010498046875;2.000732421875;1.983642578125;1.988525390625;1.97998046875;1.988525390625;2.0068359375;1.998291015625;1.98974609375;2.005615234375;1.995849609375;1.9873046875;1.9921875;1.97998046875;1.993408203125;2.008056640625;1.9921875;1.990966796875;1.9970703125;1.990966796875;1.990966796875;1.990966796875;1.995849609375;2.00927734375;2.001953125;1.978759765625;1.9970703125;1.993408203125;1.983642578125;1.98486328125;1.97998046875;1.99462890625;2.0068359375;1.990966796875;1.9921875;2.001953125;1.98974609375;1.988525390625;1.983642578125;1.982421875;2.00439453125;2.005615234375;1.976318359375;1.988525390625;1.9921875;1.982421875;1.978759765625;1.982421875;1.998291015625;2.015380859375;2.003173828125;1.9873046875;2.0068359375;2.003173828125;1.990966796875;1.981201171875;1.986083984375;2.005615234375;2.008056640625;1.978759765625;1.990966796875;1.995849609375;1.9873046875;1.9873046875;1.98486328125;1.995849609375;2.012939453125;1.99951171875;1.97998046875;1.97509765625
2024-08-29 15:31:21.782021;1.97509765625;1.9873046875;1.99951171875;2.0068359375;1.990966796875;1.9970703125;1.995849609375;1.986083984375;1.983642578125;1.981201171875;1.990966796875;2.005615234375;1.98486328125;1.990966796875;1.99462890625;1.97509765625;1.981201171875;2.000732421875;2.015380859375;2.012939453125;1.97998046875;1.98974609375;1.9873046875;1.973876953125;1.983642578125;1.9970703125;2.003173828125;2.00439453125;1.9775390625;1.98974609375;1.993408203125;1.98486328125;1.982421875;1.981201171875;1.993408203125;1.995849609375;1.982421875;1.988525390625;1.99951171875;1.995849609375;1.993408203125;1.982421875;1.988525390625;2.010498046875;2.010498046875;1.981201171875;1.993408203125;1.995849609375;1.976318359375;1.976318359375;1.995849609375;2.008056640625;2.015380859375;1.9970703125;1.981201171875;2.000732421875;1.986083984375;1.968994140625;1.98974609375;2.0068359375;2.01416015625;2.015380859375;1.9775390625;1.97998046875;1.995849609375;1.986083984375;1.9775390625;1.982421875;1.99951171875;2.012939453125;1.99951171875;1.983642578125;2.00439453125;1.9921875;1.983642578125;1.9775390625;1.982421875;2.000732421875;2.01171875;1.993408203125;1.998291015625;2.0068359375;1.988525390625;1.97265625;1.98486328125;1.993408203125;2.00927734375;2.008056640625;1.988525390625;2.001953125;2.00439453125;1.9775390625;1.9677734375;1.97509765625;1.993408203125;2.00927734375;1.9970703125;1.983642578125;1.971435546875;1.988525390625
2024-08-29 15:31:21.829448;1.982421875;1.993408203125;2.0068359375;1.988525390625;1.998291015625;2.0068359375;1.988525390625;1.9775390625;1.9873046875;2.00439453125;2.010498046875;1.982421875;1.9921875;2.001953125;1.97998046875;1.976318359375;1.9921875;2.01416015625;2.021484375;1.982421875;1.99462890625;2.003173828125;1.995849609375;1.98486328125;1.986083984375;2.003173828125;2.005615234375;1.9873046875;2.001953125;1.990966796875;1.986083984375;1.978759765625;1.97998046875;1.988525390625;1.998291015625;1.986083984375;1.99462890625;2.003173828125;1.98974609375;1.97509765625;1.97509765625;1.9873046875;2.005615234375;2.012939453125;1.988525390625;1.995849609375;1.9970703125;1.9873046875;1.973876953125;1.981201171875;1.993408203125;2.008056640625;1.9970703125;1.9921875;1.99951171875;1.98486328125;1.978759765625;1.97021484375;1.97998046875;1.9921875;2.000732421875;1.993408203125;2.0068359375;2.00439453125;1.995849609375;1.986083984375;1.986083984375;1.995849609375;2.00927734375;2.005615234375;1.9921875;2.008056640625;1.99462890625;1.982421875;1.9775390625;1.99462890625;2.00927734375;2.015380859375;1.99462890625;1.988525390625;1.9970703125;1.9873046875;1.983642578125;1.982421875;1.98974609375;2.00439453125;2.008056640625;1.990966796875;1.9970703125;1.986083984375;1.981201171875;1.990966796875;1.99951171875;1.993408203125;2.003173828125;2.00439453125;1.990966796875;1.983642578125;1.99462890625;1.995849609375
2024-08-29 15:31:21.875740;1.98486328125;2.001953125;2.000732421875;1.988525390625;2.010498046875;1.998291015625;1.982421875;1.982421875;1.998291015625;2.015380859375;1.998291015625;1.986083984375;1.99951171875;1.98974609375;1.983642578125;1.9775390625;1.982421875;2.001953125;1.982421875;1.9873046875;1.99951171875;1.983642578125;1.97998046875;1.983642578125;2.001953125;2.01416015625;1.99462890625;1.9970703125;2.000732421875;1.981201171875;1.978759765625;1.9873046875;1.99951171875;2.0166015625;2.01416015625;1.97998046875;1.98974609375;1.988525390625;1.97021484375;1.981201171875;1.98974609375;2.008056640625;2.008056640625;1.98486328125;1.97998046875;1.993408203125;1.986083984375;1.983642578125;1.97998046875;1.978759765625;1.990966796875;1.993408203125;1.981201171875;1.990966796875;1.990966796875;1.98974609375;1.986083984375;1.982421875;1.993408203125;2.001953125;1.9921875;1.9921875;1.998291015625;1.99462890625;1.9970703125;1.9921875;1.986083984375;1.998291015625;2.000732421875;1.988525390625;1.990966796875;1.99462890625;1.97509765625;1.9775390625;1.9775390625;1.99462890625;2.01416015625;2.008056640625;1.97998046875;1.995849609375;1.99462890625;1.97998046875;1.98486328125;1.990966796875;1.998291015625;2.00439453125;1.98974609375;1.98486328125;2.003173828125;1.9873046875;1.983642578125;1.99462890625;2.008056640625;2.020263671875;2.015380859375;1.983642578125;1.99462890625;1.995849609375;2.000732421875;2.003173828125
2024-08-29 15:31:21.922806;2.010498046875;1.9970703125;1.97998046875;1.97021484375;1.9921875;2.0068359375;1.9873046875;1.993408203125;1.995849609375;1.98974609375;1.982421875;1.97998046875;2.005615234375;2.01171875;1.9873046875;1.998291015625;2.003173828125;1.990966796875;1.982421875;1.98486328125;2.008056640625;2.003173828125;1.976318359375;1.995849609375;1.9970703125;1.9873046875;1.97509765625;1.99462890625;2.022705078125;2.015380859375;1.983642578125;1.995849609375;1.9921875;1.973876953125;1.962890625;1.966552734375;1.998291015625;2.0068359375;1.981201171875;1.978759765625;1.99951171875;1.9970703125;1.98486328125;1.9677734375;1.978759765625;2.0068359375;2.012939453125;1.988525390625;1.995849609375;2.003173828125;1.990966796875;1.9775390625;1.968994140625;1.995849609375;2.010498046875;1.993408203125;1.99462890625;2.0068359375;2.00927734375;1.99951171875;1.9873046875;1.9677734375;1.983642578125;1.995849609375;1.9873046875;2.008056640625;2.0263671875;2.01416015625;1.990966796875;1.96044921875;1.973876953125;2.000732421875;1.995849609375;1.98974609375;2.012939453125;2.0166015625;2.010498046875;2.010498046875;1.96533203125;1.964111328125;1.97265625;1.97265625;2.0068359375;2.02880859375;2.01904296875;2.01416015625;1.98974609375;1.956787109375;1.97021484375;1.9873046875;2.005615234375;2.01416015625;2.0166015625;2.005615234375;2.003173828125;1.986083984375;1.968994140625;1.983642578125;2.01416015625;1.968994140625
2024-08-29 15:31:21.954144;1.96533203125;1.982421875;2.012939453125;2.010498046875;1.9921875;2.000732421875;2.012939453125;1.966552734375;1.96533203125;1.9921875;2.032470703125;2.015380859375;1.978759765625;2.000732421875;2.000732421875;1.962890625;1.97021484375;2.0068359375;2.0068359375;1.983642578125;1.97265625;1.966552734375;2.005615234375;1.99951171875;1.9970703125;2.01171875;1.978759765625;1.978759765625;1.968994140625;1.97265625;2.015380859375;2.01904296875;2.015380859375;2.017822265625;1.982421875;1.97265625;1.97998046875;1.968994140625;1.981201171875;2.00927734375;2.003173828125;2.010498046875;2.00439453125;1.971435546875;1.9921875;1.98974609375;1.9677734375;1.986083984375;2.00439453125;2.001953125;2.00927734375;1.98486328125;1.998291015625;2.008056640625;1.990966796875;1.97998046875;1.9873046875;1.990966796875;2.003173828125;1.995849609375;1.981201171875;2.003173828125;2.001953125;1.976318359375;1.976318359375;1.995849609375;1.990966796875;1.9970703125;1.988525390625;1.981201171875;2.001953125;1.993408203125;1.982421875;1.98486328125;1.995849609375;2.001953125;2.000732421875;1.9677734375;1.998291015625;2.0166015625;1.983642578125;1.961669921875;1.9921875;2.00927734375;2.020263671875;1.990966796875;1.9775390625;2.000732421875;1.988525390625;1.968994140625;1.981201171875;2.0068359375;2.01171875;2.015380859375;1.98974609375;1.978759765625;1.9873046875;1.976318359375;1.990966796875;2.00439453125
2024-08-29 15:31:21.969837;1.998291015625;1.9873046875;1.986083984375;1.995849609375;2.00927734375;1.99951171875;1.988525390625;1.99951171875;1.982421875;1.97509765625;1.976318359375;1.98974609375;2.005615234375;2.001953125;1.998291015625;2.001953125;1.988525390625;1.971435546875;1.97265625;1.986083984375;2.005615234375;2.00439453125;1.99462890625;2.012939453125;1.998291015625;1.9775390625;1.990966796875;2.001953125;2.012939453125;1.995849609375;1.9873046875;2.000732421875;1.9921875;1.976318359375;1.976318359375;1.9921875;2.010498046875;2.00927734375;1.981201171875;2.003173828125;2.001953125;1.98486328125;1.968994140625;1.978759765625;1.99951171875;2.012939453125;2.001953125;1.988525390625;2.003173828125;1.990966796875;1.971435546875;1.982421875;1.993408203125;2.012939453125;2.0166015625;1.98974609375;1.978759765625;1.995849609375;1.976318359375;1.96533203125;1.98486328125;1.99462890625;2.010498046875;2.003173828125;1.97509765625;1.990966796875;1.993408203125;1.973876953125;1.97509765625;1.993408203125;2.010498046875;2.017822265625;1.99462890625;1.976318359375;1.998291015625;1.97998046875;1.971435546875;1.990966796875;1.998291015625;2.00439453125;2.015380859375;1.990966796875;1.97509765625;1.982421875;1.968994140625;1.976318359375;2.001953125;2.005615234375;2.00927734375;2.001953125;1.973876953125;1.981201171875;1.981201171875;1.966552734375;1.981201171875;2.00439453125;2.0166015625;2.020263671875;1.990966796875;2.00439453125
2024-08-29 15:31:22.031347;1.982421875;1.976318359375;1.97998046875;2.008056640625;2.015380859375;1.982421875;2.00439453125;2.000732421875;1.9921875;1.988525390625;1.998291015625;2.00927734375;2.010498046875;1.981201171875;1.993408203125;1.993408203125;1.9775390625;1.978759765625;1.982421875;2.00439453125;2.005615234375;1.983642578125;1.99462890625;1.986083984375;1.9873046875;1.98486328125;1.986083984375;2.00439453125;1.998291015625;1.983642578125;2.000732421875;1.9921875;1.983642578125;1.983642578125;1.986083984375;1.9921875;2.0068359375;1.9921875;1.98974609375;1.99951171875;1.986083984375;1.9775390625;1.993408203125;2.003173828125;2.015380859375;2.012939453125;1.97998046875;1.988525390625;1.993408203125;1.968994140625;1.97265625;1.98974609375;2.003173828125;2.017822265625;1.995849609375;1.976318359375;1.993408203125;1.9921875;1.98974609375;1.9873046875;1.9775390625;1.986083984375;1.9921875;1.9921875;2.008056640625;2.00439453125;1.990966796875;1.98974609375;1.962890625;1.97021484375;1.9873046875;2.001953125;2.00927734375;2.01904296875;2.01171875;2.0068359375;2.00439453125;1.98486328125;1.98974609375;1.998291015625;1.99462890625;2.003173828125;2.010498046875;1.995849609375;1.9921875;1.97998046875;1.97021484375;1.981201171875;1.990966796875;1.98974609375;2.003173828125;2.001953125;1.993408203125;1.99462890625;1.966552734375;1.9677734375;1.97998046875;1.983642578125;1.971435546875;1.988525390625
2024-08-29 15:31:22.062459;1.995849609375;2.010498046875;2.015380859375;1.9921875;1.9921875;1.978759765625;1.97021484375;1.99462890625;1.9970703125;1.995849609375;2.01171875;1.99951171875;1.99951171875;1.986083984375;1.981201171875;1.995849609375;1.998291015625;1.99951171875;1.998291015625;1.982421875;1.995849609375;1.98486328125;1.971435546875;1.982421875;1.99462890625;2.003173828125;1.995849609375;1.97998046875;2.00439453125;1.981201171875;1.95556640625;1.9775390625;2.01416015625;2.017822265625;2.0068359375;1.986083984375;1.990966796875;2.0068359375;1.981201171875;1.990966796875;1.995849609375;1.988525390625;1.99951171875;1.986083984375;1.976318359375;1.9921875;1.990966796875;1.986083984375;1.99462890625;2.001953125;1.99951171875;1.9970703125;1.981201171875;1.97998046875;2.00439453125;1.9873046875;1.986083984375;1.995849609375;2.000732421875;1.99951171875;1.9873046875;1.9775390625;1.998291015625;2.005615234375;1.9921875;1.99951171875;2.001953125;1.99951171875;2.003173828125;1.988525390625;1.97998046875;1.981201171875;1.978759765625;1.988525390625;2.001953125;1.98974609375;1.995849609375;2.000732421875;1.986083984375;1.993408203125;2.0068359375;1.99951171875;2.003173828125;2.003173828125;1.990966796875;1.99462890625;1.988525390625;1.981201171875;1.99462890625;2.001953125;1.9873046875;2.00439453125;2.01171875;2.00439453125;1.998291015625;1.97998046875;1.9775390625;1.998291015625;1.9970703125;1.9775390625
2024-08-29 15:31:22.107846;1.983642578125;1.995849609375;2.0068359375;1.98486328125;1.97998046875;1.988525390625;2.00927734375;2.012939453125;1.981201171875;1.9921875;1.990966796875;1.982421875;1.98486328125;1.97998046875;1.995849609375;1.99951171875;1.982421875;2.000732421875;1.990966796875;1.986083984375;1.981201171875;1.99462890625;2.01416015625;2.003173828125;1.995849609375;2.012939453125;1.99462890625;1.9677734375;1.97265625;1.986083984375;2.00439453125;2.00439453125;1.986083984375;2.000732421875;1.998291015625;1.973876953125;1.9873046875;2.003173828125;2.01171875;2.01171875;1.990966796875;1.978759765625;1.998291015625;1.990966796875;1.973876953125;1.9775390625;1.9873046875;2.00439453125;1.99951171875;1.981201171875;1.998291015625;1.993408203125;1.973876953125;1.96533203125;1.97509765625;1.9921875;2.005615234375;1.990966796875;1.976318359375;1.99951171875;1.995849609375;1.9775390625;1.98486328125;2.001953125;2.0166015625;2.015380859375;1.988525390625;1.983642578125;1.998291015625;1.98486328125;1.97265625;1.981201171875;1.998291015625;2.01171875;1.9970703125;1.97509765625;1.995849609375;1.998291015625;1.988525390625;1.973876953125;1.982421875;2.001953125;2.01416015625;1.990966796875;1.993408203125;2.003173828125;1.9921875;1.995849609375;1.995849609375;1.990966796875;2.000732421875;2.0068359375;1.9921875;1.99951171875;2.000732421875;1.98974609375;1.986083984375;1.9921875;1.998291015625;1.995849609375
2024-08-29 15:31:22.138930;1.988525390625;1.9677734375;1.97509765625;1.990966796875;1.98974609375;2.000732421875;1.995849609375;1.998291015625;1.9873046875;1.973876953125;1.9873046875;1.988525390625;1.9921875;1.9921875;1.982421875;2.00439453125;1.993408203125;1.983642578125;1.995849609375;1.998291015625;1.995849609375;1.995849609375;1.98486328125;1.99462890625;1.973876953125;1.966552734375;1.978759765625;1.98974609375;2.00439453125;2.0166015625;2.003173828125;1.993408203125;1.988525390625;1.9921875;2.005615234375;2.0068359375;1.982421875;1.9921875;1.995849609375;1.98486328125;1.986083984375;1.99462890625;2.000732421875;2.0068359375;1.9873046875;1.990966796875;2.01171875;1.9970703125;1.99462890625;1.9873046875;1.976318359375;1.988525390625;2.003173828125;1.993408203125;2.00439453125;2.0068359375;1.993408203125;1.99951171875;1.988525390625;1.986083984375;1.99951171875;1.99951171875;2.000732421875;2.008056640625;1.990966796875;1.98974609375;1.98974609375;1.97998046875;1.9873046875;1.99462890625;1.988525390625;1.998291015625;1.993408203125;1.988525390625;2.00927734375;2.003173828125;1.97265625;1.962890625;1.97998046875;2.001953125;1.995849609375;1.98486328125;1.9970703125;2.010498046875;1.964111328125;1.951904296875;1.97265625;2.017822265625;2.0166015625;2.003173828125;1.993408203125;2.000732421875;2.005615234375;1.986083984375;1.990966796875;1.9970703125;1.990966796875;1.9921875;2.003173828125;1.99951171875
2024-08-29 15:31:22.185383;1.97509765625;1.990966796875;1.983642578125;1.97265625;1.98974609375;1.990966796875;2.010498046875;1.995849609375;1.9921875;2.005615234375;1.9873046875;1.986083984375;2.01171875;2.012939453125;2.01904296875;1.986083984375;1.9873046875;1.9970703125;1.973876953125;1.97509765625;1.99951171875;2.005615234375;2.015380859375;1.97998046875;1.97998046875;1.981201171875;1.97021484375;1.978759765625;1.995849609375;2.00927734375;2.01171875;1.97509765625;1.99462890625;2.00927734375;1.9873046875;1.968994140625;1.9873046875;2.00927734375;2.021484375;2.003173828125;1.973876953125;1.98974609375;1.983642578125;1.96533203125;1.9873046875;2.00927734375;2.0166015625;2.017822265625;1.97998046875;1.988525390625;2.0068359375;1.986083984375;1.966552734375;1.97998046875;2.003173828125;2.012939453125;2.000732421875;1.97021484375;2.000732421875;2.001953125;1.976318359375;1.95556640625;1.9775390625;2.001953125;2.01416015625;1.9873046875;1.981201171875;1.9970703125;1.982421875;1.973876953125;1.9873046875;2.00927734375;2.021484375;2.022705078125;1.9873046875;1.982421875;1.993408203125;1.978759765625;1.9775390625;2.005615234375;2.01416015625;2.01904296875;1.9970703125;1.981201171875;2.003173828125;1.99462890625;1.976318359375;1.968994140625;1.988525390625;2.003173828125;2.0068359375;1.9775390625;1.97998046875;1.99951171875;1.97998046875;1.97509765625;2.005615234375;2.0166015625;1.9873046875;1.973876953125
2024-08-29 15:31:22.200952;1.976318359375;1.99951171875;2.001953125;1.981201171875;2.000732421875;1.9921875;1.98974609375;1.9970703125;1.98486328125;1.99951171875;2.005615234375;1.993408203125;1.998291015625;1.98486328125;1.97998046875;1.98974609375;1.995849609375;2.012939453125;2.003173828125;1.976318359375;1.99462890625;1.97998046875;1.971435546875;1.981201171875;1.9921875;2.00927734375;2.001953125;1.990966796875;2.00439453125;1.993408203125;2.001953125;1.98974609375;1.96533203125;1.97265625;1.988525390625;2.00439453125;2.01171875;1.993408203125;1.986083984375;1.995849609375;1.973876953125;1.97021484375;1.9873046875;2.00439453125;2.015380859375;2.005615234375;1.98486328125;1.990966796875;2.003173828125;1.97265625;1.9775390625;1.990966796875;1.99951171875;2.01416015625;2.005615234375;1.988525390625;1.99462890625;1.97998046875;1.976318359375;1.99462890625;2.000732421875;1.99951171875;2.003173828125;1.995849609375;1.99462890625;1.988525390625;1.971435546875;1.97509765625;1.9921875;1.9970703125;2.005615234375;2.00439453125;1.98974609375;1.99951171875;1.9873046875;1.97998046875;1.993408203125;2.003173828125;1.990966796875;1.99462890625;1.998291015625;1.978759765625;1.982421875;1.990966796875;2.000732421875;2.0166015625;2.00927734375;1.986083984375;1.9921875;1.98486328125;1.97998046875;1.978759765625;1.983642578125;2.003173828125;2.00927734375;1.998291015625;1.98974609375;2.001953125;2.00439453125;2.008056640625
2024-08-29 15:31:22.216349;1.998291015625;1.983642578125;1.9970703125;2.000732421875;1.97998046875;1.9873046875;2.008056640625;1.995849609375;1.9873046875;1.97509765625;1.9873046875;2.000732421875;1.97998046875;1.9921875;2.010498046875;2.005615234375;1.995849609375;1.97998046875;1.99462890625;1.9921875;1.978759765625;1.993408203125;2.00927734375;2.000732421875;1.982421875;1.973876953125;1.995849609375;1.986083984375;1.968994140625;1.986083984375;2.005615234375;2.01416015625;2.00439453125;1.9873046875;1.998291015625;2.000732421875;1.97509765625;1.976318359375;2.003173828125;2.01171875;2.001953125;1.993408203125;1.983642578125;2.0068359375;1.99951171875;1.978759765625;1.99462890625;2.008056640625;2.00927734375;2.000732421875;1.98486328125;1.988525390625;1.998291015625;1.97265625;1.971435546875;1.98974609375;2.010498046875;2.010498046875;1.998291015625;1.98486328125;2.005615234375;2.008056640625;1.9775390625;1.9873046875;2.00927734375;2.010498046875;2.003173828125;1.98486328125;1.973876953125;2.001953125;1.998291015625;1.98974609375;2.005615234375;2.0068359375;2.003173828125;1.995849609375;1.97998046875;1.986083984375;2.000732421875;1.9873046875;1.9921875;1.993408203125;1.98486328125;1.99462890625;1.988525390625;1.981201171875;1.990966796875;1.983642578125;1.98974609375;1.99951171875;1.98974609375;1.988525390625;2.003173828125;1.9873046875;1.98974609375;1.98974609375;1.973876953125;1.98486328125;2.00439453125;1.988525390625
2024-08-29 15:31:22.262567;1.961669921875;1.9775390625;2.01904296875;2.03125;2.01416015625;1.995849609375;2.00927734375;1.982421875;1.949462890625;1.96533203125;1.9970703125;2.020263671875;2.01171875;1.998291015625;2.00439453125;1.9580078125;1.954345703125;1.973876953125;2.008056640625;2.01904296875;1.99951171875;1.9970703125;2.003173828125;1.9580078125;1.9580078125;1.97021484375;1.99951171875;2.025146484375;2.01171875;2.010498046875;1.99951171875;1.959228515625;1.9677734375;1.99951171875;2.008056640625;2.008056640625;2.00439453125;1.990966796875;1.98486328125;1.9921875;1.993408203125;1.995849609375;1.99951171875;1.98974609375;1.993408203125;1.995849609375;1.98486328125;1.983642578125;1.978759765625;1.978759765625;1.995849609375;2.003173828125;1.98974609375;2.000732421875;1.995849609375;1.990966796875;1.990966796875;1.988525390625;1.99462890625;2.005615234375;1.995849609375;1.99951171875;1.9970703125;1.982421875;1.982421875;1.983642578125;1.990966796875;2.001953125;2.0068359375;1.986083984375;1.9921875;1.995849609375;1.990966796875;1.993408203125;1.978759765625;1.973876953125;1.978759765625;1.982421875;1.9921875;2.0068359375;1.99951171875;2.000732421875;1.99462890625;1.97265625;1.978759765625;1.995849609375;2.003173828125;2.003173828125;1.9921875;1.993408203125;2.012939453125;1.99462890625;1.981201171875;1.988525390625;1.99462890625;2.00927734375;2.01171875;1.9970703125;1.986083984375;1.986083984375
2024-08-29 15:31:22.310672;2.00439453125;2.000732421875;1.978759765625;2.000732421875;1.990966796875;1.9775390625;1.971435546875;1.9873046875;2.012939453125;2.00439453125;1.988525390625;2.003173828125;1.993408203125;1.9873046875;1.97509765625;1.988525390625;2.00927734375;1.993408203125;1.9775390625;2.003173828125;1.9970703125;1.98486328125;1.9873046875;2.00439453125;2.021484375;2.005615234375;1.993408203125;2.005615234375;1.98974609375;1.9873046875;1.9873046875;1.9873046875;1.995849609375;1.9873046875;1.981201171875;1.998291015625;1.988525390625;1.986083984375;1.9873046875;1.9677734375;1.97509765625;1.993408203125;1.99951171875;2.003173828125;2.0068359375;1.990966796875;1.99951171875;1.98486328125;1.954345703125;1.964111328125;1.98486328125;2.01171875;2.022705078125;2.0068359375;1.998291015625;2.003173828125;1.976318359375;1.98486328125;1.986083984375;1.983642578125;2.005615234375;2.010498046875;1.995849609375;1.9970703125;1.986083984375;1.954345703125;1.97021484375;1.981201171875;1.981201171875;2.012939453125;2.01416015625;1.9970703125;1.98974609375;1.9677734375;1.97998046875;1.9970703125;1.988525390625;1.99951171875;2.017822265625;2.015380859375;2.001953125;1.983642578125;1.98486328125;2.0068359375;2.00927734375;1.982421875;1.993408203125;2.008056640625;1.995849609375;1.98974609375;1.96533203125;1.97021484375;1.98974609375;1.986083984375;1.990966796875;2.0068359375;2.01416015625;2.008056640625;2.01171875;2.010498046875
2024-08-29 15:31:22.326243;1.98974609375;2.005615234375;2.003173828125;1.971435546875;1.9873046875;2.01904296875;2.00927734375;1.98974609375;1.982421875;2.010498046875;2.008056640625;1.968994140625;1.976318359375;2.005615234375;2.0068359375;1.986083984375;1.9775390625;2.000732421875;1.971435546875;1.947021484375;1.97509765625;2.021484375;2.012939453125;1.9921875;1.98486328125;2.017822265625;2.001953125;1.973876953125;1.99462890625;2.01171875;2.00439453125;1.98486328125;1.982421875;2.010498046875;2.00439453125;1.973876953125;1.986083984375;2.01416015625;2.003173828125;1.97998046875;1.968994140625;1.973876953125;2.005615234375;1.9921875;1.97265625;2.000732421875;2.020263671875;1.9970703125;1.986083984375;1.97509765625;1.98974609375;2.00927734375;1.973876953125;1.97998046875;2.021484375;2.01171875;1.9775390625;1.96533203125;1.964111328125;1.998291015625;2.021484375;2.0068359375;2.022705078125;2.020263671875;1.981201171875;1.961669921875;1.95556640625;1.971435546875;2.0166015625;2.01416015625;1.998291015625;2.021484375;2.017822265625;1.97998046875;1.95556640625;1.9580078125;1.998291015625;2.0166015625;1.986083984375;2.001953125;2.022705078125;1.990966796875;1.97509765625;1.959228515625;1.9580078125;1.9921875;2.010498046875;2.01416015625;1.9970703125;1.9677734375;1.995849609375;2.010498046875;1.990966796875;1.97509765625;1.968994140625;1.9921875;2.010498046875;2.003173828125;2.01416015625;2.0068359375
2024-08-29 15:31:22.357004;2.0068359375;2.025146484375;1.9921875;1.978759765625;1.978759765625;1.97998046875;2.0068359375;2.0068359375;2.0068359375;2.025146484375;2.008056640625;1.9921875;1.98974609375;1.983642578125;1.99951171875;1.9873046875;1.988525390625;2.012939453125;1.995849609375;1.97265625;1.968994140625;1.976318359375;2.00927734375;1.978759765625;1.97509765625;2.000732421875;2.020263671875;1.986083984375;1.97509765625;1.986083984375;1.986083984375;1.973876953125;1.9921875;1.993408203125;2.0263671875;2.01416015625;1.982421875;1.97509765625;2.001953125;1.986083984375;1.98974609375;2.01904296875;1.993408203125;2.01416015625;2.003173828125;1.9775390625;1.982421875;2.000732421875;1.962890625;1.983642578125;1.990966796875;1.99462890625;2.022705078125;2.003173828125;1.990966796875;1.98974609375;2.003173828125;1.993408203125;1.988525390625;1.99462890625;1.998291015625;2.022705078125;2.001953125;1.983642578125;1.98974609375;1.983642578125;1.961669921875;2.0068359375;2.00927734375;1.9970703125;2.017822265625;1.993408203125;1.983642578125;1.98974609375;1.9921875;1.968994140625;1.981201171875;1.9873046875;2.00927734375;2.020263671875;1.98486328125;1.97021484375;1.97509765625;1.9921875;1.96044921875;1.978759765625;1.993408203125;2.015380859375;2.02392578125;2.000732421875;1.986083984375;1.9873046875;1.97998046875;1.97998046875;2.000732421875;2.000732421875;2.000732421875;2.00927734375;1.983642578125;1.9873046875
2024-08-29 15:31:22.403968;1.983642578125;1.9921875;2.01904296875;1.990966796875;2.000732421875;2.0068359375;1.988525390625;1.976318359375;1.976318359375;1.976318359375;1.993408203125;1.99951171875;1.990966796875;2.010498046875;1.986083984375;1.981201171875;1.978759765625;1.97265625;1.98486328125;1.995849609375;2.003173828125;2.001953125;1.98974609375;1.983642578125;1.9873046875;1.976318359375;1.993408203125;2.00439453125;2.008056640625;2.01171875;2.003173828125;1.982421875;1.9775390625;1.983642578125;1.97998046875;1.9775390625;1.9873046875;2.000732421875;2.012939453125;1.9921875;1.9873046875;1.981201171875;1.9921875;1.976318359375;1.982421875;1.995849609375;2.005615234375;2.008056640625;1.990966796875;1.9873046875;1.981201171875;1.982421875;1.98486328125;1.97998046875;2.001953125;2.0068359375;2.00927734375;2.001953125;1.9921875;1.9873046875;1.98974609375;1.995849609375;1.973876953125;1.9921875;2.000732421875;2.001953125;2.003173828125;1.993408203125;1.98486328125;1.988525390625;1.99462890625;1.983642578125;1.983642578125;1.995849609375;1.9970703125;2.008056640625;2.000732421875;1.988525390625;1.99462890625;1.993408203125;1.998291015625;1.981201171875;1.986083984375;1.9921875;2.005615234375;2.0166015625;1.9873046875;1.966552734375;1.971435546875;1.9921875;2.00927734375;2.001953125;1.993408203125;1.99462890625;2.0166015625;2.003173828125;1.96533203125;1.961669921875;1.99462890625;1.995849609375
2024-08-29 15:31:22.513998;1.990966796875;1.9775390625;1.961669921875;1.9677734375;1.98974609375;2.020263671875;2.032470703125;2.01904296875;2.01171875;2.01171875;2.003173828125;1.993408203125;1.978759765625;1.964111328125;1.97021484375;1.995849609375;2.01171875;2.01416015625;1.995849609375;1.96533203125;1.9775390625;1.993408203125;2.003173828125;1.978759765625;1.9580078125;1.96044921875;1.962890625;1.998291015625;2.010498046875;1.9873046875;1.986083984375;1.9970703125;2.003173828125;2.010498046875;2.01416015625;2.015380859375;2.017822265625;2.012939453125;2.008056640625;1.986083984375;1.97265625;1.982421875;1.9970703125;2.000732421875;1.986083984375;1.97265625;1.966552734375;1.97998046875;1.9873046875;1.995849609375;1.99951171875;1.99462890625;1.971435546875;1.954345703125;1.97021484375;1.97998046875;2.01416015625;2.03125;1.993408203125;1.971435546875;1.97265625;1.995849609375;2.0068359375;2.0166015625;2.0263671875;2.001953125;1.983642578125;1.982421875;2.00439453125;2.02880859375;2.022705078125;1.993408203125;1.97021484375;1.961669921875;1.9677734375;1.9775390625;1.98486328125;1.993408203125;1.99462890625;1.9921875;1.998291015625;2.001953125;2.021484375;2.017822265625;1.983642578125;1.961669921875;1.97265625;1.993408203125;2.005615234375;2.003173828125;1.988525390625;1.993408203125;2.010498046875;2.00439453125;1.998291015625;2.00439453125;2.00927734375;1.993408203125;1.983642578125;1.988525390625
2024-08-29 15:31:22.545436;1.981201171875;1.982421875;1.9775390625;1.97021484375;1.97998046875;1.981201171875;2.00927734375;1.99462890625;1.988525390625;2.003173828125;1.9921875;1.983642578125;1.97509765625;1.998291015625;2.0068359375;2.00927734375;1.990966796875;1.982421875;1.986083984375;2.0068359375;2.021484375;2.01171875;2.001953125;1.982421875;1.95556640625;1.961669921875;1.982421875;1.99462890625;1.990966796875;1.98486328125;1.983642578125;1.9873046875;1.9970703125;1.9873046875;1.978759765625;1.98486328125;1.983642578125;2.000732421875;1.998291015625;1.97998046875;1.995849609375;2.010498046875;2.0166015625;2.003173828125;2.0068359375;2.00439453125;2.005615234375;2.010498046875;1.9921875;1.990966796875;1.9873046875;1.98974609375;1.9873046875;1.983642578125;1.986083984375;1.998291015625;2.01416015625;2.001953125;1.99951171875;1.99462890625;1.988525390625;1.988525390625;1.9873046875;2.000732421875;1.990966796875;1.978759765625;1.981201171875;1.968994140625;1.97509765625;1.983642578125;1.99951171875;1.99951171875;2.01171875;2.008056640625;1.97509765625;1.968994140625;1.993408203125;1.98486328125;1.998291015625;2.01171875;2.0166015625;1.982421875;1.968994140625;1.97265625;1.971435546875;1.990966796875;2.012939453125;2.0166015625;1.9970703125;1.9873046875;1.976318359375;1.982421875;1.982421875;1.973876953125;1.9677734375;1.971435546875;1.99462890625;1.998291015625;1.993408203125;1.99951171875
2024-08-29 15:31:22.576777;1.99462890625;1.97509765625;1.97265625;1.986083984375;1.998291015625;2.015380859375;2.017822265625;1.99462890625;1.998291015625;1.99951171875;1.97509765625;1.990966796875;2.0263671875;2.015380859375;1.973876953125;1.98486328125;1.98974609375;1.9970703125;1.995849609375;1.99462890625;2.008056640625;2.005615234375;2.01171875;2.00439453125;1.971435546875;2.01416015625;2.00927734375;1.995849609375;2.00439453125;1.9921875;1.968994140625;1.96044921875;1.949462890625;1.968994140625;1.995849609375;2.010498046875;1.995849609375;1.978759765625;1.98974609375;1.978759765625;1.99951171875;2.012939453125;2.00439453125;2.022705078125;2.020263671875;1.99462890625;1.973876953125;1.9775390625;1.983642578125;1.96533203125;1.983642578125;2.003173828125;2.030029296875;2.00439453125;1.99951171875;1.978759765625;1.95068359375;1.9677734375;1.9921875;1.99951171875;2.0068359375;1.988525390625;1.97021484375;1.97021484375;1.973876953125;1.982421875;1.995849609375;2.03369140625;2.020263671875;2.020263671875;1.983642578125;1.9677734375;1.98486328125;1.99951171875;1.998291015625;2.005615234375;1.988525390625;1.983642578125;1.976318359375;1.982421875;1.998291015625;2.00927734375;1.998291015625;2.000732421875;2.008056640625;2.01416015625;1.986083984375;1.97998046875;2.003173828125;2.01171875;2.003173828125;1.986083984375;1.973876953125;1.96044921875;1.956787109375;1.988525390625;1.99462890625;1.97998046875;1.978759765625;1.976318359375
2024-08-29 15:31:22.639341;2.0068359375;1.99462890625;1.976318359375;1.968994140625;1.954345703125;1.982421875;2.030029296875;2.017822265625;1.98974609375;1.995849609375;1.9873046875;1.982421875;1.978759765625;2.00439453125;2.00927734375;2.0166015625;2.008056640625;1.986083984375;1.97021484375;1.971435546875;1.98974609375;1.97509765625;1.982421875;2.00439453125;2.015380859375;2.01171875;1.9677734375;1.978759765625;1.9921875;1.99462890625;2.003173828125;1.9873046875;1.976318359375;1.97021484375;1.971435546875;1.986083984375;1.998291015625;2.01416015625;2.01416015625;1.97998046875;1.976318359375;1.988525390625;2.0068359375;2.001953125;2.000732421875;1.9970703125;2.000732421875;1.97998046875;1.95556640625;1.968994140625;1.995849609375;2.03369140625;2.02392578125;1.986083984375;1.971435546875;1.968994140625;1.990966796875;1.998291015625;1.97021484375;1.97509765625;1.983642578125;1.99462890625;2.01171875;2.003173828125;1.98974609375;1.98486328125;1.98486328125;1.9873046875;1.9873046875;2.000732421875;1.99462890625;1.986083984375;1.981201171875;1.998291015625;1.998291015625;2.001953125;2.021484375;1.99951171875;1.988525390625;1.9873046875;2.00439453125;2.034912109375;2.032470703125;1.9873046875;1.978759765625;1.9775390625;1.983642578125;1.990966796875;1.993408203125;1.983642578125;1.9775390625;1.95556640625;1.98486328125;2.027587890625;2.017822265625;2.021484375;2.020263671875;1.968994140625;2.010498046875;1.998291015625
2024-08-29 15:31:22.670720;2.012939453125;1.990966796875;1.9677734375;1.983642578125;1.97509765625;1.986083984375;1.9970703125;1.9775390625;1.9921875;1.982421875;1.981201171875;2.017822265625;2.012939453125;1.998291015625;1.97265625;1.97265625;1.995849609375;2.0166015625;2.037353515625;2.02880859375;2.005615234375;1.964111328125;1.962890625;1.978759765625;1.98974609375;2.001953125;1.99951171875;2.00439453125;1.9921875;1.97265625;1.96533203125;1.971435546875;1.986083984375;2.008056640625;1.993408203125;1.9873046875;1.9921875;1.99951171875;2.01416015625;2.027587890625;2.034912109375;2.022705078125;1.981201171875;1.981201171875;1.983642578125;1.97265625;1.978759765625;1.981201171875;2.001953125;1.993408203125;1.9873046875;1.993408203125;1.976318359375;1.976318359375;1.97265625;1.98974609375;2.025146484375;2.032470703125;1.988525390625;1.968994140625;1.96533203125;1.98486328125;2.021484375;2.027587890625;2.02880859375;2.001953125;1.964111328125;1.939697265625;1.9482421875;1.9677734375;1.9921875;2.005615234375;2.01171875;2.001953125;1.993408203125;2.00439453125;1.978759765625;1.966552734375;1.97265625;1.98486328125;2.0166015625;2.010498046875;2.001953125;2.00439453125;2.003173828125;2.022705078125;2.030029296875;2.030029296875;2.0458984375;2.020263671875;1.956787109375;1.951904296875;1.97509765625;1.978759765625;1.990966796875;1.986083984375;1.986083984375;2.003173828125;2.010498046875;2.0166015625
2024-08-29 15:31:22.702082;1.968994140625;1.956787109375;1.968994140625;1.976318359375;2.010498046875;2.01416015625;2.01904296875;2.003173828125;2.01416015625;2.032470703125;2.03125;1.995849609375;1.947021484375;1.949462890625;1.97021484375;1.988525390625;2.000732421875;1.990966796875;2.005615234375;2.01904296875;2.02880859375;2.025146484375;2.027587890625;1.983642578125;1.953125;1.95068359375;1.97021484375;1.986083984375;2.003173828125;2.000732421875;2.005615234375;1.993408203125;2.010498046875;2.021484375;2.005615234375;1.9970703125;1.973876953125;1.949462890625;1.97021484375;1.97509765625;1.98974609375;2.00927734375;2.008056640625;2.0068359375;1.99951171875;2.020263671875;2.01416015625;2.012939453125;2.01416015625;1.95068359375;1.9580078125;1.981201171875;1.973876953125;1.978759765625;1.995849609375;1.9970703125;2.0068359375;2.015380859375;1.9970703125;2.001953125;1.9970703125;1.988525390625;1.99462890625;1.9873046875;1.9580078125;1.986083984375;1.998291015625;2.020263671875;2.034912109375;2.0263671875;2.008056640625;2.001953125;1.99462890625;1.98974609375;2.005615234375;1.962890625;1.94091796875;1.954345703125;1.961669921875;1.98486328125;2.0166015625;2.03369140625;2.017822265625;2.000732421875;1.993408203125;1.9775390625;1.956787109375;1.9775390625;1.98486328125;1.973876953125;1.99462890625;1.981201171875;2.012939453125;2.012939453125;1.9970703125;2.015380859375;2.0361328125;1.995849609375;1.998291015625;1.9970703125
2024-08-29 15:31:22.733101;1.97509765625;1.993408203125;1.99951171875;2.00439453125;2.0068359375;2.032470703125;2.010498046875;2.021484375;2.0166015625;1.966552734375;1.96533203125;1.993408203125;2.03125;1.986083984375;1.976318359375;1.97998046875;1.988525390625;2.005615234375;2.025146484375;2.00927734375;1.971435546875;1.9482421875;1.956787109375;1.95556640625;1.968994140625;1.983642578125;2.000732421875;2.01416015625;2.02392578125;2.034912109375;2.022705078125;1.982421875;1.986083984375;1.988525390625;1.968994140625;1.964111328125;1.982421875;1.993408203125;1.99462890625;2.005615234375;2.001953125;2.01416015625;2.00439453125;1.988525390625;1.97265625;1.988525390625;1.9873046875;1.993408203125;1.988525390625;1.988525390625;1.9775390625;2.00439453125;2.020263671875;2.047119140625;2.03125;2.02880859375;2.0166015625;1.976318359375;1.968994140625;1.9677734375;2.0068359375;1.968994140625;1.97021484375;1.956787109375;1.981201171875;1.993408203125;2.01171875;2.00439453125;1.988525390625;1.982421875;1.981201171875;1.96533203125;1.9482421875;1.97509765625;1.982421875;1.98974609375;1.9873046875;1.9970703125;2.01904296875;2.012939453125;1.976318359375;1.976318359375;1.968994140625;1.9873046875;2.00927734375;2.003173828125;1.99951171875;1.981201171875;1.993408203125;1.97265625;1.976318359375;1.98486328125;2.0068359375;2.001953125;1.993408203125;1.988525390625;2.008056640625;2.01416015625;2.003173828125;1.9921875
2024-08-29 15:31:22.764544;1.97998046875;1.9921875;2.01904296875;2.00927734375;1.99951171875;2.003173828125;1.99951171875;1.988525390625;1.982421875;1.981201171875;1.98486328125;2.012939453125;2.04833984375;2.047119140625;2.001953125;1.95556640625;1.96044921875;1.97998046875;1.95068359375;1.953125;1.964111328125;1.973876953125;2.0068359375;2.001953125;2.00927734375;2.005615234375;2.012939453125;2.000732421875;1.97509765625;1.971435546875;1.976318359375;1.983642578125;2.021484375;2.0263671875;2.00439453125;2.000732421875;1.9921875;1.98974609375;1.9970703125;2.010498046875;1.998291015625;1.968994140625;1.9580078125;1.962890625;1.978759765625;1.9873046875;1.9970703125;2.010498046875;1.99951171875;1.993408203125;1.988525390625;1.98974609375;1.976318359375;1.998291015625;2.0068359375;1.9970703125;2.003173828125;2.00439453125;1.98974609375;1.986083984375;1.981201171875;1.981201171875;1.9921875;2.01904296875;2.02392578125;2.020263671875;2.012939453125;2.000732421875;1.9921875;1.973876953125;1.981201171875;1.973876953125;1.983642578125;1.976318359375;1.966552734375;1.976318359375;1.986083984375;1.97265625;1.986083984375;1.982421875;1.971435546875;1.98974609375;1.993408203125;1.98486328125;1.986083984375;1.99462890625;1.995849609375;1.9970703125;1.995849609375;2.0263671875;2.01171875;2.005615234375;1.988525390625;1.97998046875;1.97509765625;1.986083984375;1.9775390625;1.986083984375;2.008056640625;2.01904296875
2024-08-29 15:31:22.794891;2.00927734375;2.00927734375;1.986083984375;1.982421875;1.993408203125;1.9775390625;1.961669921875;1.964111328125;1.99951171875;2.015380859375;1.98486328125;1.983642578125;1.988525390625;1.983642578125;1.983642578125;1.99462890625;1.9970703125;1.978759765625;1.953125;1.971435546875;1.982421875;1.97509765625;1.98974609375;1.98486328125;1.9775390625;1.986083984375;1.9921875;1.986083984375;1.98974609375;1.983642578125;1.97265625;1.982421875;1.983642578125;2.005615234375;1.97998046875;1.995849609375;2.001953125;1.99951171875;2.001953125;2.0068359375;2.003173828125;2.000732421875;2.032470703125;2.025146484375;2.0068359375;2.01171875;2.02880859375;2.039794921875;2.022705078125;2.000732421875;1.971435546875;1.959228515625;1.9677734375;1.983642578125;2.0068359375;2.02880859375;2.03369140625;1.9873046875;1.9677734375;2.00439453125;1.98974609375;1.99462890625;2.001953125;1.99951171875;1.99951171875;1.993408203125;1.9873046875;1.9970703125;1.9970703125;1.976318359375;1.961669921875;1.978759765625;2.001953125;1.98974609375;1.976318359375;1.97021484375;1.961669921875;1.9677734375;2.0166015625;2.005615234375;1.99951171875;1.9921875;2.001953125;2.00927734375;1.993408203125;1.9873046875;1.971435546875;1.99462890625;2.03125;2.022705078125;2.010498046875;1.9970703125;1.968994140625;1.962890625;2.001953125;2.0361328125;2.032470703125;1.98974609375;1.998291015625;1.971435546875
2024-08-29 15:31:22.841185;1.98486328125;1.988525390625;1.99951171875;2.005615234375;2.01416015625;2.010498046875;1.9677734375;1.9775390625;1.982421875;1.9482421875;1.959228515625;1.98486328125;1.986083984375;1.981201171875;1.97509765625;1.976318359375;1.983642578125;1.993408203125;2.001953125;2.00439453125;2.005615234375;2.00927734375;2.000732421875;1.995849609375;1.9970703125;2.001953125;2.0068359375;2.012939453125;1.998291015625;1.983642578125;2.01171875;2.01416015625;1.99951171875;1.982421875;1.978759765625;1.978759765625;1.986083984375;1.9921875;2.005615234375;2.01904296875;2.022705078125;2.01904296875;2.00927734375;2.005615234375;1.998291015625;1.98974609375;1.98486328125;1.9775390625;1.968994140625;1.9775390625;1.976318359375;1.966552734375;1.95556640625;1.96533203125;1.978759765625;1.998291015625;2.008056640625;2.008056640625;1.99951171875;1.990966796875;1.9873046875;1.9873046875;1.993408203125;2.000732421875;1.9970703125;1.9775390625;1.973876953125;1.97998046875;1.986083984375;1.9970703125;2.00439453125;2.005615234375;2.00439453125;1.99951171875;1.99462890625;1.983642578125;1.97509765625;1.9775390625;1.976318359375;1.982421875;2.001953125;2.01416015625;2.0166015625;2.0068359375;1.9970703125;2.003173828125;2.010498046875;2.005615234375;1.9921875;1.98974609375;1.988525390625;1.986083984375;1.98974609375;1.993408203125;1.995849609375;1.99462890625;1.990966796875;1.990966796875;1.995849609375;1.990966796875
2024-08-29 15:31:22.887372;1.9921875;1.988525390625;1.9921875;1.9921875;1.98974609375;1.98974609375;1.998291015625;1.998291015625;1.988525390625;1.988525390625;1.98974609375;1.9921875;1.993408203125;1.99462890625;1.99462890625;1.9970703125;2.001953125;1.995849609375;1.98974609375;1.9873046875;1.990966796875;1.990966796875;1.98974609375;1.981201171875;1.97509765625;1.976318359375;1.97509765625;1.97509765625;1.9873046875;1.990966796875;1.9921875;1.998291015625;2.005615234375;2.008056640625;2.00439453125;2.005615234375;1.998291015625;1.998291015625;2.003173828125;2.001953125;1.99951171875;1.9921875;1.9970703125;1.995849609375;1.99462890625;1.993408203125;1.993408203125;1.9921875;1.98486328125;1.982421875;1.983642578125;1.981201171875;1.978759765625;1.982421875;1.98486328125;1.9921875;1.995849609375;1.99951171875;2.005615234375;2.008056640625;2.00927734375;2.000732421875;1.998291015625;2.000732421875;1.99951171875;1.998291015625;1.990966796875;1.97998046875;1.97509765625;1.97509765625;1.981201171875;1.981201171875;1.97998046875;1.973876953125;1.97509765625;1.981201171875;1.986083984375;1.990966796875;1.993408203125;1.993408203125;1.9873046875;1.990966796875;1.9970703125;2.003173828125;2.0166015625;2.02880859375;2.03125;2.021484375;1.995849609375;1.968994140625;1.9580078125;1.97509765625;1.993408203125;1.995849609375;2.000732421875;2.000732421875;1.99951171875;2.001953125;1.97021484375;1.981201171875
2024-08-29 15:31:22.903078;1.995849609375;2.00439453125;2.010498046875;2.01416015625;2.010498046875;2.0068359375;1.998291015625;1.9921875;1.982421875;1.978759765625;1.981201171875;1.9775390625;1.97509765625;1.9775390625;1.97509765625;1.976318359375;1.9775390625;1.97998046875;1.982421875;1.98974609375;1.998291015625;1.995849609375;1.99951171875;2.000732421875;2.000732421875;2.0068359375;2.00439453125;2.005615234375;2.003173828125;1.993408203125;1.988525390625;1.98974609375;1.990966796875;1.9921875;1.99462890625;1.995849609375;1.99462890625;1.99462890625;1.98974609375;1.993408203125;1.993408203125;1.993408203125;1.99462890625;1.988525390625;1.986083984375;1.982421875;1.978759765625;1.976318359375;1.981201171875;1.988525390625;1.99462890625;2.000732421875;2.010498046875;2.012939453125;2.00927734375;2.010498046875;2.01416015625;2.01171875;2.00927734375;2.00927734375;2.001953125;2.001953125;2.000732421875;1.99951171875;1.98974609375;1.981201171875;1.973876953125;1.97021484375;1.968994140625;1.971435546875;1.971435546875;1.97265625;1.97509765625;1.981201171875;1.986083984375;1.9970703125;2.010498046875;2.015380859375;2.020263671875;2.025146484375;2.02392578125;2.017822265625;2.01171875;2.0068359375;2.0068359375;2.0068359375;2.00439453125;1.99951171875;1.9873046875;1.981201171875;1.97509765625;1.97021484375;1.97509765625;1.9873046875;1.990966796875;1.998291015625;2.00927734375;2.00927734375;1.978759765625;1.983642578125
2024-08-29 15:31:22.934788;1.986083984375;1.9921875;1.99462890625;1.99951171875;1.9970703125;1.9921875;1.995849609375;1.993408203125;1.9921875;1.995849609375;1.99951171875;2.00439453125;1.99951171875;1.9970703125;1.993408203125;2.000732421875;2.005615234375;2.008056640625;2.00927734375;2.00927734375;2.0068359375;2.003173828125;2.0068359375;2.00439453125;1.998291015625;1.99462890625;1.988525390625;1.981201171875;1.97998046875;1.986083984375;1.98974609375;1.988525390625;1.9873046875;1.986083984375;1.988525390625;1.9873046875;1.9873046875;1.98974609375;1.990966796875;1.983642578125;1.981201171875;1.978759765625;1.983642578125;1.9873046875;1.988525390625;1.990966796875;1.99462890625;1.993408203125;1.986083984375;1.981201171875;1.982421875;1.9775390625;1.971435546875;1.97509765625;1.973876953125;1.9775390625;1.9775390625;1.973876953125;1.97998046875;1.986083984375;1.993408203125;2.005615234375;2.010498046875;2.01171875;2.008056640625;2.003173828125;1.9970703125;1.9921875;1.988525390625;1.988525390625;1.99462890625;1.9970703125;1.9970703125;1.998291015625;1.99462890625;1.995849609375;1.993408203125;1.9921875;1.9921875;1.9873046875;1.982421875;1.9775390625;1.982421875;1.97998046875;1.98486328125;1.98486328125;1.986083984375;1.98486328125;1.988525390625;1.993408203125;1.9970703125;1.998291015625;2.001953125;2.00439453125;2.00439453125;2.005615234375;2.0068359375;2.01171875;1.99462890625;1.993408203125
2024-08-29 15:31:22.997643;1.99462890625;1.993408203125;1.99462890625;1.99462890625;1.9970703125;1.99462890625;1.99462890625;1.998291015625;1.99951171875;1.99951171875;1.9921875;1.98486328125;1.983642578125;1.98486328125;1.98486328125;1.986083984375;1.98974609375;1.9873046875;1.98974609375;1.9921875;1.9921875;1.990966796875;1.993408203125;1.993408203125;1.99462890625;1.9921875;1.9970703125;1.995849609375;1.998291015625;2.001953125;2.003173828125;2.000732421875;1.99951171875;2.003173828125;2.003173828125;2.003173828125;2.0068359375;2.010498046875;2.010498046875;2.010498046875;2.010498046875;2.010498046875;2.008056640625;2.00927734375;2.00927734375;2.00439453125;1.995849609375;1.993408203125;1.9921875;1.990966796875;1.99462890625;1.990966796875;1.988525390625;1.9873046875;1.982421875;1.988525390625;1.988525390625;1.982421875;1.978759765625;1.973876953125;1.976318359375;1.971435546875;1.97509765625;1.97998046875;1.976318359375;1.97998046875;1.981201171875;1.982421875;1.982421875;1.976318359375;1.9775390625;1.981201171875;1.983642578125;1.986083984375;1.98486328125;1.9873046875;1.990966796875;1.98974609375;1.988525390625;1.990966796875;1.9921875;1.990966796875;1.98974609375;1.9873046875;1.98974609375;1.98974609375;1.990966796875;1.9921875;1.995849609375;1.99462890625;1.998291015625;1.99951171875;1.998291015625;1.99462890625;1.990966796875;1.988525390625;1.9873046875;1.988525390625;1.99951171875;2.000732421875
2024-08-29 15:31:22.997643;2.001953125;2.005615234375;2.001953125;2.000732421875;1.993408203125;1.988525390625;1.986083984375;1.981201171875;1.97998046875;1.9873046875;1.990966796875;1.990966796875;1.9921875;1.99462890625;1.9970703125;1.99951171875;1.9970703125;1.9921875;1.98974609375;1.98974609375;1.990966796875;1.993408203125;1.988525390625;1.986083984375;1.983642578125;1.981201171875;1.983642578125;1.988525390625;1.98974609375;1.993408203125;1.995849609375;1.9970703125;2.000732421875;2.003173828125;2.003173828125;2.001953125;2.001953125;1.998291015625;1.995849609375;1.99462890625;2.001953125;1.99951171875;1.9970703125;1.99462890625;1.990966796875;1.98974609375;1.990966796875;1.98974609375;1.983642578125;1.981201171875;1.98486328125;1.9873046875;1.9873046875;1.988525390625;1.98974609375;1.99462890625;1.99951171875;1.998291015625;1.995849609375;1.99951171875;2.003173828125;2.008056640625;2.00927734375;2.008056640625;2.0068359375;2.003173828125;2.001953125;2.001953125;1.99951171875;1.99462890625;1.990966796875;1.990966796875;1.986083984375;1.97998046875;1.97509765625;1.973876953125;1.97998046875;1.982421875;1.978759765625;1.97998046875;1.978759765625;1.981201171875;1.982421875;1.986083984375;1.990966796875;1.9921875;1.9921875;1.998291015625;1.99951171875;2.001953125;1.998291015625;1.998291015625;1.9921875;1.98974609375;1.993408203125;1.98974609375;1.9921875;1.995849609375;2.008056640625;2.01171875
2024-08-29 15:31:23.013440;2.010498046875;2.00927734375;2.010498046875;2.0068359375;2.003173828125;2.000732421875;1.9970703125;1.998291015625;2.003173828125;2.001953125;1.9970703125;1.9970703125;1.998291015625;1.993408203125;1.9921875;1.98974609375;1.98974609375;1.98974609375;1.98486328125;1.982421875;1.98486328125;1.983642578125;1.97998046875;1.983642578125;1.982421875;1.988525390625;1.9873046875;1.993408203125;2.003173828125;2.00439453125;2.00439453125;2.000732421875;2.000732421875;1.998291015625;1.998291015625;1.99951171875;1.998291015625;1.995849609375;1.99462890625;1.998291015625;1.993408203125;1.988525390625;1.988525390625;1.986083984375;1.98486328125;1.98486328125;1.981201171875;1.982421875;1.983642578125;1.986083984375;1.990966796875;1.995849609375;1.9970703125;1.998291015625;1.99951171875;1.99951171875;1.998291015625;1.9970703125;1.993408203125;1.993408203125;1.98974609375;1.988525390625;1.988525390625;1.98974609375;1.988525390625;1.9873046875;1.98486328125;1.986083984375;1.9921875;1.990966796875;1.988525390625;1.986083984375;1.9873046875;1.982421875;1.983642578125;1.982421875;1.983642578125;1.983642578125;1.988525390625;1.99462890625;1.995849609375;1.99462890625;1.993408203125;1.99462890625;1.998291015625;2.000732421875;1.9970703125;1.993408203125;1.990966796875;1.98974609375;1.988525390625;1.986083984375;1.9873046875;1.9921875;1.99462890625;1.99462890625;2.000732421875;1.998291015625;2.000732421875;1.998291015625
2024-08-29 15:31:23.057254;1.993408203125;1.9921875;1.990966796875;1.99462890625;1.995849609375;1.99462890625;1.993408203125;1.9921875;1.9921875;1.990966796875;1.988525390625;1.982421875;1.9873046875;1.9873046875;1.983642578125;1.98486328125;1.986083984375;1.978759765625;1.97509765625;1.976318359375;1.98486328125;1.990966796875;1.9970703125;1.99951171875;1.99951171875;2.005615234375;2.00927734375;2.003173828125;2.003173828125;2.005615234375;1.998291015625;1.99462890625;1.98486328125;1.982421875;1.97998046875;1.97998046875;1.983642578125;1.982421875;1.97998046875;1.973876953125;1.97265625;1.97509765625;1.978759765625;1.981201171875;1.978759765625;1.97998046875;1.978759765625;1.978759765625;1.983642578125;1.98486328125;1.98974609375;1.990966796875;1.988525390625;1.98486328125;1.981201171875;1.986083984375;1.98974609375;1.9873046875;1.986083984375;1.9921875;1.998291015625;1.9970703125;1.995849609375;1.9970703125;1.99951171875;2.000732421875;2.000732421875;1.998291015625;1.998291015625;1.993408203125;1.9873046875;1.9873046875;1.990966796875;1.993408203125;1.995849609375;2.003173828125;2.00439453125;2.000732421875;1.9970703125;2.000732421875;2.005615234375;2.0068359375;2.00927734375;2.0166015625;2.015380859375;2.01416015625;2.012939453125;2.010498046875;2.00439453125;1.995849609375;1.990966796875;1.99462890625;1.998291015625;1.995849609375;1.995849609375;1.993408203125;1.988525390625;1.983642578125;1.9921875;1.988525390625
2024-08-29 15:31:23.057254;1.988525390625;1.9921875;1.98974609375;1.988525390625;1.982421875;1.97998046875;1.978759765625;1.986083984375;1.988525390625;1.986083984375;1.986083984375;1.98486328125;1.981201171875;1.976318359375;1.983642578125;1.983642578125;1.98974609375;1.9921875;1.995849609375;1.9970703125;1.99462890625;1.9970703125;1.990966796875;1.990966796875;1.990966796875;1.98974609375;1.986083984375;1.9921875;1.99462890625;1.9921875;1.998291015625;1.995849609375;1.99462890625;1.993408203125;1.9921875;1.9921875;1.99462890625;1.993408203125;1.990966796875;1.990966796875;1.9921875;1.995849609375;1.9970703125;1.995849609375;1.99462890625;1.9970703125;2.000732421875;2.000732421875;1.998291015625;2.003173828125;2.005615234375;2.001953125;1.9970703125;1.9921875;1.990966796875;1.983642578125;1.981201171875;1.97998046875;1.983642578125;1.986083984375;1.98974609375;1.99462890625;1.9970703125;1.998291015625;1.993408203125;1.993408203125;1.9970703125;1.998291015625;1.99462890625;1.993408203125;1.9970703125;1.993408203125;1.9921875;1.993408203125;1.995849609375;1.9970703125;1.998291015625;1.99462890625;1.9921875;1.993408203125;1.9921875;1.9873046875;1.98974609375;1.986083984375;1.98486328125;1.9873046875;1.986083984375;1.983642578125;1.98974609375;1.98974609375;1.9921875;1.98974609375;1.983642578125;1.986083984375;1.98974609375;1.9873046875;1.98974609375;1.9921875;1.993408203125;1.9921875
2024-08-29 15:31:23.091617;1.990966796875;1.9970703125;1.9970703125;1.99462890625;1.990966796875;1.9873046875;1.99462890625;1.9970703125;1.9970703125;1.9970703125;2.000732421875;2.000732421875;1.998291015625;1.995849609375;1.993408203125;1.990966796875;1.983642578125;1.983642578125;1.983642578125;1.983642578125;1.98486328125;1.988525390625;1.986083984375;1.98486328125;1.9873046875;1.982421875;1.983642578125;1.98974609375;1.986083984375;1.981201171875;1.9873046875;1.988525390625;1.9873046875;1.9873046875;1.988525390625;1.9921875;1.9970703125;1.9970703125;1.998291015625;2.001953125;2.000732421875;2.001953125;2.003173828125;1.99951171875;1.998291015625;1.998291015625;1.993408203125;1.986083984375;1.983642578125;1.983642578125;1.988525390625;1.9921875;1.9921875;1.990966796875;1.9921875;1.98974609375;1.986083984375;1.983642578125;1.983642578125;1.986083984375;1.9873046875;1.988525390625;1.990966796875;1.98974609375;1.98974609375;1.993408203125;1.995849609375;1.99951171875;1.9970703125;1.99462890625;1.993408203125;1.993408203125;1.990966796875;1.9921875;1.995849609375;1.993408203125;1.998291015625;1.998291015625;1.998291015625;1.998291015625;1.99462890625;1.99462890625;1.990966796875;1.983642578125;1.983642578125;1.986083984375;1.988525390625;1.988525390625;1.9921875;1.988525390625;1.990966796875;1.995849609375;1.9970703125;1.995849609375;1.993408203125;1.993408203125;1.990966796875;1.993408203125;1.983642578125;1.97998046875
2024-08-29 15:31:23.138568;1.981201171875;1.982421875;1.982421875;1.9873046875;1.993408203125;1.99951171875;2.001953125;2.001953125;2.001953125;2.003173828125;2.003173828125;1.99951171875;1.998291015625;2.000732421875;1.995849609375;1.9970703125;2.000732421875;2.0068359375;2.0068359375;2.003173828125;1.9970703125;1.998291015625;1.9970703125;1.995849609375;1.9921875;1.993408203125;1.99462890625;1.98974609375;1.986083984375;1.990966796875;1.9970703125;2.001953125;1.995849609375;1.99462890625;1.995849609375;1.995849609375;1.998291015625;1.99462890625;1.990966796875;1.990966796875;1.993408203125;1.993408203125;1.993408203125;1.98974609375;1.98974609375;1.978759765625;1.983642578125;1.986083984375;1.9873046875;1.98486328125;1.98486328125;1.986083984375;1.98974609375;1.988525390625;1.988525390625;1.99462890625;1.99462890625;1.99462890625;1.9970703125;1.99951171875;2.001953125;2.000732421875;1.998291015625;1.9970703125;1.998291015625;1.99951171875;2.000732421875;2.000732421875;2.000732421875;2.003173828125;1.998291015625;1.9921875;1.9921875;1.9873046875;1.988525390625;1.988525390625;1.98974609375;1.98974609375;1.9873046875;1.97998046875;1.982421875;1.986083984375;1.986083984375;1.9873046875;1.988525390625;1.99462890625;1.9921875;1.98974609375;1.9970703125;2.000732421875;2.000732421875;1.99951171875;1.9970703125;1.99951171875;1.998291015625;1.998291015625;1.99462890625;1.9921875;1.990966796875;1.986083984375
2024-08-29 15:31:23.170434;1.9970703125;1.99462890625;1.9921875;2.000732421875;1.995849609375;1.990966796875;1.993408203125;1.993408203125;1.995849609375;1.995849609375;1.995849609375;1.9921875;1.98974609375;1.9921875;1.99462890625;1.99462890625;1.9921875;1.9921875;1.988525390625;1.982421875;1.986083984375;1.993408203125;1.995849609375;2.001953125;1.9970703125;1.995849609375;1.9970703125;1.993408203125;1.9921875;1.998291015625;1.998291015625;2.000732421875;1.99951171875;1.99462890625;1.9921875;1.988525390625;1.983642578125;1.97998046875;1.97998046875;1.981201171875;1.97998046875;1.983642578125;1.9873046875;1.98486328125;1.99462890625;1.993408203125;1.990966796875;1.99462890625;2.001953125;1.99951171875;1.99462890625;1.993408203125;1.995849609375;2.001953125;1.998291015625;1.98486328125;1.986083984375;1.988525390625;1.98974609375;1.9873046875;1.9873046875;1.993408203125;1.998291015625;1.9921875;1.993408203125;1.99951171875;1.99951171875;1.998291015625;1.9921875;1.98974609375;1.98974609375;1.990966796875;1.990966796875;1.988525390625;1.988525390625;1.993408203125;1.9921875;1.990966796875;1.9921875;1.990966796875;1.990966796875;1.98974609375;1.990966796875;1.9921875;1.9970703125;1.9970703125;1.995849609375;1.9970703125;1.9921875;1.988525390625;1.9873046875;1.986083984375;1.982421875;1.982421875;1.981201171875;1.978759765625;1.981201171875;1.97998046875;1.995849609375;1.99951171875
2024-08-29 15:31:23.216781;1.99951171875;2.001953125;2.001953125;2.001953125;2.001953125;2.000732421875;2.003173828125;2.00439453125;2.005615234375;2.005615234375;2.005615234375;2.005615234375;2.00439453125;2.001953125;2.001953125;2.000732421875;2.003173828125;2.001953125;1.9970703125;1.998291015625;2.000732421875;1.998291015625;1.99462890625;1.995849609375;1.99951171875;1.995849609375;1.990966796875;1.99462890625;1.99462890625;1.995849609375;1.9921875;1.9873046875;1.98486328125;1.98486328125;1.982421875;1.982421875;1.982421875;1.986083984375;1.98974609375;1.99462890625;1.9970703125;1.99462890625;1.99462890625;1.995849609375;1.99462890625;1.983642578125;1.982421875;1.982421875;1.982421875;1.9873046875;1.982421875;1.982421875;1.986083984375;1.98974609375;1.98974609375;1.990966796875;1.98974609375;1.98974609375;1.99462890625;1.99951171875;2.000732421875;2.005615234375;2.0068359375;2.0068359375;2.0068359375;2.008056640625;2.005615234375;2.003173828125;1.998291015625;1.99462890625;1.993408203125;1.995849609375;1.99462890625;1.993408203125;1.98974609375;1.988525390625;1.988525390625;1.993408203125;1.998291015625;1.998291015625;1.99951171875;1.998291015625;1.9970703125;1.995849609375;1.99462890625;1.990966796875;1.9921875;1.9921875;1.993408203125;1.9921875;1.990966796875;1.9921875;1.993408203125;1.9921875;1.9921875;1.993408203125;1.98974609375;1.988525390625;1.993408203125;1.99462890625
2024-08-29 15:31:23.294814;1.988525390625;1.983642578125;1.982421875;1.9873046875;1.988525390625;1.988525390625;1.990966796875;1.990966796875;1.988525390625;1.9921875;1.9921875;1.98974609375;1.988525390625;1.986083984375;1.98486328125;1.98486328125;1.97998046875;1.97998046875;1.98486328125;1.990966796875;1.99462890625;1.99951171875;2.000732421875;1.998291015625;2.000732421875;2.00439453125;2.001953125;1.99951171875;1.995849609375;1.995849609375;2.001953125;2.000732421875;1.998291015625;2.001953125;1.998291015625;1.9970703125;1.9921875;1.993408203125;1.99462890625;1.993408203125;1.993408203125;1.98974609375;1.98974609375;1.993408203125;1.9970703125;1.995849609375;1.993408203125;1.9921875;1.9921875;1.993408203125;1.9921875;1.9921875;1.993408203125;1.9921875;1.9921875;1.9970703125;1.9970703125;1.98974609375;1.993408203125;1.993408203125;1.988525390625;1.990966796875;1.99462890625;1.98974609375;1.988525390625;1.993408203125;1.9970703125;1.998291015625;1.998291015625;1.990966796875;1.990966796875;1.9970703125;2.003173828125;2.0068359375;2.003173828125;1.99951171875;1.993408203125;1.993408203125;1.993408203125;1.9921875;1.993408203125;1.993408203125;1.990966796875;1.993408203125;1.9970703125;1.995849609375;1.9970703125;1.99462890625;1.995849609375;2.001953125;1.995849609375;1.98974609375;1.98974609375;1.99462890625;1.9970703125;1.993408203125;1.9921875;1.990966796875;1.995849609375;2.000732421875
2024-08-29 15:31:23.326456;2.001953125;2.000732421875;1.9970703125;1.995849609375;1.993408203125;1.9921875;1.98974609375;1.99462890625;1.995849609375;1.9921875;1.9921875;1.9873046875;1.988525390625;1.98974609375;1.995849609375;2.000732421875;1.9970703125;1.993408203125;1.998291015625;2.003173828125;1.99462890625;1.986083984375;1.990966796875;1.988525390625;1.986083984375;1.9873046875;1.9873046875;1.97998046875;1.981201171875;1.9873046875;1.990966796875;1.990966796875;1.9873046875;1.98486328125;1.9873046875;1.990966796875;1.993408203125;1.99462890625;1.99462890625;1.99462890625;1.99951171875;2.000732421875;1.99951171875;1.995849609375;1.995849609375;1.9970703125;1.998291015625;1.998291015625;2.000732421875;2.000732421875;2.00439453125;2.003173828125;1.9970703125;1.99951171875;1.99951171875;1.9970703125;2.000732421875;2.001953125;1.998291015625;1.993408203125;1.9921875;1.993408203125;1.9921875;1.990966796875;1.993408203125;1.98974609375;1.9873046875;1.986083984375;1.9873046875;1.9921875;1.99462890625;1.998291015625;1.990966796875;1.9873046875;1.988525390625;1.986083984375;1.9873046875;1.988525390625;1.990966796875;1.990966796875;1.990966796875;1.993408203125;1.9921875;1.9921875;1.98974609375;1.986083984375;1.98974609375;1.9921875;1.988525390625;1.986083984375;1.986083984375;1.98486328125;1.990966796875;1.98974609375;1.986083984375;1.98486328125;1.9873046875;1.990966796875;1.9921875;1.9921875
2024-08-29 15:31:23.342249;1.99462890625;2.000732421875;1.99462890625;1.993408203125;1.998291015625;1.99462890625;1.9921875;1.998291015625;2.005615234375;2.003173828125;2.001953125;2.000732421875;1.9970703125;1.9970703125;1.995849609375;1.99951171875;1.998291015625;1.99462890625;1.9970703125;1.993408203125;1.988525390625;1.986083984375;1.98486328125;1.97998046875;1.982421875;1.983642578125;1.982421875;1.981201171875;1.97998046875;1.981201171875;1.983642578125;1.982421875;1.988525390625;1.98486328125;1.9873046875;1.98974609375;1.9921875;1.9921875;1.988525390625;1.981201171875;1.983642578125;1.98974609375;1.9873046875;1.9873046875;1.98974609375;1.9921875;1.9873046875;1.98486328125;1.986083984375;1.993408203125;1.99951171875;1.998291015625;1.99951171875;1.99951171875;1.998291015625;1.99951171875;1.9970703125;1.993408203125;1.990966796875;1.983642578125;1.983642578125;1.98486328125;1.98486328125;1.9873046875;1.986083984375;1.98974609375;1.995849609375;1.993408203125;1.986083984375;1.98486328125;1.986083984375;1.9873046875;1.995849609375;1.995849609375;1.9970703125;1.9970703125;1.99951171875;2.003173828125;2.003173828125;1.998291015625;1.995849609375;1.995849609375;1.995849609375;1.99462890625;1.9970703125;1.998291015625;1.995849609375;1.995849609375;1.99462890625;1.98974609375;1.9921875;1.998291015625;1.9970703125;1.993408203125;1.99462890625;1.998291015625;2.003173828125;2.003173828125;1.982421875;1.986083984375
2024-08-29 15:31:23.390089;1.986083984375;1.983642578125;1.9873046875;1.993408203125;1.995849609375;1.98974609375;1.990966796875;1.9970703125;1.998291015625;1.9970703125;1.9921875;1.990966796875;1.993408203125;1.9921875;1.990966796875;1.986083984375;1.990966796875;1.9921875;1.9921875;1.98974609375;1.98974609375;1.990966796875;1.986083984375;1.986083984375;1.983642578125;1.988525390625;1.993408203125;1.998291015625;1.995849609375;1.9970703125;1.99462890625;1.998291015625;1.998291015625;1.998291015625;1.998291015625;1.990966796875;1.98486328125;1.98486328125;1.983642578125;1.98486328125;1.986083984375;1.988525390625;1.986083984375;1.99462890625;1.995849609375;1.993408203125;1.995849609375;1.995849609375;1.9970703125;1.998291015625;2.000732421875;1.998291015625;1.9921875;1.993408203125;1.998291015625;2.000732421875;1.993408203125;1.9921875;1.995849609375;1.99462890625;1.993408203125;1.98974609375;1.988525390625;1.98974609375;1.98974609375;1.993408203125;1.993408203125;1.993408203125;1.993408203125;1.993408203125;1.99462890625;1.993408203125;1.99462890625;1.9970703125;1.993408203125;1.990966796875;1.993408203125;1.995849609375;1.995849609375;1.995849609375;1.995849609375;1.993408203125;1.99951171875;1.99951171875;1.998291015625;1.993408203125;1.9921875;1.9921875;1.9970703125;1.995849609375;1.995849609375;1.993408203125;1.990966796875;1.9921875;1.995849609375;1.998291015625;1.99951171875;1.99951171875;1.98486328125;1.978759765625
2024-08-29 15:31:23.405664;1.97998046875;1.98974609375;1.9921875;1.99462890625;2.003173828125;1.99951171875;1.990966796875;1.988525390625;1.981201171875;1.98486328125;1.986083984375;1.9921875;1.993408203125;1.988525390625;1.983642578125;1.98974609375;1.995849609375;1.995849609375;1.98974609375;1.98974609375;1.995849609375;1.99951171875;2.001953125;2.000732421875;2.000732421875;2.00439453125;1.99951171875;1.99951171875;2.00439453125;2.003173828125;2.001953125;1.995849609375;1.9921875;1.990966796875;1.98974609375;1.9873046875;1.982421875;1.981201171875;1.983642578125;1.98974609375;1.99462890625;1.9970703125;1.998291015625;1.99462890625;1.993408203125;1.998291015625;1.9970703125;2.001953125;2.000732421875;1.998291015625;1.995849609375;1.993408203125;1.990966796875;1.98974609375;1.9873046875;1.988525390625;1.98974609375;1.98974609375;1.98974609375;1.9921875;1.990966796875;1.988525390625;1.98974609375;1.990966796875;1.995849609375;1.9970703125;1.995849609375;1.993408203125;1.9970703125;1.9921875;1.998291015625;2.005615234375;2.001953125;2.000732421875;1.998291015625;1.99462890625;1.98974609375;1.9921875;1.993408203125;1.988525390625;1.983642578125;1.98974609375;1.99462890625;1.9921875;1.9873046875;1.9921875;1.993408203125;1.993408203125;1.99462890625;1.995849609375;1.99462890625;1.99462890625;1.998291015625;1.998291015625;1.9970703125;1.993408203125;1.988525390625;1.988525390625;1.988525390625;1.98486328125
2024-08-29 15:31:23.437557;1.981201171875;1.983642578125;1.98486328125;1.988525390625;1.98974609375;1.9873046875;1.988525390625;1.9970703125;2.000732421875;1.9970703125;1.99462890625;1.995849609375;1.995849609375;1.990966796875;1.990966796875;1.988525390625;1.98974609375;1.98974609375;1.983642578125;1.98486328125;1.986083984375;1.986083984375;1.986083984375;1.978759765625;1.978759765625;1.9873046875;1.983642578125;1.983642578125;1.982421875;1.9873046875;1.98974609375;1.988525390625;1.993408203125;1.9970703125;1.99462890625;1.990966796875;1.990966796875;1.988525390625;1.986083984375;1.982421875;1.981201171875;1.982421875;1.982421875;1.988525390625;1.990966796875;1.98974609375;1.9921875;1.99462890625;1.993408203125;1.990966796875;1.988525390625;1.9921875;1.998291015625;1.99951171875;1.995849609375;1.993408203125;1.99462890625;1.995849609375;1.995849609375;1.9970703125;1.99462890625;1.995849609375;1.99951171875;2.000732421875;1.9970703125;1.998291015625;1.993408203125;1.9921875;1.9921875;1.98974609375;1.99462890625;1.993408203125;1.995849609375;1.9970703125;1.9970703125;1.99462890625;1.986083984375;1.98974609375;1.9873046875;1.986083984375;1.983642578125;1.983642578125;1.986083984375;1.986083984375;1.988525390625;1.98974609375;1.986083984375;1.98486328125;1.982421875;1.98486328125;1.98486328125;1.98486328125;1.988525390625;1.9873046875;1.988525390625;1.9921875;1.995849609375;1.99462890625;1.990966796875;1.990966796875
2024-08-29 15:31:23.499850;1.9921875;1.993408203125;1.9921875;1.990966796875;1.988525390625;1.9873046875;1.98974609375;1.9921875;1.990966796875;1.993408203125;1.9921875;1.990966796875;1.990966796875;1.993408203125;1.98974609375;1.988525390625;1.9873046875;1.98974609375;1.988525390625;1.9921875;1.988525390625;1.988525390625;1.98974609375;1.98486328125;1.981201171875;1.982421875;1.981201171875;1.9873046875;1.990966796875;1.98486328125;1.986083984375;1.986083984375;1.9873046875;1.98974609375;1.988525390625;1.988525390625;1.98486328125;1.98486328125;1.983642578125;1.981201171875;1.98486328125;1.983642578125;1.9873046875;1.9921875;1.995849609375;1.998291015625;1.995849609375;1.995849609375;1.998291015625;2.000732421875;1.99951171875;1.998291015625;1.995849609375;1.99462890625;1.995849609375;1.995849609375;1.998291015625;1.99462890625;1.9921875;1.988525390625;1.9873046875;1.9873046875;1.983642578125;1.9873046875;1.990966796875;1.993408203125;1.995849609375;1.995849609375;1.995849609375;1.9970703125;1.9970703125;1.9921875;1.9873046875;1.98974609375;1.98974609375;1.98974609375;1.990966796875;1.98974609375;1.993408203125;1.9921875;1.9970703125;1.9970703125;1.9921875;1.990966796875;1.990966796875;1.98974609375;1.990966796875;1.990966796875;1.993408203125;1.9970703125;1.998291015625;1.995849609375;2.001953125;1.99951171875;1.99951171875;1.995849609375;1.99462890625;1.993408203125;1.99462890625;2.000732421875
2024-08-29 15:31:23.515158;2.000732421875;1.9970703125;1.99951171875;2.000732421875;2.000732421875;1.998291015625;1.995849609375;1.995849609375;1.998291015625;2.003173828125;2.001953125;1.995849609375;1.9921875;1.99462890625;1.998291015625;1.998291015625;1.998291015625;2.001953125;1.998291015625;1.9921875;1.98974609375;1.988525390625;1.993408203125;1.99951171875;2.000732421875;1.998291015625;1.990966796875;1.98974609375;1.9921875;1.99462890625;1.993408203125;1.990966796875;1.98974609375;1.9873046875;1.983642578125;1.988525390625;1.98486328125;1.9921875;1.99462890625;1.9921875;1.9921875;1.98974609375;1.98974609375;1.988525390625;1.98974609375;1.982421875;1.9775390625;1.9775390625;1.9775390625;1.983642578125;1.988525390625;1.988525390625;1.9873046875;1.9873046875;1.9873046875;1.986083984375;1.990966796875;1.9921875;1.990966796875;1.990966796875;1.98974609375;1.988525390625;1.993408203125;1.9921875;1.990966796875;1.990966796875;1.99462890625;1.99462890625;1.995849609375;1.9970703125;1.998291015625;2.001953125;1.998291015625;2.000732421875;1.99951171875;2.000732421875;2.000732421875;1.995849609375;1.99462890625;1.995849609375;1.995849609375;1.993408203125;1.9970703125;1.99462890625;1.990966796875;1.995849609375;1.995849609375;1.995849609375;1.99462890625;1.995849609375;1.9970703125;1.998291015625;1.998291015625;1.99951171875;1.995849609375;1.9921875;1.995849609375;2.000732421875;1.9970703125;1.9970703125
2024-08-29 15:31:23.562532;1.9970703125;2.000732421875;1.9970703125;1.998291015625;1.99462890625;1.990966796875;1.995849609375;1.9921875;1.988525390625;1.98486328125;1.983642578125;1.990966796875;1.99462890625;1.9970703125;1.998291015625;1.9921875;1.993408203125;1.9921875;1.9921875;1.9921875;1.9921875;1.9921875;1.98974609375;1.983642578125;1.982421875;1.986083984375;1.986083984375;1.9921875;1.990966796875;1.990966796875;1.990966796875;1.990966796875;1.9921875;1.993408203125;1.993408203125;1.993408203125;1.993408203125;1.98974609375;1.98974609375;1.99462890625;1.993408203125;1.9921875;1.98974609375;1.993408203125;1.99462890625;1.995849609375;1.9921875;1.990966796875;1.98974609375;1.988525390625;1.983642578125;1.98486328125;1.986083984375;1.986083984375;1.986083984375;1.98486328125;1.986083984375;1.98974609375;1.988525390625;1.9873046875;1.993408203125;1.993408203125;1.99462890625;1.99462890625;1.99462890625;1.9921875;1.988525390625;1.98974609375;1.990966796875;1.988525390625;1.98974609375;1.990966796875;1.98974609375;1.98974609375;1.98974609375;1.998291015625;1.993408203125;1.990966796875;1.986083984375;1.9873046875;1.98974609375;1.99462890625;1.9970703125;1.995849609375;1.995849609375;1.990966796875;1.993408203125;1.9970703125;1.995849609375;1.9970703125;1.993408203125;1.99462890625;1.99462890625;1.99462890625;1.995849609375;1.990966796875;1.993408203125;1.99462890625;1.986083984375;1.988525390625
2024-08-29 15:31:23.562532;1.990966796875;1.9921875;1.988525390625;1.9873046875;1.983642578125;1.983642578125;1.983642578125;1.982421875;1.983642578125;1.988525390625;1.9873046875;1.98486328125;1.982421875;1.988525390625;1.986083984375;1.99462890625;1.98974609375;1.9873046875;1.9873046875;1.988525390625;1.98974609375;1.990966796875;1.9970703125;2.001953125;2.001953125;2.00439453125;2.003173828125;2.001953125;1.99951171875;1.998291015625;1.9970703125;1.998291015625;1.99951171875;1.998291015625;1.998291015625;1.993408203125;1.986083984375;1.988525390625;1.990966796875;1.988525390625;1.9873046875;1.98974609375;1.9970703125;1.9970703125;1.99951171875;1.99951171875;1.995849609375;1.99951171875;1.9921875;1.990966796875;1.99462890625;2.001953125;1.99951171875;1.99462890625;1.9921875;1.988525390625;1.993408203125;2.000732421875;1.998291015625;1.9921875;1.990966796875;1.990966796875;1.98974609375;1.993408203125;2.001953125;2.000732421875;1.995849609375;1.995849609375;1.995849609375;1.995849609375;1.995849609375;1.99951171875;1.99951171875;2.000732421875;2.000732421875;1.998291015625;1.99462890625;1.98974609375;1.9921875;1.993408203125;1.9921875;1.993408203125;1.9970703125;1.99951171875;1.99951171875;1.995849609375;1.995849609375;1.995849609375;1.988525390625;1.978759765625;1.97998046875;1.98486328125;1.990966796875;1.9921875;1.990966796875;1.9873046875;1.986083984375;1.982421875;1.993408203125;1.995849609375
2024-08-29 15:31:23.594340;1.995849609375;1.998291015625;1.993408203125;1.98974609375;1.9921875;1.995849609375;1.998291015625;1.99462890625;1.9970703125;1.99951171875;1.99462890625;1.990966796875;1.9873046875;1.9873046875;1.993408203125;1.990966796875;1.990966796875;1.99462890625;1.995849609375;1.99462890625;1.99462890625;1.9921875;1.993408203125;1.993408203125;1.990966796875;1.990966796875;1.98974609375;1.9873046875;1.98486328125;1.982421875;1.98486328125;1.9873046875;1.990966796875;1.9921875;1.99462890625;1.99462890625;1.99462890625;1.98974609375;1.990966796875;1.99462890625;1.99462890625;1.995849609375;1.9921875;1.99462890625;1.99462890625;1.9921875;1.993408203125;1.995849609375;1.9921875;1.98974609375;1.990966796875;1.990966796875;1.993408203125;1.9921875;1.9921875;1.990966796875;1.9970703125;1.988525390625;1.9873046875;1.990966796875;1.98974609375;1.99951171875;1.998291015625;1.9921875;1.99462890625;1.998291015625;2.000732421875;2.000732421875;1.99951171875;2.001953125;2.00439453125;1.998291015625;1.9970703125;2.000732421875;1.99951171875;1.998291015625;2.000732421875;1.99951171875;1.993408203125;1.993408203125;1.995849609375;1.99462890625;1.99462890625;1.99462890625;1.99462890625;1.9970703125;1.99462890625;1.9921875;1.9921875;1.986083984375;1.981201171875;1.983642578125;1.990966796875;1.990966796875;1.99462890625;1.9970703125;1.998291015625;1.998291015625;1.988525390625;1.98974609375
2024-08-29 15:31:23.626233;1.98974609375;1.9921875;1.995849609375;1.99462890625;1.990966796875;1.9921875;1.98974609375;1.98974609375;1.990966796875;1.993408203125;1.9921875;1.99462890625;1.993408203125;1.9921875;1.9873046875;1.98974609375;1.98974609375;1.986083984375;1.981201171875;1.982421875;1.98486328125;1.98974609375;1.986083984375;1.990966796875;1.993408203125;1.993408203125;1.988525390625;1.986083984375;1.9873046875;1.982421875;1.9873046875;1.995849609375;1.99462890625;1.993408203125;1.993408203125;1.990966796875;1.98974609375;1.9921875;1.995849609375;1.99951171875;2.000732421875;2.001953125;1.995849609375;1.986083984375;1.98486328125;1.990966796875;1.98974609375;1.993408203125;1.9921875;1.99462890625;1.9921875;1.993408203125;1.9970703125;1.9970703125;1.993408203125;1.993408203125;1.99462890625;1.99462890625;1.99462890625;1.993408203125;1.990966796875;1.9873046875;1.986083984375;1.98486328125;1.988525390625;1.98974609375;1.988525390625;1.993408203125;1.9970703125;1.9970703125;2.000732421875;2.000732421875;1.9970703125;1.9970703125;1.9970703125;1.99462890625;1.995849609375;1.998291015625;2.001953125;2.001953125;2.005615234375;2.00439453125;2.003173828125;2.001953125;2.000732421875;1.995849609375;1.99462890625;1.99462890625;1.9970703125;1.99951171875;2.000732421875;1.99462890625;1.9921875;1.9921875;1.99462890625;1.9970703125;1.998291015625;1.99951171875;1.998291015625;1.99951171875
2024-08-29 15:31:23.634457;1.998291015625;1.98974609375;1.986083984375;1.986083984375;1.98974609375;1.9921875;1.9970703125;1.9970703125;1.993408203125;1.98974609375;1.98974609375;1.995849609375;1.99951171875;2.005615234375;2.001953125;1.9970703125;1.998291015625;1.990966796875;1.9921875;1.99951171875;1.9970703125;1.993408203125;1.9921875;1.9921875;1.993408203125;1.990966796875;1.9873046875;1.986083984375;1.986083984375;1.988525390625;1.993408203125;1.99462890625;1.995849609375;1.9970703125;1.988525390625;1.9873046875;1.982421875;1.98486328125;1.98974609375;1.990966796875;1.9921875;1.993408203125;1.990966796875;1.9921875;1.98974609375;1.9921875;1.993408203125;1.99462890625;1.995849609375;1.993408203125;1.99462890625;1.9921875;1.9921875;1.9970703125;1.998291015625;1.9970703125;1.993408203125;1.9921875;1.990966796875;1.9921875;1.98974609375;1.986083984375;1.98486328125;1.9873046875;1.990966796875;1.9921875;1.9921875;1.9970703125;1.9970703125;1.998291015625;2.001953125;2.001953125;1.9970703125;1.993408203125;1.99462890625;1.99462890625;1.990966796875;1.990966796875;1.9921875;1.995849609375;2.000732421875;2.003173828125;2.001953125;1.9970703125;1.99462890625;1.993408203125;1.98974609375;1.98974609375;1.9921875;1.9921875;1.9921875;1.993408203125;1.9921875;1.98974609375;1.98974609375;1.98974609375;1.988525390625;1.99462890625;1.986083984375;1.9873046875
2024-08-29 15:31:23.663961;1.993408203125;1.99462890625;1.993408203125;1.99462890625;1.993408203125;1.990966796875;1.988525390625;1.993408203125;1.99462890625;1.995849609375;1.995849609375;1.998291015625;1.99462890625;1.993408203125;1.988525390625;1.9921875;1.99462890625;1.99951171875;1.998291015625;1.99951171875;1.99951171875;1.988525390625;1.9873046875;1.98486328125;1.9873046875;1.990966796875;1.993408203125;1.99462890625;1.99462890625;2.000732421875;2.000732421875;1.995849609375;1.993408203125;1.9921875;1.9921875;1.995849609375;1.998291015625;1.995849609375;1.995849609375;1.99462890625;1.9970703125;1.9970703125;2.001953125;2.000732421875;1.998291015625;1.995849609375;1.993408203125;1.988525390625;1.9873046875;1.98974609375;1.99462890625;1.993408203125;1.9921875;1.990966796875;1.9873046875;1.990966796875;1.9970703125;2.000732421875;1.995849609375;1.98974609375;1.9921875;1.995849609375;1.995849609375;1.995849609375;1.995849609375;1.990966796875;1.988525390625;1.983642578125;1.983642578125;1.98974609375;1.988525390625;1.988525390625;1.988525390625;1.98974609375;1.9921875;1.993408203125;1.9970703125;1.998291015625;1.9970703125;1.993408203125;1.99462890625;1.993408203125;1.986083984375;1.981201171875;1.986083984375;1.988525390625;1.9873046875;1.9873046875;1.988525390625;1.993408203125;1.993408203125;1.99462890625;1.99462890625;1.9921875;1.9873046875;1.98974609375;1.9873046875;1.9873046875;1.982421875;1.9775390625
2024-08-29 15:31:23.692106;1.986083984375;1.986083984375;1.990966796875;1.988525390625;1.988525390625;1.98974609375;1.9921875;1.998291015625;1.99951171875;2.003173828125;1.99951171875;1.9921875;1.98974609375;1.990966796875;1.990966796875;1.9921875;1.993408203125;1.99462890625;1.9921875;1.988525390625;1.988525390625;1.99462890625;1.995849609375;1.995849609375;1.99462890625;1.99462890625;1.995849609375;1.993408203125;1.99462890625;1.995849609375;1.993408203125;1.990966796875;1.98974609375;1.9921875;1.9921875;1.98974609375;1.9873046875;1.986083984375;1.982421875;1.990966796875;1.9921875;1.9970703125;1.9970703125;1.9921875;1.988525390625;1.990966796875;1.9921875;1.99462890625;1.98974609375;1.98974609375;1.990966796875;1.993408203125;1.9921875;1.98974609375;1.988525390625;1.9873046875;1.98974609375;1.993408203125;1.995849609375;1.995849609375;1.99951171875;2.000732421875;1.998291015625;1.99462890625;1.993408203125;1.9921875;1.98974609375;1.988525390625;1.9873046875;1.995849609375;1.998291015625;1.998291015625;1.998291015625;1.99951171875;1.99951171875;1.9970703125;1.993408203125;1.988525390625;1.9873046875;1.983642578125;1.98486328125;1.986083984375;1.986083984375;1.988525390625;1.990966796875;1.986083984375;1.9921875;1.993408203125;1.9921875;1.995849609375;1.998291015625;1.99462890625;1.993408203125;1.99462890625;1.98974609375;1.990966796875;1.9921875;1.993408203125;1.986083984375;1.9873046875
2024-08-29 15:31:23.716920;1.988525390625;1.98974609375;1.990966796875;1.9921875;1.990966796875;1.98974609375;1.990966796875;1.98974609375;1.993408203125;1.9970703125;1.9970703125;1.99462890625;1.995849609375;1.99462890625;1.993408203125;1.99462890625;1.993408203125;1.9921875;1.9921875;1.990966796875;1.99462890625;1.990966796875;1.993408203125;1.9921875;1.993408203125;1.99462890625;1.99462890625;1.993408203125;1.99462890625;1.993408203125;1.990966796875;1.99462890625;1.99462890625;1.98974609375;1.9921875;1.993408203125;1.99951171875;2.000732421875;2.003173828125;2.00439453125;2.00439453125;2.003173828125;2.003173828125;2.0068359375;2.00927734375;2.00439453125;1.99951171875;1.9970703125;1.993408203125;1.993408203125;1.995849609375;1.9921875;1.986083984375;1.9873046875;1.98486328125;1.9873046875;1.988525390625;1.988525390625;1.9873046875;1.9873046875;1.9873046875;1.9921875;1.993408203125;1.995849609375;1.99462890625;1.990966796875;1.99462890625;2.001953125;1.99951171875;1.998291015625;1.993408203125;1.995849609375;1.9970703125;1.99462890625;1.995849609375;1.9970703125;1.9970703125;1.995849609375;1.993408203125;1.98974609375;1.98974609375;1.990966796875;1.9921875;1.993408203125;2.001953125;2.0068359375;2.005615234375;1.998291015625;1.9970703125;2.001953125;2.00439453125;1.998291015625;1.99462890625;1.99462890625;1.9921875;1.9873046875;1.982421875;1.9873046875;1.988525390625;1.98974609375
2024-08-29 15:31:23.745888;1.9873046875;1.9873046875;1.9873046875;1.983642578125;1.986083984375;1.97998046875;1.97998046875;1.9775390625;1.9775390625;1.981201171875;1.97998046875;1.982421875;1.982421875;1.97998046875;1.986083984375;1.982421875;1.983642578125;1.986083984375;1.97998046875;1.97509765625;1.978759765625;1.981201171875;1.978759765625;1.9775390625;1.97998046875;1.982421875;1.98486328125;1.98974609375;1.990966796875;1.995849609375;2.000732421875;1.9970703125;1.98974609375;1.990966796875;1.990966796875;1.98974609375;1.9873046875;1.9873046875;1.990966796875;1.995849609375;1.99951171875;1.998291015625;1.99951171875;1.995849609375;1.993408203125;1.9921875;1.986083984375;1.98974609375;1.98974609375;1.98486328125;1.9873046875;1.988525390625;1.9921875;1.98974609375;1.988525390625;1.98974609375;1.98974609375;1.986083984375;1.990966796875;1.995849609375;1.995849609375;1.99462890625;1.993408203125;1.988525390625;1.988525390625;1.988525390625;1.990966796875;1.993408203125;1.99462890625;2.000732421875;2.000732421875;2.000732421875;1.995849609375;1.98974609375;1.988525390625;1.990966796875;1.98974609375;1.993408203125;1.9921875;1.988525390625;1.990966796875;1.9921875;1.995849609375;1.9970703125;1.993408203125;1.99462890625;1.9970703125;1.9970703125;1.993408203125;1.9921875;1.986083984375;1.98974609375;1.98974609375;1.990966796875;1.993408203125;1.993408203125;1.993408203125;1.995849609375;1.9970703125;1.995849609375
2024-08-29 15:31:23.774531;1.9921875;1.9921875;1.98974609375;1.98974609375;1.990966796875;1.990966796875;1.993408203125;2.000732421875;1.99951171875;1.995849609375;1.993408203125;1.988525390625;1.990966796875;1.995849609375;1.99462890625;1.988525390625;1.98486328125;1.993408203125;1.9921875;1.98974609375;1.99462890625;1.99462890625;1.99462890625;1.995849609375;1.993408203125;1.998291015625;1.993408203125;1.988525390625;1.993408203125;1.99951171875;1.9970703125;1.995849609375;1.998291015625;2.003173828125;2.000732421875;1.995849609375;1.99462890625;2.000732421875;2.003173828125;1.99951171875;1.998291015625;1.9970703125;1.995849609375;1.9921875;1.988525390625;1.9873046875;1.990966796875;1.98974609375;1.9873046875;1.9921875;1.988525390625;1.98974609375;1.98974609375;1.990966796875;1.990966796875;1.995849609375;1.99462890625;1.988525390625;1.990966796875;1.98974609375;1.986083984375;1.98486328125;1.97998046875;1.983642578125;1.990966796875;1.993408203125;1.98974609375;1.993408203125;1.986083984375;1.98974609375;1.99462890625;1.9970703125;1.993408203125;1.993408203125;1.99951171875;1.998291015625;1.995849609375;1.9921875;1.993408203125;1.993408203125;1.990966796875;1.990966796875;1.993408203125;1.993408203125;1.99462890625;1.99462890625;1.99462890625;1.9970703125;1.990966796875;1.9921875;1.993408203125;1.995849609375;1.993408203125;1.995849609375;1.9970703125;1.9970703125;1.9921875;1.988525390625;1.98974609375;1.993408203125
2024-08-29 15:31:23.803583;1.9921875;1.98974609375;1.990966796875;1.993408203125;1.9921875;1.98974609375;1.9921875;1.9970703125;1.993408203125;1.993408203125;1.995849609375;1.99951171875;1.998291015625;1.99951171875;1.995849609375;1.995849609375;1.99462890625;1.998291015625;1.9970703125;1.9970703125;1.995849609375;1.99462890625;1.993408203125;1.9921875;1.98974609375;1.988525390625;1.98974609375;1.9873046875;1.983642578125;1.98486328125;1.9873046875;1.990966796875;1.9921875;1.99462890625;1.99462890625;1.995849609375;1.995849609375;1.9970703125;1.99951171875;1.9970703125;1.9970703125;1.9970703125;1.998291015625;1.998291015625;1.995849609375;1.993408203125;1.98974609375;1.990966796875;1.99462890625;1.9970703125;1.995849609375;1.993408203125;1.9921875;1.990966796875;1.9921875;1.988525390625;1.990966796875;1.988525390625;1.990966796875;1.993408203125;1.993408203125;1.9873046875;1.98486328125;1.988525390625;1.9873046875;1.988525390625;1.98974609375;1.98974609375;1.993408203125;1.993408203125;2.000732421875;1.995849609375;1.99462890625;1.995849609375;1.99462890625;1.993408203125;1.99462890625;1.99462890625;1.9921875;1.993408203125;1.995849609375;1.993408203125;1.99462890625;1.99951171875;2.001953125;1.99462890625;1.98974609375;1.98974609375;1.9921875;1.9970703125;1.99951171875;1.99951171875;1.9970703125;1.99951171875;1.998291015625;1.9970703125;1.995849609375;1.993408203125;1.99951171875;2.000732421875
2024-08-29 15:31:23.826992;1.995849609375;1.9970703125;1.998291015625;1.99462890625;1.9921875;1.9921875;1.993408203125;1.99462890625;1.995849609375;1.998291015625;1.998291015625;1.995849609375;1.995849609375;1.995849609375;1.9873046875;1.983642578125;1.982421875;1.9873046875;1.99462890625;1.9970703125;1.998291015625;2.000732421875;1.99951171875;2.003173828125;2.003173828125;1.99462890625;1.9921875;1.995849609375;1.9970703125;2.000732421875;1.998291015625;1.995849609375;1.993408203125;1.9970703125;1.995849609375;1.99462890625;1.9970703125;1.998291015625;1.9970703125;1.9970703125;1.99462890625;1.98974609375;1.9921875;1.990966796875;1.990966796875;1.99462890625;1.995849609375;1.9921875;1.988525390625;1.9873046875;1.986083984375;1.986083984375;1.98974609375;1.988525390625;1.9921875;1.988525390625;1.993408203125;1.98974609375;1.98974609375;1.990966796875;1.99462890625;1.9970703125;1.993408203125;1.990966796875;1.9921875;1.9873046875;1.98486328125;1.9873046875;1.990966796875;1.98974609375;1.9873046875;1.988525390625;1.988525390625;1.9921875;1.998291015625;1.9970703125;1.99462890625;1.993408203125;1.9970703125;1.993408203125;1.9921875;1.9921875;1.993408203125;1.993408203125;1.990966796875;1.988525390625;1.98974609375;1.98974609375;1.990966796875;1.993408203125;1.990966796875;1.98974609375;1.993408203125;1.990966796875;1.990966796875;1.9921875;1.988525390625;1.988525390625;1.98974609375;1.982421875
2024-08-29 15:31:23.855789;1.978759765625;1.9775390625;1.982421875;1.983642578125;1.983642578125;1.988525390625;1.983642578125;1.981201171875;1.983642578125;1.98974609375;1.990966796875;1.995849609375;1.99462890625;1.995849609375;1.995849609375;1.99951171875;1.995849609375;1.990966796875;1.988525390625;1.990966796875;1.990966796875;1.990966796875;1.990966796875;1.98974609375;1.993408203125;1.99462890625;1.995849609375;1.99462890625;1.990966796875;1.98974609375;1.99462890625;1.98974609375;1.986083984375;1.983642578125;1.990966796875;1.993408203125;1.99462890625;2.001953125;2.001953125;1.99951171875;1.998291015625;2.001953125;2.00439453125;2.008056640625;2.01171875;2.012939453125;2.010498046875;2.005615234375;2.008056640625;2.005615234375;2.00439453125;2.00439453125;2.005615234375;2.005615234375;2.003173828125;1.99951171875;2.003173828125;1.998291015625;2.000732421875;2.000732421875;1.99462890625;1.98974609375;1.9873046875;1.9873046875;1.986083984375;1.993408203125;1.998291015625;1.995849609375;1.99462890625;1.99462890625;1.993408203125;1.988525390625;1.988525390625;1.98974609375;1.9873046875;1.988525390625;1.98974609375;1.995849609375;1.9970703125;1.995849609375;1.993408203125;1.9921875;1.98486328125;1.981201171875;1.98486328125;1.982421875;1.97998046875;1.97998046875;1.983642578125;1.97998046875;1.976318359375;1.978759765625;1.983642578125;1.9873046875;1.983642578125;1.98486328125;1.9873046875;1.98974609375;1.9970703125;1.993408203125
2024-08-29 15:31:23.885104;1.99462890625;1.99462890625;1.98974609375;1.98974609375;1.98974609375;1.990966796875;1.9921875;1.990966796875;1.9873046875;1.988525390625;1.99462890625;1.995849609375;1.99462890625;1.9970703125;1.995849609375;1.993408203125;1.995849609375;1.9970703125;1.995849609375;1.990966796875;1.9921875;1.990966796875;1.98486328125;1.98486328125;1.9873046875;1.9921875;1.990966796875;1.990966796875;1.98974609375;1.98974609375;1.98974609375;1.988525390625;1.9873046875;1.9873046875;1.988525390625;1.990966796875;1.99462890625;1.99951171875;1.998291015625;1.993408203125;1.990966796875;1.988525390625;1.988525390625;1.98974609375;1.98974609375;1.990966796875;1.993408203125;1.98974609375;1.9873046875;1.990966796875;1.990966796875;1.98974609375;1.9921875;1.99462890625;1.99462890625;1.9921875;1.990966796875;1.993408203125;1.993408203125;1.995849609375;1.998291015625;1.99951171875;1.998291015625;1.995849609375;1.995849609375;1.995849609375;1.9970703125;1.9970703125;1.988525390625;1.981201171875;1.981201171875;1.9873046875;1.9921875;1.995849609375;1.99462890625;1.995849609375;2.001953125;2.00439453125;2.001953125;1.9970703125;1.993408203125;1.98974609375;1.98974609375;1.993408203125;1.99462890625;1.993408203125;1.993408203125;1.9970703125;2.000732421875;1.9970703125;1.99462890625;1.99462890625;1.9970703125;1.9970703125;1.9970703125;1.9970703125;1.995849609375;1.993408203125;1.998291015625;1.995849609375
