fs 3700;frames_per_buffer None;samples_per_frame None;refresh_rate_hz None
2024-08-29 15:33:47.679180;33.13232421875;32.81005859375;1.9873046875;1.988525390625;1.98974609375;1.988525390625;1.990966796875;1.98974609375;1.98486328125;1.983642578125;1.982421875;1.978759765625;1.9775390625;1.976318359375;1.97509765625;1.97265625;1.976318359375;1.983642578125;1.986083984375;1.9873046875;1.9921875;1.998291015625;1.99951171875;2.000732421875;1.995849609375;1.9921875;1.990966796875;1.988525390625;1.98486328125;1.993408203125;1.9921875;1.98974609375;1.988525390625;1.9873046875;1.9873046875;1.98486328125;1.986083984375;1.983642578125;1.982421875;1.983642578125;1.98974609375;1.99462890625;1.99951171875;1.9970703125;1.99462890625;1.995849609375;1.998291015625;1.9970703125;1.995849609375;1.9921875;1.990966796875;1.9921875;1.9921875;1.990966796875;1.98974609375;1.993408203125;1.9921875;1.9970703125;1.9970703125;1.9970703125;1.9970703125;1.99462890625;1.9921875;1.98974609375;1.988525390625;1.986083984375;1.9873046875;1.986083984375;1.9921875;1.99462890625;1.990966796875;1.9921875;1.993408203125;1.99462890625;1.98974609375;1.98486328125;1.988525390625;1.9921875;1.995849609375;1.99462890625;1.9970703125;2.001953125;2.00439453125;2.000732421875;2.001953125;2.000732421875;1.99951171875;1.99951171875;1.998291015625;1.99462890625;1.995849609375;1.99462890625;1.9970703125;2.000732421875;2.00439453125;2.00439453125;2.008056640625;2.010498046875;2.008056640625;2.001953125
2024-08-29 15:33:47.703840;2.000732421875;2.000732421875;1.993408203125;1.98974609375;1.99462890625;1.9921875;1.9873046875;1.988525390625;1.988525390625;1.995849609375;1.99462890625;1.9921875;1.988525390625;1.986083984375;1.986083984375;1.983642578125;1.990966796875;1.988525390625;1.98974609375;1.9921875;1.990966796875;1.990966796875;1.9873046875;1.993408203125;2.003173828125;2.005615234375;1.99951171875;1.99462890625;1.993408203125;1.98974609375;1.9873046875;1.990966796875;1.99462890625;1.9921875;1.993408203125;1.9921875;1.98974609375;1.98974609375;1.9873046875;1.993408203125;1.998291015625;2.003173828125;1.998291015625;1.998291015625;1.995849609375;1.9970703125;1.9970703125;1.995849609375;1.9970703125;1.995849609375;1.99462890625;1.99462890625;1.990966796875;1.988525390625;1.98974609375;1.990966796875;1.990966796875;1.9970703125;2.001953125;1.998291015625;1.998291015625;1.99951171875;1.9970703125;1.9921875;1.993408203125;1.9921875;1.995849609375;1.99462890625;1.993408203125;1.990966796875;1.9873046875;1.9873046875;1.990966796875;1.9921875;1.9921875;1.9873046875;1.988525390625;1.9873046875;1.99462890625;1.995849609375;1.9970703125;1.995849609375;1.9970703125;1.9970703125;1.9970703125;1.99951171875;1.99462890625;1.993408203125;1.990966796875;1.98486328125;1.9873046875;1.986083984375;1.98486328125;1.98486328125;1.988525390625;1.990966796875;1.990966796875;1.988525390625;1.988525390625;1.993408203125
2024-08-29 15:33:47.732619;1.995849609375;1.99462890625;1.99951171875;1.990966796875;1.98974609375;1.9921875;1.993408203125;1.993408203125;1.990966796875;1.98974609375;1.99462890625;1.99462890625;1.990966796875;1.99462890625;1.99462890625;1.998291015625;2.000732421875;2.001953125;2.000732421875;1.995849609375;1.98974609375;1.982421875;1.981201171875;1.983642578125;1.98974609375;1.9921875;1.9921875;1.99462890625;1.993408203125;1.990966796875;1.9873046875;1.9873046875;1.988525390625;1.988525390625;1.986083984375;1.986083984375;1.983642578125;1.988525390625;1.988525390625;1.98486328125;1.988525390625;1.9873046875;1.986083984375;1.988525390625;1.98974609375;1.990966796875;1.986083984375;1.988525390625;1.9921875;1.9970703125;1.9970703125;1.9921875;1.98974609375;1.986083984375;1.988525390625;1.9873046875;1.98486328125;1.982421875;1.97998046875;1.981201171875;1.97509765625;1.982421875;1.986083984375;1.982421875;1.9873046875;1.9873046875;1.990966796875;1.993408203125;1.9970703125;1.9921875;1.9921875;1.9970703125;1.998291015625;1.99462890625;1.9921875;1.9921875;1.99462890625;1.98974609375;1.983642578125;1.98974609375;1.998291015625;2.005615234375;2.003173828125;1.99951171875;2.000732421875;2.000732421875;1.99951171875;2.0068359375;2.00927734375;2.00927734375;2.012939453125;2.01416015625;2.010498046875;2.0068359375;2.0068359375;2.0068359375;2.003173828125;2.000732421875;1.995849609375;1.998291015625
2024-08-29 15:33:47.761500;2.000732421875;1.998291015625;1.983642578125;1.98974609375;1.98974609375;1.98974609375;1.9873046875;1.986083984375;1.983642578125;1.982421875;1.982421875;1.9873046875;1.988525390625;1.990966796875;1.9921875;1.9921875;1.98486328125;1.98486328125;1.986083984375;1.98974609375;1.99462890625;1.99462890625;1.995849609375;1.99951171875;1.998291015625;1.9970703125;1.995849609375;1.995849609375;1.9921875;1.995849609375;1.9970703125;1.98974609375;1.981201171875;1.983642578125;1.988525390625;1.98974609375;1.9921875;1.993408203125;1.993408203125;1.995849609375;2.000732421875;1.998291015625;1.998291015625;1.9970703125;1.998291015625;2.000732421875;1.995849609375;1.99462890625;1.9921875;1.9970703125;1.995849609375;1.99462890625;1.990966796875;1.98974609375;1.99462890625;1.99951171875;1.9970703125;1.998291015625;1.995849609375;1.993408203125;1.98974609375;1.993408203125;1.9970703125;1.993408203125;1.9921875;1.9873046875;1.986083984375;1.988525390625;1.990966796875;1.995849609375;1.995849609375;1.998291015625;1.998291015625;1.99462890625;1.9970703125;1.995849609375;1.9970703125;1.99462890625;1.99462890625;1.9921875;1.9921875;1.99462890625;1.99462890625;1.9921875;1.990966796875;1.9921875;1.990966796875;1.9970703125;1.99462890625;1.9873046875;1.9921875;1.990966796875;1.9921875;1.9921875;1.993408203125;1.9970703125;1.998291015625;1.993408203125;1.9873046875;1.98486328125
2024-08-29 15:33:47.785946;1.988525390625;1.988525390625;1.993408203125;1.988525390625;1.98486328125;1.982421875;1.981201171875;1.986083984375;1.98974609375;1.988525390625;1.990966796875;1.9921875;1.9921875;1.990966796875;1.990966796875;1.993408203125;1.993408203125;1.99462890625;1.9921875;1.99462890625;1.998291015625;1.9970703125;1.995849609375;1.99462890625;1.993408203125;1.995849609375;1.990966796875;1.995849609375;1.99462890625;1.988525390625;1.988525390625;1.988525390625;1.98974609375;1.98974609375;1.9970703125;2.001953125;1.998291015625;1.99951171875;1.99951171875;2.000732421875;1.9970703125;1.993408203125;1.990966796875;1.993408203125;1.993408203125;1.99462890625;1.993408203125;1.990966796875;1.988525390625;1.990966796875;1.993408203125;1.9921875;1.988525390625;1.98486328125;1.98486328125;1.98974609375;1.995849609375;1.995849609375;1.9921875;1.990966796875;1.993408203125;1.99462890625;1.99462890625;1.9921875;1.993408203125;1.993408203125;1.990966796875;1.9921875;1.9921875;1.98974609375;1.988525390625;1.990966796875;1.990966796875;1.988525390625;1.98974609375;1.993408203125;1.993408203125;1.9921875;1.998291015625;1.995849609375;1.9970703125;2.001953125;1.99951171875;1.995849609375;1.990966796875;1.99462890625;2.003173828125;2.001953125;1.995849609375;1.990966796875;1.98974609375;1.988525390625;1.983642578125;1.983642578125;1.98974609375;1.99462890625;1.99462890625;1.9921875;1.99462890625;1.988525390625
2024-08-29 15:33:47.814566;1.993408203125;2.000732421875;1.99462890625;1.993408203125;1.99462890625;1.993408203125;1.995849609375;1.99462890625;1.99462890625;1.99462890625;1.99462890625;1.99462890625;1.995849609375;2.005615234375;2.00927734375;2.001953125;2.000732421875;1.99951171875;2.000732421875;1.998291015625;2.000732421875;2.001953125;2.000732421875;1.99951171875;1.9921875;1.993408203125;1.993408203125;1.9921875;2.000732421875;1.9970703125;1.9921875;1.98974609375;1.988525390625;1.993408203125;1.988525390625;1.98974609375;1.995849609375;1.9970703125;1.98974609375;1.986083984375;1.9873046875;1.9921875;1.995849609375;1.9970703125;1.995849609375;1.9921875;1.995849609375;1.9970703125;1.99462890625;1.9921875;1.99462890625;1.993408203125;1.9873046875;1.9873046875;1.99462890625;1.993408203125;1.990966796875;1.99462890625;1.99462890625;1.99462890625;1.993408203125;1.99462890625;1.9921875;1.988525390625;1.988525390625;1.9873046875;1.990966796875;1.995849609375;1.9921875;1.988525390625;1.986083984375;1.990966796875;1.990966796875;1.988525390625;1.9921875;1.9921875;1.988525390625;1.988525390625;1.9873046875;1.98486328125;1.9873046875;1.988525390625;1.990966796875;1.9921875;1.99462890625;1.998291015625;1.993408203125;1.98974609375;1.993408203125;1.98974609375;1.988525390625;1.9921875;1.9921875;1.9873046875;1.9873046875;1.990966796875;1.99462890625;1.998291015625;1.998291015625;1.9921875
2024-08-29 15:33:47.842995;1.98974609375;1.990966796875;1.9873046875;1.988525390625;1.986083984375;1.981201171875;1.98486328125;1.98974609375;1.988525390625;1.98486328125;1.9873046875;1.990966796875;1.99462890625;1.990966796875;1.990966796875;1.9921875;1.9921875;1.99462890625;1.995849609375;1.998291015625;1.99951171875;1.99951171875;1.99462890625;1.99462890625;1.98974609375;1.983642578125;1.97998046875;1.982421875;1.983642578125;1.98486328125;1.988525390625;1.9970703125;1.995849609375;1.998291015625;2.003173828125;2.00439453125;2.003173828125;2.001953125;2.000732421875;2.00439453125;2.001953125;2.005615234375;2.0068359375;2.00439453125;2.000732421875;1.9970703125;1.99951171875;2.000732421875;2.000732421875;1.998291015625;1.99951171875;1.99951171875;2.000732421875;2.000732421875;2.001953125;2.001953125;1.995849609375;1.995849609375;2.003173828125;1.99951171875;1.995849609375;1.990966796875;1.99951171875;2.001953125;2.000732421875;1.995849609375;1.988525390625;1.9873046875;1.98486328125;1.98486328125;1.988525390625;1.9921875;1.99462890625;1.998291015625;2.001953125;2.000732421875;2.003173828125;2.0068359375;2.000732421875;1.99951171875;2.000732421875;2.000732421875;2.00439453125;2.000732421875;1.9970703125;1.99951171875;1.99462890625;1.99462890625;1.9921875;1.986083984375;1.986083984375;1.98974609375;1.993408203125;1.993408203125;1.9970703125;1.993408203125;1.993408203125;1.9970703125;2.000732421875;1.998291015625
2024-08-29 15:33:47.871673;1.9970703125;1.993408203125;1.988525390625;1.988525390625;1.988525390625;1.9921875;1.995849609375;1.99951171875;1.99951171875;1.998291015625;1.99951171875;1.998291015625;1.995849609375;1.998291015625;2.000732421875;2.001953125;2.001953125;1.990966796875;1.9873046875;1.9873046875;1.9873046875;1.98974609375;1.98486328125;1.982421875;1.981201171875;1.982421875;1.988525390625;1.983642578125;1.98486328125;1.9873046875;1.988525390625;1.98974609375;1.986083984375;1.982421875;1.98486328125;1.9921875;1.990966796875;1.995849609375;1.9970703125;1.990966796875;1.986083984375;1.988525390625;1.990966796875;1.9921875;1.988525390625;1.988525390625;1.993408203125;1.993408203125;1.9921875;1.9921875;1.9970703125;1.993408203125;1.990966796875;1.9921875;1.990966796875;1.9970703125;1.99462890625;1.9921875;1.995849609375;1.99462890625;1.995849609375;1.99462890625;1.9970703125;1.9970703125;1.990966796875;1.993408203125;1.9970703125;1.99462890625;1.9921875;1.99462890625;1.993408203125;1.98974609375;1.99462890625;1.9970703125;1.99951171875;2.000732421875;1.9970703125;1.99462890625;1.9921875;1.993408203125;1.998291015625;2.000732421875;1.995849609375;1.993408203125;1.99462890625;1.9970703125;1.99951171875;2.001953125;1.9970703125;2.000732421875;2.001953125;2.001953125;1.99951171875;1.9970703125;1.99951171875;1.99951171875;1.9921875;1.988525390625;1.990966796875;1.993408203125
2024-08-29 15:33:47.895834;1.9921875;1.990966796875;1.993408203125;1.988525390625;1.981201171875;1.982421875;1.98486328125;1.983642578125;1.9873046875;1.988525390625;1.9873046875;1.988525390625;1.98974609375;1.99462890625;1.9921875;1.9921875;1.9921875;1.993408203125;1.99462890625;1.99462890625;1.993408203125;1.99462890625;1.993408203125;1.9921875;1.98974609375;1.99462890625;2.000732421875;2.001953125;1.998291015625;1.99462890625;1.9921875;1.998291015625;1.998291015625;1.9970703125;1.9921875;1.990966796875;1.9873046875;1.988525390625;1.988525390625;1.99462890625;1.9970703125;1.995849609375;1.995849609375;1.99462890625;1.995849609375;1.993408203125;1.99462890625;1.9921875;1.9921875;1.990966796875;1.986083984375;1.9873046875;1.995849609375;1.998291015625;1.995849609375;1.99951171875;1.99951171875;1.99951171875;2.003173828125;2.001953125;1.99951171875;1.9970703125;1.99462890625;1.990966796875;1.9921875;1.990966796875;1.990966796875;1.990966796875;1.99462890625;1.998291015625;2.000732421875;1.993408203125;1.995849609375;1.9970703125;1.99462890625;1.98974609375;1.995849609375;1.9921875;1.988525390625;1.988525390625;1.98974609375;1.9921875;1.995849609375;1.9921875;1.993408203125;1.990966796875;1.988525390625;1.98974609375;1.99462890625;1.993408203125;1.9873046875;1.990966796875;1.993408203125;1.99462890625;1.993408203125;1.990966796875;1.993408203125;1.99462890625;1.990966796875;1.98974609375
2024-08-29 15:33:47.925018;1.98974609375;1.98974609375;1.988525390625;1.988525390625;1.98974609375;1.993408203125;1.993408203125;1.99462890625;1.99462890625;1.998291015625;2.001953125;1.998291015625;1.9970703125;2.000732421875;2.001953125;2.001953125;1.998291015625;1.99951171875;2.005615234375;2.0068359375;2.005615234375;2.000732421875;1.99951171875;2.003173828125;2.00439453125;2.005615234375;2.00439453125;1.9970703125;1.9970703125;2.001953125;2.000732421875;1.9970703125;1.99951171875;1.998291015625;1.9970703125;1.993408203125;1.9921875;1.9921875;1.9921875;1.993408203125;1.990966796875;1.990966796875;1.988525390625;1.9921875;1.995849609375;1.990966796875;1.9873046875;1.9873046875;1.98486328125;1.981201171875;1.986083984375;1.9873046875;1.98974609375;1.993408203125;1.995849609375;1.995849609375;1.993408203125;1.9970703125;2.000732421875;1.998291015625;1.993408203125;1.993408203125;1.9921875;1.9921875;1.9921875;1.99462890625;1.995849609375;1.99462890625;1.9970703125;1.99462890625;1.99951171875;2.001953125;1.99462890625;1.9921875;1.988525390625;1.990966796875;1.9970703125;1.995849609375;1.99462890625;1.990966796875;1.988525390625;1.99462890625;1.9970703125;1.99951171875;1.99462890625;1.9873046875;1.990966796875;1.98974609375;1.990966796875;1.993408203125;1.9921875;1.993408203125;1.99462890625;1.99462890625;1.99462890625;1.9970703125;1.99462890625;1.990966796875;1.9921875;1.983642578125
2024-08-29 15:33:47.953544;1.9873046875;1.986083984375;1.97998046875;1.98486328125;1.98486328125;1.983642578125;1.983642578125;1.9873046875;1.98974609375;1.98486328125;1.990966796875;1.990966796875;1.98974609375;1.990966796875;1.99462890625;1.993408203125;1.993408203125;1.988525390625;1.986083984375;1.98486328125;1.986083984375;1.98974609375;1.993408203125;1.990966796875;1.9921875;1.98974609375;1.9921875;1.995849609375;1.9970703125;1.9970703125;1.99462890625;1.9921875;1.990966796875;1.988525390625;1.98486328125;1.986083984375;1.988525390625;1.9921875;1.998291015625;2.001953125;1.998291015625;1.990966796875;1.98974609375;1.99462890625;1.99462890625;1.990966796875;1.993408203125;1.99462890625;1.995849609375;1.98974609375;1.988525390625;1.99462890625;1.9970703125;1.9970703125;2.000732421875;2.0068359375;2.0068359375;2.00927734375;2.0068359375;2.0068359375;2.001953125;1.99951171875;2.000732421875;2.001953125;2.003173828125;1.9970703125;1.998291015625;1.99951171875;2.003173828125;1.99951171875;1.99951171875;1.99951171875;2.000732421875;1.998291015625;1.995849609375;1.99951171875;2.001953125;2.003173828125;1.99951171875;2.003173828125;2.001953125;2.001953125;2.00439453125;2.001953125;1.995849609375;1.99462890625;1.995849609375;1.9921875;1.988525390625;1.982421875;1.981201171875;1.983642578125;1.98486328125;1.9873046875;1.990966796875;1.99462890625;1.99462890625;1.995849609375;2.000732421875;1.99951171875
2024-08-29 15:33:47.978754;1.99951171875;1.995849609375;1.9970703125;1.9970703125;1.993408203125;1.995849609375;1.9970703125;1.99462890625;1.993408203125;1.99462890625;1.995849609375;1.99951171875;2.001953125;2.003173828125;1.9970703125;1.99462890625;1.99462890625;1.98974609375;1.9921875;1.9970703125;1.99462890625;1.9873046875;1.9873046875;1.98974609375;1.9970703125;2.00439453125;2.000732421875;1.99951171875;1.998291015625;1.99951171875;1.995849609375;1.9970703125;2.001953125;1.998291015625;1.99951171875;1.998291015625;2.001953125;2.000732421875;2.001953125;1.99951171875;1.9970703125;1.99462890625;1.99462890625;1.998291015625;2.000732421875;1.993408203125;1.990966796875;1.98974609375;1.990966796875;1.995849609375;1.993408203125;1.993408203125;1.998291015625;1.99951171875;2.003173828125;2.003173828125;1.998291015625;1.998291015625;1.995849609375;1.9970703125;2.000732421875;1.9970703125;1.995849609375;1.993408203125;1.99462890625;1.9970703125;1.993408203125;1.993408203125;1.988525390625;1.982421875;1.9873046875;1.98974609375;1.993408203125;1.99462890625;1.990966796875;1.993408203125;1.995849609375;1.9970703125;1.99462890625;1.993408203125;1.990966796875;1.9873046875;1.986083984375;1.990966796875;1.9873046875;1.986083984375;1.988525390625;1.99462890625;1.993408203125;1.9921875;1.986083984375;1.9873046875;1.9921875;1.990966796875;1.990966796875;1.998291015625;1.995849609375;1.995849609375;1.995849609375;1.99462890625
2024-08-29 15:33:48.007195;1.993408203125;1.993408203125;1.9970703125;1.9970703125;2.000732421875;1.995849609375;1.995849609375;2.000732421875;1.99951171875;2.000732421875;2.001953125;1.998291015625;1.9970703125;1.9921875;1.98974609375;1.98486328125;1.98486328125;1.983642578125;1.981201171875;1.982421875;1.98974609375;1.9921875;1.9873046875;1.98974609375;1.9873046875;1.990966796875;1.99951171875;2.003173828125;2.000732421875;1.995849609375;1.993408203125;1.99462890625;1.990966796875;1.988525390625;1.988525390625;1.988525390625;1.99462890625;1.9921875;1.98974609375;1.990966796875;1.988525390625;1.988525390625;1.986083984375;1.98486328125;1.988525390625;1.986083984375;1.986083984375;1.990966796875;1.990966796875;1.995849609375;1.99462890625;1.9921875;1.988525390625;1.9873046875;1.983642578125;1.97998046875;1.983642578125;1.988525390625;1.9873046875;1.98486328125;1.97998046875;1.983642578125;1.988525390625;1.98486328125;1.983642578125;1.9775390625;1.976318359375;1.97998046875;1.986083984375;1.993408203125;1.993408203125;1.990966796875;1.98974609375;1.9873046875;1.983642578125;1.98486328125;1.98486328125;1.9873046875;1.986083984375;1.986083984375;1.98974609375;1.9921875;1.990966796875;1.986083984375;1.98486328125;1.9873046875;1.990966796875;1.990966796875;1.99462890625;1.995849609375;1.99462890625;1.990966796875;1.990966796875;1.986083984375;1.988525390625;1.990966796875;1.98974609375;1.99462890625;1.990966796875;1.99462890625
2024-08-29 15:33:48.035484;1.988525390625;1.986083984375;1.998291015625;1.99462890625;1.9873046875;1.983642578125;1.982421875;1.986083984375;1.9873046875;1.986083984375;1.98486328125;1.983642578125;1.981201171875;1.97998046875;1.983642578125;1.9873046875;1.988525390625;1.98974609375;1.9873046875;1.982421875;1.986083984375;1.9921875;1.98974609375;1.9873046875;1.9873046875;1.9873046875;1.9921875;1.990966796875;1.995849609375;1.995849609375;1.990966796875;1.988525390625;1.990966796875;1.995849609375;1.99462890625;1.99462890625;1.99462890625;1.993408203125;1.998291015625;2.00439453125;1.99951171875;1.995849609375;1.9921875;1.98974609375;1.986083984375;1.97998046875;1.978759765625;1.981201171875;1.983642578125;1.988525390625;1.98486328125;1.990966796875;1.99951171875;2.003173828125;2.005615234375;2.00439453125;2.005615234375;2.005615234375;2.00439453125;2.00439453125;1.995849609375;1.993408203125;1.99462890625;1.990966796875;1.98974609375;1.98974609375;1.9921875;1.99462890625;1.99951171875;1.9970703125;1.995849609375;1.998291015625;1.99462890625;1.9921875;1.995849609375;1.9970703125;1.9970703125;1.998291015625;1.99462890625;1.998291015625;1.99462890625;1.99462890625;1.99462890625;1.99462890625;1.9921875;1.990966796875;1.9921875;1.9921875;1.99462890625;1.995849609375;1.99462890625;1.993408203125;1.9970703125;1.9921875;1.98974609375;1.988525390625;1.9921875;1.988525390625;1.988525390625;1.99462890625
2024-08-29 15:33:48.064477;1.995849609375;1.9921875;1.993408203125;1.9970703125;1.990966796875;1.9921875;2.001953125;2.001953125;2.00439453125;2.001953125;1.995849609375;1.993408203125;1.993408203125;1.9921875;1.995849609375;1.998291015625;1.990966796875;1.9921875;1.998291015625;1.990966796875;1.98974609375;1.983642578125;1.988525390625;1.98974609375;1.9921875;1.993408203125;1.9970703125;1.990966796875;1.990966796875;1.9921875;1.9970703125;1.993408203125;1.988525390625;1.9873046875;1.986083984375;1.98486328125;1.98486328125;1.9873046875;1.9873046875;1.98486328125;1.9873046875;1.993408203125;1.998291015625;1.9970703125;1.993408203125;1.993408203125;1.995849609375;2.000732421875;2.003173828125;1.99951171875;2.001953125;2.001953125;1.995849609375;1.995849609375;1.993408203125;1.98974609375;1.9873046875;1.98974609375;1.98974609375;1.986083984375;1.983642578125;1.98974609375;1.990966796875;1.99462890625;1.995849609375;1.998291015625;1.9970703125;1.998291015625;1.99462890625;1.98974609375;1.988525390625;1.9921875;1.9921875;1.988525390625;1.98974609375;1.9921875;1.99462890625;1.99462890625;1.993408203125;1.993408203125;1.98974609375;1.993408203125;1.995849609375;1.995849609375;1.99462890625;1.99462890625;1.990966796875;1.9873046875;1.981201171875;1.98486328125;1.988525390625;1.98974609375;1.990966796875;1.98974609375;1.9873046875;1.986083984375;1.990966796875;1.998291015625;1.9970703125;1.995849609375
2024-08-29 15:33:48.088287;1.9970703125;1.99951171875;1.998291015625;1.9970703125;2.000732421875;2.001953125;1.9970703125;1.995849609375;1.9921875;1.9921875;1.993408203125;1.998291015625;1.9970703125;1.99462890625;1.995849609375;1.993408203125;1.98974609375;1.988525390625;1.99462890625;1.9921875;1.99462890625;1.99462890625;1.995849609375;1.99462890625;1.9921875;1.995849609375;1.995849609375;1.990966796875;1.98974609375;1.983642578125;1.986083984375;1.98974609375;1.98486328125;1.982421875;1.981201171875;1.982421875;1.983642578125;1.983642578125;1.982421875;1.983642578125;1.990966796875;1.9921875;1.9921875;1.990966796875;1.988525390625;1.9921875;1.99462890625;1.9921875;1.9921875;1.99462890625;1.990966796875;1.990966796875;1.990966796875;1.988525390625;1.986083984375;1.981201171875;1.97509765625;1.976318359375;1.98486328125;1.990966796875;1.9921875;1.98974609375;2.000732421875;2.001953125;2.003173828125;2.003173828125;2.003173828125;1.99951171875;1.998291015625;1.99462890625;1.993408203125;1.9921875;1.998291015625;1.995849609375;1.990966796875;1.98486328125;1.982421875;1.981201171875;1.983642578125;1.990966796875;1.986083984375;1.98974609375;1.9970703125;2.001953125;2.00927734375;2.00927734375;2.005615234375;2.005615234375;2.000732421875;1.9970703125;1.993408203125;1.99462890625;1.99462890625;1.993408203125;1.9921875;1.993408203125;1.993408203125;1.98974609375;1.9873046875;1.9921875
2024-08-29 15:33:48.117221;1.99462890625;1.9873046875;1.9873046875;1.981201171875;1.983642578125;1.986083984375;1.9873046875;1.9921875;1.990966796875;1.98974609375;1.98974609375;1.98486328125;1.988525390625;1.99462890625;1.9921875;1.9921875;1.9921875;1.995849609375;1.99951171875;2.003173828125;2.001953125;1.998291015625;1.99462890625;1.998291015625;1.990966796875;1.990966796875;1.990966796875;1.9873046875;1.98974609375;1.9873046875;1.986083984375;1.98974609375;1.99462890625;1.99951171875;2.000732421875;2.001953125;2.00439453125;1.9970703125;1.995849609375;2.000732421875;1.99951171875;1.9970703125;1.998291015625;1.998291015625;1.9970703125;1.99462890625;1.98974609375;1.988525390625;1.98974609375;1.9873046875;1.988525390625;1.98974609375;1.98486328125;1.98486328125;1.986083984375;1.990966796875;1.99951171875;1.99951171875;1.99462890625;1.99462890625;1.99462890625;1.995849609375;1.99462890625;1.9921875;1.9921875;1.9921875;1.993408203125;1.9873046875;1.98486328125;1.983642578125;1.98974609375;1.98486328125;1.98486328125;1.993408203125;1.995849609375;1.9921875;1.9921875;1.99462890625;1.99951171875;2.001953125;2.005615234375;2.001953125;1.998291015625;1.998291015625;2.001953125;2.000732421875;1.99951171875;1.990966796875;1.990966796875;1.99462890625;1.9921875;1.98974609375;1.990966796875;1.9921875;1.988525390625;1.983642578125;1.983642578125;1.98486328125;1.9921875;1.99951171875
2024-08-29 15:33:48.216300;2.001953125;2.000732421875;1.983642578125;1.988525390625;1.9873046875;1.990966796875;1.9921875;1.9921875;1.9970703125;2.001953125;2.001953125;1.99951171875;2.003173828125;2.000732421875;2.001953125;1.99951171875;1.9970703125;1.9921875;1.9873046875;1.98974609375;1.988525390625;1.9873046875;1.98486328125;1.9873046875;1.9873046875;1.9873046875;1.98486328125;1.986083984375;1.9921875;1.998291015625;1.99951171875;2.001953125;1.9970703125;1.99951171875;2.000732421875;2.0068359375;2.003173828125;2.005615234375;2.000732421875;1.9970703125;1.9970703125;1.99462890625;1.993408203125;1.99462890625;1.99462890625;1.9970703125;1.995849609375;1.9921875;1.993408203125;1.9970703125;2.000732421875;2.003173828125;2.005615234375;2.00927734375;2.001953125;2.00439453125;2.003173828125;1.99951171875;1.99951171875;1.9970703125;1.990966796875;1.986083984375;1.990966796875;1.99462890625;1.9970703125;1.99462890625;1.98974609375;1.98974609375;1.988525390625;1.9921875;1.9921875;1.9970703125;1.9970703125;1.99462890625;1.99462890625;2.001953125;2.005615234375;2.005615234375;1.99951171875;1.9921875;1.98974609375;1.990966796875;1.9921875;1.990966796875;1.990966796875;1.9873046875;1.982421875;1.981201171875;1.98486328125;1.98486328125;1.988525390625;1.988525390625;1.98974609375;1.98974609375;1.9921875;1.99951171875;1.99951171875;2.000732421875;2.00439453125;1.99951171875
2024-08-29 15:33:48.248062;1.998291015625;1.998291015625;1.990966796875;1.990966796875;1.99462890625;1.9970703125;1.995849609375;1.99951171875;1.998291015625;1.998291015625;1.99951171875;2.001953125;1.995849609375;1.9921875;1.993408203125;1.9873046875;1.9873046875;1.98486328125;1.98486328125;1.9873046875;1.983642578125;1.986083984375;1.97998046875;1.98486328125;1.993408203125;1.99462890625;1.993408203125;1.9970703125;1.995849609375;1.993408203125;1.9873046875;1.988525390625;1.993408203125;1.9970703125;1.995849609375;1.988525390625;1.990966796875;1.993408203125;1.990966796875;1.988525390625;1.990966796875;1.986083984375;1.986083984375;1.990966796875;1.9970703125;1.99951171875;2.003173828125;1.993408203125;1.98974609375;1.98974609375;1.98974609375;1.988525390625;1.98974609375;1.98974609375;1.983642578125;1.981201171875;1.97998046875;1.983642578125;1.990966796875;1.9921875;1.995849609375;1.995849609375;1.9921875;1.988525390625;1.9873046875;1.988525390625;1.993408203125;1.995849609375;1.998291015625;1.998291015625;1.99462890625;1.990966796875;1.9921875;1.9970703125;1.9970703125;1.99951171875;1.9970703125;1.995849609375;1.9970703125;1.995849609375;1.993408203125;1.988525390625;1.98486328125;1.986083984375;1.98974609375;1.98974609375;1.98974609375;1.9921875;1.993408203125;1.99462890625;1.993408203125;1.993408203125;1.998291015625;2.001953125;2.00439453125;2.001953125;1.9970703125;1.990966796875;1.98486328125;1.988525390625
2024-08-29 15:33:48.263434;1.9970703125;1.99462890625;1.983642578125;1.9873046875;1.986083984375;1.98974609375;1.981201171875;1.981201171875;1.978759765625;1.981201171875;1.988525390625;1.990966796875;1.993408203125;1.995849609375;1.995849609375;1.995849609375;1.995849609375;1.99462890625;1.993408203125;1.98974609375;1.986083984375;1.98486328125;1.9873046875;1.9873046875;1.98486328125;1.986083984375;1.98974609375;1.9921875;1.98486328125;1.98974609375;1.988525390625;1.9921875;1.993408203125;1.998291015625;1.993408203125;1.986083984375;1.983642578125;1.98486328125;1.988525390625;1.9921875;1.99462890625;1.993408203125;1.99951171875;1.998291015625;1.99951171875;1.99951171875;1.9970703125;1.993408203125;1.990966796875;1.988525390625;1.986083984375;1.9873046875;1.986083984375;1.986083984375;1.990966796875;1.986083984375;1.9921875;1.998291015625;1.995849609375;1.993408203125;1.995849609375;1.995849609375;1.990966796875;1.99462890625;1.998291015625;1.993408203125;1.993408203125;1.9970703125;1.9970703125;1.995849609375;1.995849609375;1.995849609375;1.998291015625;1.99951171875;2.000732421875;1.998291015625;1.993408203125;1.993408203125;1.993408203125;1.993408203125;1.99462890625;1.99462890625;1.99462890625;1.988525390625;1.98486328125;1.986083984375;1.990966796875;1.993408203125;1.9921875;1.9921875;1.99462890625;1.9970703125;1.995849609375;1.9970703125;1.9921875;1.993408203125;1.98974609375;1.99462890625;1.99462890625;1.995849609375
2024-08-29 15:33:48.263434;1.993408203125;1.9921875;1.995849609375;1.9921875;1.99462890625;1.988525390625;1.986083984375;1.982421875;1.986083984375;1.9873046875;1.981201171875;1.98486328125;1.990966796875;1.98974609375;1.9873046875;1.983642578125;1.983642578125;1.983642578125;1.9921875;1.98974609375;1.986083984375;1.9873046875;1.986083984375;1.988525390625;1.98974609375;1.986083984375;1.9873046875;1.98486328125;1.9873046875;1.988525390625;1.98974609375;1.9873046875;1.97998046875;1.981201171875;1.983642578125;1.97998046875;1.97998046875;1.983642578125;1.986083984375;1.986083984375;1.9921875;1.995849609375;1.9921875;1.99462890625;1.99462890625;1.998291015625;2.000732421875;1.9970703125;1.998291015625;1.99951171875;1.99462890625;1.99462890625;1.99462890625;1.998291015625;2.000732421875;2.00439453125;2.003173828125;2.003173828125;2.001953125;1.998291015625;2.000732421875;2.00439453125;1.99462890625;1.9921875;1.995849609375;1.99462890625;1.99462890625;1.9970703125;1.9970703125;1.995849609375;1.995849609375;1.9970703125;1.9970703125;1.9970703125;1.998291015625;1.998291015625;1.998291015625;1.9970703125;1.99951171875;1.995849609375;1.99462890625;1.993408203125;1.9921875;1.988525390625;1.990966796875;1.9921875;1.993408203125;1.990966796875;1.98974609375;1.98974609375;1.9921875;1.998291015625;1.995849609375;1.993408203125;1.998291015625;1.99951171875;1.99951171875;1.998291015625;1.99951171875;1.99951171875
2024-08-29 15:33:48.309504;1.99951171875;1.998291015625;1.998291015625;1.9970703125;1.99462890625;1.99462890625;1.99462890625;1.995849609375;1.998291015625;1.99462890625;1.99462890625;1.995849609375;1.99462890625;1.998291015625;1.99951171875;1.998291015625;1.99462890625;1.99462890625;1.993408203125;1.99462890625;1.995849609375;1.9970703125;1.998291015625;2.000732421875;1.9970703125;1.99462890625;1.9970703125;1.995849609375;1.9970703125;1.9970703125;1.9970703125;1.995849609375;1.9921875;1.99462890625;1.9921875;1.988525390625;1.983642578125;1.98486328125;1.9873046875;1.988525390625;1.990966796875;1.99462890625;1.995849609375;1.9970703125;1.9970703125;1.998291015625;1.998291015625;1.998291015625;1.995849609375;1.998291015625;1.998291015625;1.998291015625;1.995849609375;1.998291015625;1.99951171875;2.000732421875;1.99951171875;1.993408203125;1.98974609375;1.9921875;1.995849609375;1.99462890625;1.990966796875;1.990966796875;1.99462890625;1.99462890625;1.9921875;1.9921875;1.995849609375;1.99951171875;2.000732421875;1.998291015625;1.9970703125;1.998291015625;1.995849609375;1.99462890625;1.9921875;1.988525390625;1.986083984375;1.988525390625;1.9873046875;1.988525390625;1.986083984375;1.983642578125;1.97998046875;1.976318359375;1.976318359375;1.97998046875;1.978759765625;1.9775390625;1.978759765625;1.981201171875;1.981201171875;1.9873046875;1.988525390625;1.98486328125;1.98486328125;1.983642578125;1.981201171875;1.982421875
2024-08-29 15:33:48.324956;1.9873046875;1.988525390625;1.99462890625;2.001953125;1.99951171875;2.003173828125;2.0068359375;2.005615234375;2.001953125;1.998291015625;1.990966796875;1.988525390625;1.99462890625;1.9970703125;1.9970703125;1.9970703125;1.993408203125;1.990966796875;1.988525390625;1.988525390625;1.993408203125;1.990966796875;1.9921875;1.9921875;1.99462890625;1.99462890625;1.99462890625;1.993408203125;1.993408203125;1.9921875;1.990966796875;1.988525390625;1.98974609375;1.993408203125;1.995849609375;1.998291015625;1.9970703125;1.998291015625;1.995849609375;2.000732421875;1.99951171875;1.9921875;1.9921875;1.993408203125;1.98974609375;1.988525390625;1.9873046875;1.986083984375;1.982421875;1.97998046875;1.978759765625;1.98486328125;1.9873046875;1.983642578125;1.98486328125;1.98486328125;1.982421875;1.982421875;1.986083984375;1.986083984375;1.986083984375;1.9873046875;1.99462890625;1.9873046875;1.978759765625;1.983642578125;1.988525390625;1.9873046875;1.98974609375;1.98974609375;1.98974609375;1.990966796875;1.988525390625;1.983642578125;1.982421875;1.98486328125;1.98486328125;1.993408203125;1.99462890625;1.993408203125;1.988525390625;1.988525390625;1.98974609375;1.99462890625;1.99951171875;2.00439453125;2.010498046875;2.00439453125;1.99951171875;1.9970703125;1.9970703125;2.001953125;2.003173828125;2.001953125;1.99951171875;1.9970703125;1.9970703125;1.99462890625;1.990966796875;1.990966796875
2024-08-29 15:33:48.401965;1.986083984375;1.9873046875;1.993408203125;1.99462890625;1.99951171875;1.99951171875;1.998291015625;1.998291015625;2.000732421875;2.000732421875;2.000732421875;2.001953125;2.001953125;2.000732421875;1.99951171875;1.995849609375;1.9921875;1.990966796875;1.99462890625;1.998291015625;1.9970703125;1.998291015625;1.99462890625;1.993408203125;1.9970703125;1.9970703125;2.003173828125;2.000732421875;2.000732421875;2.000732421875;1.9970703125;1.998291015625;1.993408203125;1.995849609375;1.998291015625;1.995849609375;1.99462890625;1.99462890625;1.9921875;1.9873046875;1.98974609375;1.988525390625;1.988525390625;1.998291015625;2.003173828125;2.00439453125;2.001953125;1.998291015625;1.993408203125;1.98974609375;1.986083984375;1.98974609375;1.990966796875;1.98974609375;1.9873046875;1.98486328125;1.98974609375;1.990966796875;1.98974609375;1.9921875;1.988525390625;1.9873046875;1.982421875;1.973876953125;1.97509765625;1.981201171875;1.9873046875;1.9873046875;1.983642578125;1.988525390625;1.9970703125;1.9970703125;1.995849609375;1.9921875;1.9921875;1.99462890625;1.990966796875;1.993408203125;1.998291015625;1.9970703125;1.99462890625;1.993408203125;1.995849609375;2.000732421875;2.001953125;2.003173828125;2.001953125;2.00439453125;2.00439453125;2.003173828125;2.00439453125;2.000732421875;2.000732421875;1.99462890625;1.993408203125;1.99951171875;2.001953125;2.001953125;2.003173828125;1.99951171875
2024-08-29 15:33:48.494928;1.995849609375;1.993408203125;1.9970703125;1.993408203125;1.990966796875;1.990966796875;1.98974609375;1.99462890625;1.998291015625;2.001953125;1.99462890625;1.988525390625;1.9921875;1.9873046875;1.98486328125;1.983642578125;1.982421875;1.98486328125;1.98486328125;1.9873046875;1.9873046875;1.988525390625;1.986083984375;1.988525390625;1.9921875;2.000732421875;1.995849609375;1.990966796875;1.99462890625;1.993408203125;1.99462890625;1.9970703125;1.9970703125;1.998291015625;1.993408203125;1.9873046875;1.982421875;1.97509765625;1.97509765625;1.981201171875;1.982421875;1.981201171875;1.983642578125;1.98974609375;1.993408203125;1.998291015625;1.998291015625;1.998291015625;1.99951171875;2.000732421875;1.99951171875;1.995849609375;1.9970703125;1.993408203125;1.990966796875;1.988525390625;1.9921875;1.9970703125;1.998291015625;1.99462890625;1.98974609375;1.988525390625;1.983642578125;1.986083984375;1.983642578125;1.986083984375;1.988525390625;1.98974609375;1.98486328125;1.9873046875;1.990966796875;1.990966796875;1.98974609375;1.9921875;1.988525390625;1.98974609375;1.990966796875;1.9873046875;1.990966796875;1.9921875;1.9873046875;1.9873046875;1.986083984375;1.983642578125;1.97998046875;1.9775390625;1.978759765625;1.982421875;1.98974609375;1.993408203125;1.9921875;1.993408203125;1.988525390625;1.98974609375;1.9921875;1.988525390625;1.98486328125;1.988525390625;1.990966796875;1.99462890625
2024-08-29 15:33:48.556253;1.986083984375;1.98486328125;1.99462890625;1.993408203125;1.990966796875;1.98974609375;1.988525390625;1.990966796875;1.995849609375;1.993408203125;1.993408203125;1.9921875;1.98974609375;1.988525390625;1.98974609375;1.986083984375;1.986083984375;1.9873046875;1.990966796875;1.990966796875;1.98974609375;1.98974609375;1.986083984375;1.983642578125;1.982421875;1.978759765625;1.97998046875;1.9775390625;1.97509765625;1.973876953125;1.978759765625;1.982421875;1.98486328125;1.9873046875;1.988525390625;1.986083984375;1.982421875;1.983642578125;1.986083984375;1.98974609375;1.993408203125;1.99462890625;1.9970703125;1.995849609375;2.001953125;2.003173828125;2.005615234375;2.00439453125;2.005615234375;2.0068359375;2.005615234375;2.00439453125;2.00439453125;1.99951171875;2.003173828125;2.003173828125;2.003173828125;2.000732421875;1.995849609375;1.99462890625;1.988525390625;1.986083984375;1.990966796875;1.98974609375;1.986083984375;1.9873046875;1.9921875;1.9921875;1.988525390625;1.988525390625;1.99462890625;1.993408203125;1.990966796875;1.98974609375;1.9921875;1.98974609375;1.988525390625;1.98974609375;1.993408203125;1.993408203125;1.995849609375;1.99462890625;1.99462890625;1.995849609375;1.993408203125;1.98974609375;1.9921875;1.99951171875;2.000732421875;2.000732421875;1.998291015625;1.9970703125;1.998291015625;1.9970703125;1.995849609375;1.998291015625;2.000732421875;1.995849609375;1.993408203125;1.998291015625
2024-08-29 15:33:48.602527;1.9970703125;1.99462890625;1.982421875;1.983642578125;1.983642578125;1.97998046875;1.98486328125;1.9873046875;1.990966796875;1.995849609375;1.99462890625;1.993408203125;1.993408203125;1.990966796875;1.9970703125;1.998291015625;2.000732421875;1.998291015625;1.995849609375;1.9970703125;1.9970703125;1.990966796875;1.990966796875;1.993408203125;1.998291015625;2.000732421875;1.998291015625;1.993408203125;1.98974609375;1.988525390625;1.988525390625;1.990966796875;1.993408203125;1.998291015625;1.99462890625;1.9970703125;1.99462890625;1.99462890625;1.9921875;1.990966796875;1.99462890625;1.990966796875;1.9921875;1.99462890625;1.995849609375;1.993408203125;1.98974609375;1.988525390625;1.988525390625;1.995849609375;1.9970703125;1.993408203125;1.998291015625;2.001953125;2.001953125;1.99951171875;1.99951171875;1.998291015625;1.998291015625;1.998291015625;1.99951171875;1.998291015625;1.9970703125;1.998291015625;1.9970703125;1.993408203125;1.993408203125;1.9921875;1.990966796875;1.993408203125;1.995849609375;1.995849609375;1.99951171875;2.001953125;2.001953125;2.008056640625;2.008056640625;2.005615234375;2.000732421875;1.99951171875;2.000732421875;1.995849609375;1.995849609375;1.9970703125;1.993408203125;1.99462890625;1.995849609375;1.993408203125;1.990966796875;1.99462890625;1.995849609375;1.99951171875;2.00439453125;2.000732421875;1.99951171875;1.99951171875;2.00439453125;2.008056640625;2.005615234375;1.99951171875
2024-08-29 15:33:48.618228;1.995849609375;1.99462890625;1.9921875;1.99462890625;1.9970703125;1.9970703125;1.99462890625;1.995849609375;1.998291015625;1.993408203125;1.98974609375;1.9921875;1.993408203125;1.98974609375;1.988525390625;1.98974609375;1.990966796875;1.99462890625;1.995849609375;1.990966796875;1.9921875;1.9921875;1.993408203125;1.99462890625;1.9921875;1.9921875;1.9921875;1.990966796875;1.988525390625;1.98974609375;1.993408203125;1.9970703125;1.98974609375;1.983642578125;1.98486328125;1.983642578125;1.982421875;1.981201171875;1.97998046875;1.978759765625;1.982421875;1.986083984375;1.98486328125;1.9873046875;1.990966796875;1.98974609375;1.988525390625;1.9970703125;1.99462890625;1.99462890625;2.000732421875;1.99951171875;1.998291015625;1.995849609375;1.99462890625;1.988525390625;1.983642578125;1.981201171875;1.983642578125;1.986083984375;1.982421875;1.983642578125;1.98486328125;1.986083984375;1.988525390625;1.98974609375;1.988525390625;1.990966796875;1.9873046875;1.986083984375;1.9873046875;1.986083984375;1.986083984375;1.981201171875;1.9775390625;1.9775390625;1.97998046875;1.97998046875;1.983642578125;1.9873046875;1.98486328125;1.98486328125;1.98486328125;1.983642578125;1.983642578125;1.9873046875;1.9873046875;1.990966796875;1.993408203125;1.995849609375;1.995849609375;1.99462890625;1.998291015625;1.99951171875;1.9970703125;1.993408203125;1.9921875;1.990966796875;1.9921875;1.9921875
2024-08-29 15:33:48.697917;1.9970703125;1.99462890625;2.003173828125;2.00439453125;2.00439453125;2.001953125;2.00439453125;1.995849609375;1.995849609375;1.9970703125;1.995849609375;1.995849609375;1.98974609375;1.990966796875;1.98974609375;1.988525390625;1.98974609375;1.99462890625;1.99462890625;1.9921875;1.9921875;1.995849609375;1.995849609375;1.993408203125;1.9921875;1.98974609375;1.9873046875;1.99462890625;1.9970703125;1.99462890625;1.9921875;1.98974609375;1.986083984375;1.981201171875;1.982421875;1.982421875;1.990966796875;1.98974609375;1.99462890625;1.995849609375;1.990966796875;1.9873046875;1.990966796875;1.9873046875;1.98486328125;1.983642578125;1.978759765625;1.981201171875;1.981201171875;1.978759765625;1.981201171875;1.97998046875;1.97998046875;1.97998046875;1.982421875;1.983642578125;1.98486328125;1.9873046875;1.9873046875;1.98486328125;1.986083984375;1.988525390625;1.9921875;1.98974609375;1.9921875;1.9921875;1.993408203125;1.99462890625;1.993408203125;1.99462890625;1.993408203125;1.9921875;1.9873046875;1.990966796875;1.99462890625;1.993408203125;1.993408203125;1.988525390625;1.983642578125;1.981201171875;1.97998046875;1.983642578125;1.9873046875;1.990966796875;1.9921875;1.988525390625;1.988525390625;1.990966796875;1.99462890625;1.9921875;1.9921875;1.99462890625;2.001953125;2.001953125;2.001953125;2.000732421875;1.99462890625;1.9921875;1.995849609375;1.995849609375
2024-08-29 15:33:48.743786;1.995849609375;1.995849609375;1.9970703125;1.995849609375;1.986083984375;1.98974609375;1.98974609375;1.98486328125;1.98486328125;1.986083984375;1.986083984375;1.986083984375;1.98974609375;1.988525390625;1.988525390625;1.986083984375;1.98486328125;1.988525390625;1.98974609375;1.9873046875;1.988525390625;1.986083984375;1.986083984375;1.988525390625;1.990966796875;1.990966796875;1.988525390625;1.99462890625;1.9921875;1.995849609375;1.9873046875;1.98974609375;1.9921875;1.990966796875;1.993408203125;1.990966796875;1.990966796875;1.98974609375;1.98486328125;1.986083984375;1.990966796875;1.9921875;1.990966796875;1.993408203125;1.993408203125;1.993408203125;1.993408203125;1.99462890625;1.99462890625;1.9921875;1.995849609375;1.99462890625;1.98974609375;1.9921875;1.99462890625;1.993408203125;1.9970703125;1.998291015625;1.98974609375;1.995849609375;1.99951171875;1.9970703125;1.995849609375;1.9970703125;1.993408203125;1.99462890625;1.9921875;1.990966796875;1.993408203125;1.998291015625;1.99951171875;1.99951171875;1.99462890625;1.99462890625;1.995849609375;1.99462890625;1.988525390625;1.9921875;1.990966796875;1.993408203125;1.998291015625;2.003173828125;2.001953125;2.008056640625;2.000732421875;1.990966796875;1.990966796875;1.993408203125;2.000732421875;2.003173828125;2.000732421875;1.995849609375;1.98974609375;1.98974609375;1.990966796875;1.98974609375;1.986083984375;1.983642578125;1.983642578125;1.978759765625
2024-08-29 15:33:48.759184;1.973876953125;1.97265625;1.99462890625;1.9921875;1.99462890625;1.9970703125;1.99951171875;2.000732421875;1.9970703125;1.99951171875;2.001953125;1.9970703125;2.000732421875;2.003173828125;2.000732421875;1.99951171875;2.003173828125;1.998291015625;1.9970703125;1.998291015625;1.99951171875;1.9970703125;1.9921875;1.993408203125;1.99462890625;1.9921875;1.990966796875;1.990966796875;1.990966796875;1.990966796875;1.99951171875;2.005615234375;2.005615234375;1.998291015625;1.993408203125;1.990966796875;1.98974609375;1.9970703125;2.000732421875;1.99462890625;1.993408203125;1.993408203125;1.98974609375;1.9873046875;1.986083984375;1.9873046875;1.988525390625;1.98974609375;1.98974609375;1.9921875;1.9873046875;1.983642578125;1.982421875;1.988525390625;1.986083984375;1.988525390625;1.98974609375;1.993408203125;1.9921875;1.98974609375;1.98974609375;1.9921875;1.9921875;1.9970703125;1.990966796875;1.98974609375;1.990966796875;1.990966796875;1.99462890625;1.993408203125;1.988525390625;1.988525390625;1.993408203125;1.988525390625;1.988525390625;1.986083984375;1.983642578125;1.9873046875;1.98974609375;1.9921875;1.9921875;1.990966796875;1.993408203125;1.9921875;1.9921875;1.993408203125;1.98974609375;1.9873046875;1.988525390625;1.9921875;1.988525390625;1.983642578125;1.9775390625;1.9775390625;1.98486328125;1.988525390625;1.98974609375;1.9921875;1.99462890625;1.9921875
2024-08-29 15:33:48.789920;1.986083984375;1.983642578125;1.99462890625;1.9921875;1.990966796875;1.99951171875;2.00439453125;1.995849609375;1.9921875;1.99462890625;1.993408203125;1.9873046875;1.983642578125;1.97998046875;1.981201171875;1.98974609375;1.99462890625;1.9970703125;1.99951171875;1.995849609375;1.9970703125;1.995849609375;1.99462890625;1.9921875;1.990966796875;1.990966796875;1.995849609375;1.9970703125;1.993408203125;1.995849609375;1.995849609375;1.998291015625;1.99462890625;1.9970703125;1.995849609375;1.9921875;1.993408203125;1.99462890625;1.995849609375;2.001953125;2.001953125;2.003173828125;2.000732421875;2.000732421875;1.99951171875;1.9970703125;1.9970703125;1.9970703125;1.995849609375;1.990966796875;1.98974609375;1.986083984375;1.9873046875;1.9873046875;1.993408203125;1.993408203125;1.990966796875;1.988525390625;1.988525390625;1.9921875;1.98974609375;1.9921875;1.993408203125;1.99462890625;1.988525390625;1.986083984375;1.988525390625;1.9921875;1.990966796875;1.9921875;1.990966796875;1.98974609375;1.993408203125;1.993408203125;1.9970703125;1.998291015625;1.995849609375;1.9970703125;1.988525390625;1.990966796875;1.99951171875;1.998291015625;1.998291015625;1.998291015625;1.998291015625;1.998291015625;1.99951171875;1.99462890625;1.98974609375;1.98486328125;1.9873046875;1.986083984375;1.9873046875;1.990966796875;1.990966796875;1.990966796875;1.993408203125;1.990966796875;1.98974609375;1.990966796875
2024-08-29 15:33:48.820629;1.993408203125;1.9921875;1.986083984375;1.98974609375;1.993408203125;1.990966796875;1.988525390625;1.98974609375;1.993408203125;1.9873046875;1.986083984375;1.98486328125;1.98486328125;1.986083984375;1.98974609375;1.9921875;1.9921875;1.990966796875;1.9970703125;2.003173828125;2.000732421875;1.9970703125;1.998291015625;1.99462890625;1.99462890625;1.995849609375;1.99462890625;1.995849609375;1.99462890625;1.9921875;1.99462890625;1.990966796875;1.988525390625;1.993408203125;1.99462890625;1.993408203125;1.993408203125;1.993408203125;1.993408203125;1.99462890625;1.993408203125;1.99462890625;1.99462890625;1.993408203125;1.993408203125;1.990966796875;1.998291015625;2.005615234375;2.005615234375;2.000732421875;2.001953125;2.003173828125;2.00439453125;1.99951171875;2.001953125;2.000732421875;1.995849609375;1.995849609375;1.99951171875;1.995849609375;1.9921875;1.990966796875;1.98974609375;1.9873046875;1.98974609375;1.990966796875;1.99462890625;1.993408203125;1.99462890625;1.995849609375;1.99951171875;1.998291015625;1.99951171875;1.998291015625;2.000732421875;1.99951171875;1.99951171875;2.000732421875;1.99951171875;1.995849609375;1.9970703125;1.99462890625;1.990966796875;1.988525390625;1.988525390625;1.9873046875;1.98974609375;1.990966796875;1.993408203125;1.988525390625;1.98974609375;1.995849609375;1.99951171875;1.993408203125;1.99951171875;2.00439453125;2.005615234375;2.001953125;2.000732421875;2.000732421875
2024-08-29 15:33:48.851665;1.9970703125;1.9970703125;1.99462890625;1.9921875;1.9873046875;1.986083984375;1.9921875;1.98974609375;1.993408203125;1.9921875;1.9921875;1.990966796875;1.990966796875;1.98974609375;1.990966796875;1.9970703125;1.99462890625;1.9921875;1.99462890625;1.9921875;1.990966796875;1.993408203125;1.99462890625;1.99462890625;1.9921875;1.9970703125;1.99462890625;1.99462890625;1.995849609375;1.995849609375;1.993408203125;1.993408203125;1.998291015625;1.99951171875;1.9921875;1.9873046875;1.9873046875;1.9921875;1.990966796875;1.99462890625;1.9970703125;1.995849609375;1.995849609375;1.99951171875;2.000732421875;2.000732421875;2.001953125;1.998291015625;1.99462890625;1.993408203125;1.995849609375;1.9970703125;1.998291015625;1.99462890625;1.993408203125;1.98974609375;1.98974609375;1.99462890625;1.990966796875;1.988525390625;1.98486328125;1.98974609375;1.993408203125;1.995849609375;1.993408203125;1.99462890625;1.9970703125;1.9970703125;1.99951171875;1.99462890625;1.993408203125;1.993408203125;1.995849609375;1.9970703125;1.99951171875;1.995849609375;1.995849609375;1.99462890625;1.990966796875;1.9873046875;1.983642578125;1.98486328125;1.982421875;1.982421875;1.982421875;1.983642578125;1.9873046875;1.986083984375;1.983642578125;1.98486328125;1.9873046875;1.98974609375;1.9921875;1.9921875;1.98974609375;1.983642578125;1.981201171875;1.98486328125;1.986083984375;1.983642578125
2024-08-29 15:33:48.882110;1.982421875;1.981201171875;1.993408203125;1.9970703125;1.995849609375;1.98974609375;1.988525390625;1.990966796875;1.98974609375;1.990966796875;1.993408203125;1.99462890625;1.99951171875;2.00439453125;2.0068359375;2.00439453125;2.001953125;1.9970703125;1.993408203125;1.99462890625;1.995849609375;1.9970703125;1.99462890625;1.9970703125;1.9970703125;1.995849609375;1.995849609375;1.99462890625;1.993408203125;1.998291015625;1.995849609375;2.001953125;2.005615234375;2.00927734375;2.0068359375;2.003173828125;1.99951171875;1.998291015625;1.993408203125;1.993408203125;1.990966796875;1.9970703125;1.99462890625;1.9921875;1.988525390625;1.990966796875;1.9921875;1.98974609375;1.98974609375;1.986083984375;1.98974609375;1.995849609375;2.001953125;2.005615234375;2.003173828125;1.99951171875;1.998291015625;1.9970703125;1.993408203125;1.9921875;1.9921875;1.990966796875;1.990966796875;1.986083984375;1.98486328125;1.982421875;1.983642578125;1.983642578125;1.9873046875;1.9873046875;1.9873046875;1.988525390625;1.988525390625;1.98974609375;1.993408203125;1.990966796875;1.99462890625;1.990966796875;1.9873046875;1.988525390625;1.988525390625;1.9873046875;1.98486328125;1.986083984375;1.983642578125;1.982421875;1.981201171875;1.97998046875;1.976318359375;1.973876953125;1.97509765625;1.978759765625;1.983642578125;1.97998046875;1.9873046875;1.988525390625;1.988525390625;1.990966796875;1.9970703125;2.000732421875
2024-08-29 15:33:48.912999;2.005615234375;2.005615234375;1.998291015625;1.998291015625;1.99462890625;1.9873046875;1.9921875;1.990966796875;1.99462890625;1.993408203125;1.993408203125;1.99462890625;1.9921875;1.9921875;1.995849609375;1.9970703125;2.001953125;2.00439453125;2.003173828125;2.003173828125;2.001953125;2.000732421875;2.000732421875;1.99951171875;1.993408203125;1.990966796875;1.990966796875;1.9921875;1.993408203125;1.990966796875;1.9921875;1.98974609375;1.9921875;1.988525390625;1.99462890625;1.99462890625;1.99462890625;2.000732421875;1.995849609375;1.993408203125;1.99462890625;1.990966796875;1.988525390625;1.98974609375;1.993408203125;1.993408203125;1.990966796875;1.986083984375;1.98486328125;1.9873046875;1.988525390625;1.9921875;1.988525390625;1.986083984375;1.9873046875;1.990966796875;1.990966796875;1.9921875;1.99462890625;1.998291015625;1.9970703125;1.9970703125;1.99462890625;1.9921875;1.98974609375;1.988525390625;1.986083984375;1.986083984375;1.9921875;1.9921875;1.995849609375;1.993408203125;1.99462890625;1.9921875;1.990966796875;1.990966796875;1.9873046875;1.98486328125;1.988525390625;1.986083984375;1.9873046875;1.988525390625;1.982421875;1.982421875;1.9873046875;1.9921875;1.990966796875;1.99462890625;1.993408203125;1.995849609375;1.998291015625;1.9970703125;1.99951171875;2.001953125;1.998291015625;1.9970703125;1.995849609375;1.99462890625;1.99462890625;1.995849609375
2024-08-29 15:33:49.005982;2.00439453125;1.99951171875;1.99951171875;1.993408203125;1.9921875;1.99462890625;1.993408203125;1.99462890625;1.99462890625;1.998291015625;1.9970703125;1.9970703125;1.993408203125;1.99462890625;1.998291015625;1.9970703125;1.9970703125;2.000732421875;2.000732421875;2.000732421875;1.9970703125;1.99951171875;2.001953125;2.000732421875;1.99462890625;1.9921875;1.9921875;1.9921875;1.9921875;1.993408203125;1.98974609375;1.98974609375;1.98974609375;1.998291015625;1.998291015625;2.000732421875;2.000732421875;2.003173828125;2.003173828125;1.99951171875;2.000732421875;1.998291015625;1.998291015625;1.99951171875;1.993408203125;1.988525390625;1.9873046875;1.981201171875;1.978759765625;1.982421875;1.981201171875;1.9873046875;1.98486328125;1.982421875;1.988525390625;1.993408203125;1.993408203125;1.99462890625;1.99462890625;1.995849609375;1.988525390625;1.98486328125;1.9873046875;1.98974609375;1.98974609375;1.990966796875;1.9873046875;1.988525390625;1.98486328125;1.983642578125;1.986083984375;1.98486328125;1.983642578125;1.9873046875;1.990966796875;1.98974609375;1.988525390625;1.995849609375;2.000732421875;2.003173828125;1.99951171875;1.998291015625;1.995849609375;1.9970703125;1.9970703125;1.9970703125;1.99951171875;1.9970703125;1.9970703125;1.9921875;1.995849609375;1.990966796875;1.988525390625;1.988525390625;1.98974609375;1.98486328125;1.9921875;1.993408203125;1.9970703125;2.003173828125
2024-08-29 15:33:49.068921;1.9970703125;1.995849609375;1.986083984375;1.9873046875;1.990966796875;1.98974609375;1.993408203125;1.9970703125;1.9970703125;1.99951171875;1.9970703125;1.99462890625;1.993408203125;1.9921875;1.98974609375;1.986083984375;1.983642578125;1.982421875;1.97509765625;1.983642578125;1.9873046875;1.993408203125;1.99462890625;1.990966796875;1.990966796875;1.98974609375;1.9970703125;1.998291015625;1.9970703125;1.99951171875;1.99462890625;1.995849609375;1.99462890625;1.995849609375;1.993408203125;1.988525390625;1.990966796875;1.993408203125;1.99462890625;1.9921875;1.993408203125;1.993408203125;1.99951171875;2.001953125;2.000732421875;1.998291015625;1.995849609375;1.99462890625;1.9970703125;1.9970703125;1.99462890625;1.995849609375;1.99951171875;1.9970703125;1.998291015625;1.99462890625;1.995849609375;1.9970703125;1.993408203125;1.998291015625;2.000732421875;2.001953125;2.000732421875;2.001953125;2.000732421875;2.001953125;1.9970703125;1.99462890625;1.993408203125;1.990966796875;1.993408203125;1.9921875;1.9921875;1.9970703125;1.9970703125;2.000732421875;1.9970703125;1.99462890625;1.99462890625;1.993408203125;1.990966796875;1.990966796875;1.9921875;1.99462890625;1.99462890625;1.993408203125;1.983642578125;1.982421875;1.986083984375;1.98974609375;1.993408203125;1.998291015625;1.9970703125;1.993408203125;1.990966796875;1.990966796875;1.990966796875;1.98486328125;1.982421875;1.983642578125
2024-08-29 15:33:49.084720;1.98486328125;1.983642578125;1.99462890625;1.9921875;1.9873046875;1.9873046875;1.98974609375;1.9970703125;1.995849609375;1.9970703125;1.9970703125;1.993408203125;1.9921875;1.99462890625;1.993408203125;1.993408203125;1.9970703125;1.998291015625;1.99462890625;1.9873046875;1.988525390625;1.988525390625;1.98974609375;1.995849609375;1.998291015625;1.998291015625;1.9921875;1.98974609375;1.986083984375;1.982421875;1.98486328125;1.986083984375;1.98486328125;1.98974609375;1.99462890625;1.995849609375;1.993408203125;1.995849609375;1.995849609375;1.995849609375;1.995849609375;1.9921875;1.993408203125;1.99462890625;1.990966796875;1.99462890625;1.9970703125;1.990966796875;1.98974609375;1.98486328125;1.986083984375;1.9873046875;1.986083984375;1.990966796875;1.995849609375;1.995849609375;1.998291015625;1.9921875;1.9970703125;1.99951171875;1.995849609375;1.993408203125;1.990966796875;1.9921875;1.995849609375;1.99462890625;1.99462890625;1.998291015625;1.99462890625;1.9921875;1.9970703125;1.995849609375;1.995849609375;1.99951171875;2.001953125;2.003173828125;1.998291015625;1.998291015625;1.998291015625;1.9970703125;1.998291015625;1.998291015625;1.99462890625;1.98974609375;1.98974609375;1.986083984375;1.986083984375;1.9873046875;1.9921875;1.993408203125;1.990966796875;1.988525390625;1.983642578125;1.990966796875;1.98974609375;1.993408203125;1.9921875;1.9873046875;1.98486328125;1.986083984375
2024-08-29 15:33:49.116755;1.990966796875;1.990966796875;1.988525390625;1.98974609375;1.995849609375;1.9921875;1.98974609375;1.990966796875;1.990966796875;1.990966796875;1.988525390625;1.983642578125;1.988525390625;1.990966796875;1.993408203125;1.9921875;1.988525390625;1.983642578125;1.986083984375;1.990966796875;1.9873046875;1.9873046875;1.986083984375;1.986083984375;1.9873046875;1.986083984375;1.986083984375;1.9873046875;1.9873046875;1.9873046875;1.988525390625;1.9921875;1.9970703125;1.9970703125;1.9921875;1.990966796875;1.9970703125;1.99462890625;1.98974609375;1.988525390625;1.990966796875;1.990966796875;1.9921875;1.99951171875;1.99462890625;1.99951171875;2.001953125;2.00439453125;2.00439453125;1.9970703125;1.99462890625;1.9970703125;1.9921875;1.988525390625;1.990966796875;1.993408203125;1.99462890625;1.9921875;1.98974609375;1.993408203125;1.9970703125;1.993408203125;1.993408203125;1.990966796875;1.986083984375;1.986083984375;1.983642578125;1.9873046875;1.9921875;1.9970703125;1.99951171875;1.99951171875;1.998291015625;1.995849609375;1.995849609375;1.998291015625;1.998291015625;1.99462890625;1.9970703125;1.9970703125;2.000732421875;2.001953125;1.998291015625;1.9970703125;1.995849609375;1.9921875;1.993408203125;1.990966796875;1.990966796875;1.9970703125;2.001953125;1.9970703125;1.9970703125;1.9970703125;1.99951171875;1.995849609375;1.998291015625;2.000732421875;1.9970703125;1.9970703125
2024-08-29 15:33:49.147889;1.998291015625;1.99462890625;1.986083984375;1.98486328125;1.986083984375;1.98486328125;1.9873046875;1.98974609375;1.98974609375;1.9921875;1.9970703125;1.993408203125;1.9921875;1.9873046875;1.993408203125;1.9970703125;1.9970703125;1.998291015625;1.995849609375;1.990966796875;1.9921875;2.000732421875;2.008056640625;2.0068359375;2.005615234375;2.00439453125;1.998291015625;1.995849609375;1.995849609375;1.9921875;1.995849609375;1.99462890625;1.9970703125;1.9921875;1.9921875;1.9873046875;1.988525390625;1.986083984375;1.986083984375;1.98486328125;1.986083984375;1.986083984375;1.988525390625;1.988525390625;1.988525390625;1.9873046875;1.995849609375;1.9970703125;1.9970703125;1.995849609375;1.990966796875;1.9921875;1.9970703125;1.998291015625;1.998291015625;1.9970703125;1.995849609375;1.998291015625;1.998291015625;1.995849609375;1.998291015625;2.001953125;2.001953125;1.995849609375;1.995849609375;1.995849609375;1.99462890625;1.9921875;1.990966796875;1.9921875;1.995849609375;2.000732421875;2.003173828125;1.998291015625;1.99951171875;2.000732421875;1.9970703125;1.9970703125;1.99462890625;1.9970703125;1.9970703125;1.9970703125;1.995849609375;1.993408203125;1.993408203125;1.990966796875;1.988525390625;1.988525390625;1.988525390625;1.993408203125;1.9970703125;1.998291015625;1.993408203125;1.98974609375;1.98974609375;1.9921875;1.9921875;1.99462890625;1.9970703125;1.99951171875
2024-08-29 15:33:49.178825;1.998291015625;1.998291015625;1.99462890625;1.995849609375;1.998291015625;1.998291015625;1.9921875;1.99951171875;2.00439453125;2.00439453125;2.003173828125;1.995849609375;1.9970703125;1.9970703125;1.9921875;1.9873046875;1.97998046875;1.981201171875;1.98486328125;1.98974609375;1.98974609375;1.98974609375;1.98974609375;1.993408203125;1.9970703125;2.001953125;2.001953125;2.003173828125;1.995849609375;1.993408203125;1.9873046875;1.98486328125;1.98974609375;1.9921875;1.9921875;1.990966796875;1.9873046875;1.986083984375;1.982421875;1.982421875;1.98486328125;1.990966796875;1.9921875;1.98974609375;1.98974609375;1.9970703125;2.001953125;2.003173828125;2.003173828125;2.001953125;1.998291015625;2.001953125;2.001953125;1.998291015625;1.998291015625;1.998291015625;1.99462890625;1.98974609375;1.98974609375;1.9873046875;1.990966796875;1.98974609375;1.9921875;1.9921875;1.99462890625;1.99951171875;2.000732421875;2.000732421875;2.003173828125;1.998291015625;2.00439453125;2.003173828125;2.001953125;1.99951171875;1.98974609375;1.983642578125;1.9873046875;1.988525390625;1.98486328125;1.978759765625;1.97998046875;1.97998046875;1.981201171875;1.983642578125;1.9873046875;1.98974609375;1.9873046875;1.986083984375;1.98486328125;1.9873046875;1.99462890625;1.9970703125;2.000732421875;1.995849609375;1.993408203125;1.99462890625;1.995849609375;1.995849609375;1.995849609375;1.9921875
2024-08-29 15:33:49.225130;1.9873046875;1.98486328125;1.9921875;1.98974609375;1.9921875;1.995849609375;1.995849609375;1.9970703125;1.99951171875;1.995849609375;1.993408203125;1.9970703125;1.9970703125;1.998291015625;1.98974609375;1.988525390625;1.990966796875;1.988525390625;1.990966796875;1.9921875;1.993408203125;1.995849609375;1.998291015625;1.99951171875;1.9970703125;1.998291015625;1.998291015625;1.99462890625;1.988525390625;1.988525390625;1.982421875;1.982421875;1.97998046875;1.978759765625;1.98486328125;1.9873046875;1.986083984375;1.9921875;1.995849609375;1.9970703125;1.990966796875;1.993408203125;1.993408203125;1.9970703125;1.995849609375;1.9970703125;1.995849609375;1.98974609375;1.990966796875;1.990966796875;1.99462890625;1.99462890625;1.9970703125;1.9970703125;1.995849609375;2.000732421875;2.003173828125;2.001953125;2.000732421875;2.003173828125;1.99951171875;1.9970703125;1.990966796875;1.993408203125;1.99462890625;1.990966796875;1.993408203125;1.9921875;1.993408203125;1.99462890625;1.995849609375;2.000732421875;2.001953125;2.0068359375;2.01171875;2.01171875;2.00927734375;2.003173828125;2.003173828125;2.000732421875;1.998291015625;1.99951171875;1.99951171875;1.99462890625;1.9921875;1.98974609375;1.990966796875;1.993408203125;1.9970703125;1.9970703125;1.99462890625;1.993408203125;1.990966796875;1.9921875;1.998291015625;1.998291015625;1.9970703125;1.99462890625;1.993408203125;1.99462890625
2024-08-29 15:33:49.271020;1.993408203125;1.995849609375;1.986083984375;1.98486328125;1.988525390625;1.986083984375;1.982421875;1.983642578125;1.983642578125;1.982421875;1.990966796875;1.995849609375;1.9970703125;1.998291015625;2.001953125;2.000732421875;1.998291015625;1.998291015625;1.998291015625;1.998291015625;1.990966796875;1.9873046875;1.990966796875;1.9921875;1.99462890625;1.995849609375;1.995849609375;1.995849609375;1.998291015625;1.995849609375;1.99462890625;1.98974609375;1.990966796875;1.993408203125;1.995849609375;1.998291015625;2.000732421875;2.000732421875;1.990966796875;1.986083984375;1.9873046875;1.98974609375;1.9873046875;1.990966796875;1.982421875;1.982421875;1.98974609375;1.9921875;1.98974609375;1.98974609375;1.993408203125;1.990966796875;1.988525390625;1.993408203125;1.993408203125;1.993408203125;1.9921875;1.988525390625;1.98974609375;1.993408203125;1.99462890625;1.995849609375;1.986083984375;1.98486328125;1.986083984375;1.988525390625;1.9921875;1.9970703125;1.995849609375;1.99462890625;1.9970703125;1.998291015625;1.998291015625;1.99951171875;1.99462890625;1.9970703125;1.99951171875;1.998291015625;1.99462890625;1.9970703125;1.998291015625;1.99951171875;1.99951171875;1.9970703125;1.988525390625;1.983642578125;1.986083984375;1.9873046875;1.98974609375;1.988525390625;1.983642578125;1.983642578125;1.986083984375;1.986083984375;1.990966796875;1.998291015625;1.9970703125;1.9970703125;1.993408203125;1.995849609375
2024-08-29 15:33:49.286238;1.988525390625;1.990966796875;2.00439453125;2.0166015625;2.00927734375;1.983642578125;1.968994140625;1.97265625;1.981201171875;1.990966796875;2.012939453125;2.0166015625;2.001953125;2.025146484375;2.008056640625;2.000732421875;1.993408203125;1.983642578125;1.968994140625;1.97021484375;1.98486328125;2.000732421875;2.017822265625;2.01171875;1.995849609375;1.983642578125;1.9873046875;2.015380859375;1.9921875;1.986083984375;1.998291015625;2.021484375;1.998291015625;1.982421875;2.003173828125;1.988525390625;1.982421875;1.993408203125;2.005615234375;1.9970703125;1.990966796875;1.98974609375;1.99462890625;2.00439453125;2.01416015625;2.027587890625;2.020263671875;1.99951171875;1.97998046875;1.97509765625;1.983642578125;1.99462890625;1.9970703125;1.993408203125;1.990966796875;1.983642578125;1.973876953125;1.976318359375;1.97509765625;1.993408203125;2.008056640625;1.99462890625;1.982421875;1.9873046875;2.01171875;2.00927734375;1.9775390625;1.961669921875;1.966552734375;1.981201171875;1.9921875;1.99951171875;1.9970703125;1.988525390625;1.97998046875;1.97509765625;1.976318359375;1.9775390625;1.9775390625;1.982421875;2.001953125;2.025146484375;2.039794921875;2.03369140625;2.021484375;2.01416015625;2.01416015625;2.010498046875;1.986083984375;1.959228515625;1.95068359375;1.954345703125;1.954345703125;1.9580078125;1.97265625;1.982421875;1.981201171875;1.976318359375;2.012939453125;2.0361328125
2024-08-29 15:33:49.332843;1.9677734375;1.9677734375;1.966552734375;1.9970703125;2.00927734375;1.988525390625;1.983642578125;2.00439453125;1.9775390625;1.981201171875;1.9873046875;1.959228515625;1.982421875;1.990966796875;1.99462890625;1.9921875;1.998291015625;2.00927734375;2.015380859375;2.003173828125;1.983642578125;1.971435546875;1.976318359375;1.988525390625;1.99462890625;1.9921875;1.97998046875;1.998291015625;1.998291015625;1.9921875;1.954345703125;1.9970703125;1.98974609375;1.973876953125;1.9775390625;1.9921875;2.030029296875;2.04833984375;2.044677734375;1.9873046875;1.947021484375;1.982421875;1.971435546875;1.97021484375;1.9921875;1.983642578125;2.003173828125;1.97509765625;1.976318359375;1.97998046875;1.9970703125;1.9970703125;1.99462890625;1.9921875;1.988525390625;1.981201171875;1.995849609375;2.012939453125;2.02880859375;2.00927734375;1.99462890625;1.983642578125;2.00927734375;2.02392578125;2.01904296875;2.008056640625;2.010498046875;1.968994140625;1.983642578125;1.99462890625;1.9775390625;1.981201171875;1.982421875;1.993408203125;1.998291015625;1.9970703125;1.993408203125;2.00439453125;2.012939453125;2.015380859375;1.998291015625;1.993408203125;1.949462890625;1.949462890625;1.971435546875;1.97998046875;1.971435546875;1.98974609375;1.99951171875;1.981201171875;1.986083984375;1.990966796875;1.995849609375;2.00927734375;2.0068359375;1.998291015625;1.995849609375;1.976318359375;1.98486328125;2.02392578125
2024-08-29 15:33:49.363625;2.025146484375;1.982421875;1.99951171875;1.9873046875;1.976318359375;1.9970703125;2.00439453125;1.995849609375;1.97509765625;2.008056640625;2.003173828125;2.01416015625;2.01416015625;2.010498046875;1.982421875;1.981201171875;1.962890625;1.9775390625;1.998291015625;1.956787109375;1.988525390625;1.9921875;2.00927734375;1.973876953125;1.986083984375;1.971435546875;1.971435546875;1.982421875;1.978759765625;2.001953125;2.005615234375;1.998291015625;2.01416015625;2.0068359375;1.978759765625;1.9970703125;2.005615234375;1.986083984375;1.9873046875;1.988525390625;1.98974609375;1.9775390625;1.993408203125;1.9970703125;2.015380859375;2.008056640625;1.998291015625;2.005615234375;1.983642578125;1.976318359375;1.995849609375;1.9921875;1.988525390625;1.978759765625;1.97509765625;1.981201171875;1.9970703125;2.010498046875;1.973876953125;1.97998046875;2.005615234375;2.0166015625;2.008056640625;2.017822265625;1.981201171875;1.99462890625;2.0263671875;2.0068359375;1.959228515625;1.988525390625;2.01904296875;2.01171875;1.990966796875;1.99462890625;1.9921875;1.99462890625;1.97021484375;1.986083984375;1.990966796875;1.98486328125;2.00439453125;1.995849609375;2.0068359375;1.9921875;2.001953125;1.978759765625;1.96533203125;1.96533203125;1.95068359375;1.97509765625;1.981201171875;1.988525390625;1.990966796875;2.020263671875;2.02392578125;2.017822265625;1.990966796875;1.97998046875;1.978759765625;1.96044921875
2024-08-29 15:33:49.394224;1.990966796875;1.968994140625;2.00927734375;1.9970703125;1.986083984375;1.978759765625;1.9873046875;1.97509765625;2.005615234375;2.021484375;2.017822265625;1.98486328125;1.973876953125;1.98974609375;1.988525390625;1.988525390625;1.956787109375;1.971435546875;1.981201171875;1.99462890625;1.97998046875;1.9873046875;1.973876953125;1.99462890625;2.001953125;2.015380859375;2.027587890625;2.039794921875;2.005615234375;2.008056640625;2.001953125;1.988525390625;1.961669921875;1.95068359375;1.97998046875;2.005615234375;2.010498046875;2.01416015625;2.012939453125;1.995849609375;1.982421875;2.001953125;2.01904296875;1.9921875;1.995849609375;1.988525390625;1.9873046875;1.9970703125;1.982421875;1.9873046875;1.98486328125;1.9775390625;1.99462890625;1.99951171875;1.99951171875;2.001953125;2.001953125;1.9970703125;2.001953125;2.01416015625;2.015380859375;1.983642578125;1.96044921875;1.964111328125;1.9921875;1.99951171875;1.99951171875;1.995849609375;2.01171875;2.00439453125;1.98974609375;1.959228515625;1.959228515625;1.961669921875;1.976318359375;2.015380859375;2.012939453125;2.000732421875;1.998291015625;1.99462890625;1.9873046875;1.99951171875;2.008056640625;2.000732421875;1.998291015625;2.022705078125;1.99951171875;1.99462890625;2.003173828125;2.012939453125;1.993408203125;1.951904296875;1.95556640625;1.97265625;1.995849609375;2.00927734375;2.008056640625;2.01171875;1.995849609375;1.9921875
2024-08-29 15:33:49.425509;1.986083984375;1.956787109375;1.98974609375;1.981201171875;1.981201171875;2.0068359375;2.00927734375;2.000732421875;2.000732421875;1.976318359375;1.951904296875;1.99951171875;2.01904296875;2.008056640625;1.983642578125;2.003173828125;1.995849609375;1.99951171875;1.9921875;2.015380859375;2.01904296875;2.01416015625;1.9921875;1.943359375;1.962890625;1.97021484375;1.976318359375;1.97265625;1.971435546875;2.012939453125;2.000732421875;2.005615234375;2.0166015625;2.008056640625;1.988525390625;1.98974609375;2.005615234375;1.993408203125;1.9921875;1.995849609375;1.98486328125;1.986083984375;1.9970703125;1.988525390625;1.964111328125;1.983642578125;1.9921875;1.988525390625;1.995849609375;2.00927734375;2.03125;2.030029296875;2.01416015625;1.97998046875;1.96044921875;1.973876953125;1.98486328125;1.986083984375;1.9921875;1.983642578125;1.978759765625;2.010498046875;2.000732421875;2.010498046875;1.9970703125;1.995849609375;2.0068359375;2.0068359375;1.982421875;1.973876953125;1.99462890625;2.005615234375;1.97509765625;1.96533203125;2.015380859375;2.02392578125;1.9970703125;1.995849609375;2.001953125;2.02392578125;2.015380859375;1.988525390625;1.971435546875;1.983642578125;1.983642578125;1.990966796875;2.010498046875;1.9873046875;1.986083984375;1.9775390625;1.96533203125;1.988525390625;2.003173828125;1.9970703125;1.983642578125;1.9873046875;1.9921875;1.98974609375;1.986083984375;1.99462890625
2024-08-29 15:33:49.518887;1.990966796875;2.0068359375;1.9921875;2.00927734375;2.017822265625;1.99951171875;1.97509765625;1.949462890625;1.956787109375;1.964111328125;1.99462890625;2.0166015625;2.010498046875;2.00439453125;1.99462890625;1.97509765625;1.97998046875;1.995849609375;1.99462890625;1.98974609375;2.01171875;2.0068359375;2.00927734375;1.99462890625;1.976318359375;1.988525390625;1.995849609375;1.9921875;2.0068359375;2.005615234375;1.97998046875;1.9921875;1.9921875;1.990966796875;2.00439453125;1.966552734375;1.9873046875;1.96533203125;1.976318359375;1.9775390625;1.995849609375;2.01171875;2.027587890625;2.005615234375;1.993408203125;1.99951171875;2.001953125;2.00927734375;2.000732421875;1.982421875;1.9873046875;1.97021484375;1.976318359375;1.990966796875;2.003173828125;1.9970703125;1.983642578125;2.00439453125;1.9970703125;2.003173828125;1.98486328125;1.99951171875;1.9921875;1.990966796875;1.990966796875;1.986083984375;1.982421875;2.000732421875;1.9873046875;1.968994140625;1.9775390625;1.968994140625;1.9873046875;1.97998046875;2.01416015625;2.00439453125;2.017822265625;2.000732421875;2.01416015625;2.005615234375;2.000732421875;1.993408203125;1.99951171875;1.973876953125;1.956787109375;1.98974609375;1.9873046875;1.9775390625;1.97265625;1.98974609375;1.9873046875;1.97021484375;1.97998046875;2.015380859375;2.010498046875;2.003173828125;2.008056640625;2.0068359375;1.98974609375;1.993408203125
2024-08-29 15:33:49.565462;1.9873046875;1.99462890625;2.015380859375;1.98486328125;2.012939453125;2.027587890625;2.008056640625;1.971435546875;1.96044921875;2.01171875;1.99951171875;2.005615234375;2.001953125;2.010498046875;1.98486328125;1.99462890625;1.9873046875;1.982421875;1.9873046875;1.995849609375;1.99951171875;2.001953125;1.9970703125;1.98486328125;1.983642578125;2.001953125;1.9873046875;2.0166015625;2.021484375;1.995849609375;1.983642578125;1.97509765625;2.008056640625;2.01171875;1.97998046875;1.971435546875;1.995849609375;2.005615234375;1.993408203125;1.9970703125;1.971435546875;1.983642578125;1.97265625;1.96533203125;1.962890625;1.9970703125;1.964111328125;1.982421875;1.990966796875;1.9775390625;1.971435546875;1.978759765625;2.01904296875;2.021484375;2.015380859375;2.001953125;1.990966796875;1.98486328125;1.98974609375;1.990966796875;1.99462890625;2.012939453125;2.005615234375;2.000732421875;1.993408203125;1.966552734375;1.949462890625;1.951904296875;1.9775390625;2.000732421875;2.01904296875;2.000732421875;2.00439453125;2.00439453125;1.978759765625;1.995849609375;1.968994140625;2.000732421875;2.012939453125;2.015380859375;1.995849609375;1.973876953125;1.96533203125;1.993408203125;2.005615234375;2.00439453125;2.010498046875;1.97021484375;1.962890625;2.00439453125;1.99462890625;2.025146484375;1.993408203125;1.981201171875;1.9775390625;1.968994140625;1.97509765625;1.982421875;2.001953125;2.0166015625
2024-08-29 15:33:49.581448;1.9775390625;1.97021484375;2.022705078125;1.971435546875;1.981201171875;2.015380859375;2.020263671875;2.01904296875;1.97509765625;1.953125;1.976318359375;1.99462890625;1.9970703125;1.97265625;1.993408203125;2.021484375;2.01904296875;2.0068359375;1.9873046875;1.953125;1.95068359375;1.962890625;1.98486328125;2.034912109375;2.03125;2.012939453125;1.97021484375;1.98486328125;2.003173828125;2.000732421875;1.993408203125;1.95556640625;1.971435546875;2.00927734375;1.9970703125;2.005615234375;2.01171875;1.98486328125;1.971435546875;1.998291015625;2.020263671875;2.01904296875;1.995849609375;1.968994140625;1.961669921875;1.97021484375;1.988525390625;2.00927734375;2.005615234375;2.005615234375;1.998291015625;1.971435546875;1.978759765625;2.001953125;2.012939453125;2.015380859375;1.971435546875;1.973876953125;2.00927734375;1.993408203125;1.9921875;1.9921875;1.976318359375;1.973876953125;1.998291015625;1.995849609375;2.001953125;2.012939453125;1.9677734375;1.9482421875;1.98486328125;2.0166015625;2.022705078125;1.99951171875;1.990966796875;1.981201171875;1.96533203125;1.983642578125;1.983642578125;1.973876953125;2.00439453125;1.9677734375;1.9970703125;2.008056640625;1.9775390625;1.99462890625;1.99951171875;1.97998046875;1.978759765625;1.995849609375;1.98974609375;1.993408203125;1.998291015625;1.961669921875;1.9970703125;2.027587890625;2.032470703125;2.030029296875;2.0166015625;2.00439453125
2024-08-29 15:33:49.628355;1.97265625;1.956787109375;1.978759765625;1.99462890625;1.993408203125;1.98486328125;1.98486328125;2.000732421875;1.99951171875;1.98486328125;1.98974609375;2.020263671875;1.981201171875;1.988525390625;1.998291015625;2.001953125;1.995849609375;1.998291015625;2.012939453125;2.008056640625;1.983642578125;1.98486328125;1.988525390625;2.012939453125;2.02880859375;1.98974609375;1.983642578125;1.976318359375;2.003173828125;2.01416015625;1.976318359375;1.97998046875;1.983642578125;1.968994140625;1.993408203125;1.993408203125;1.97265625;2.000732421875;2.000732421875;1.990966796875;2.021484375;2.0263671875;1.9970703125;1.982421875;1.988525390625;1.97509765625;1.966552734375;1.962890625;1.9970703125;1.99462890625;1.98486328125;2.003173828125;2.001953125;1.97509765625;1.993408203125;1.988525390625;1.983642578125;2.01416015625;2.034912109375;1.998291015625;1.981201171875;1.976318359375;1.9775390625;1.976318359375;1.9970703125;1.986083984375;1.990966796875;1.9921875;1.98974609375;2.02392578125;2.03369140625;1.9921875;1.9873046875;1.9873046875;1.9775390625;1.98486328125;1.983642578125;1.9921875;1.986083984375;2.0068359375;1.97509765625;1.98974609375;2.0068359375;1.97998046875;1.9921875;1.9970703125;1.978759765625;2.00927734375;2.02392578125;1.981201171875;1.98486328125;1.988525390625;1.986083984375;1.966552734375;1.971435546875;2.005615234375;2.000732421875;1.99462890625;1.981201171875;1.976318359375
2024-08-29 15:33:49.644283;1.98974609375;1.988525390625;1.97265625;1.98486328125;1.995849609375;1.995849609375;1.988525390625;1.97998046875;1.99462890625;1.9970703125;1.97509765625;1.993408203125;2.0166015625;2.005615234375;1.981201171875;1.9580078125;1.97265625;1.9921875;2.003173828125;1.9970703125;1.995849609375;2.005615234375;2.008056640625;2.0166015625;2.022705078125;1.99462890625;1.959228515625;1.98974609375;2.003173828125;1.98486328125;1.983642578125;1.97509765625;1.9921875;1.988525390625;1.97509765625;1.978759765625;1.97998046875;1.9921875;2.020263671875;2.027587890625;2.00927734375;2.000732421875;1.990966796875;1.97509765625;1.966552734375;1.978759765625;2.001953125;2.008056640625;1.978759765625;1.98974609375;1.998291015625;2.003173828125;1.995849609375;1.96533203125;1.959228515625;1.9580078125;1.964111328125;1.983642578125;1.99951171875;2.001953125;2.001953125;2.01171875;2.0166015625;2.008056640625;1.99462890625;1.982421875;1.971435546875;1.976318359375;1.988525390625;1.99462890625;2.000732421875;2.01171875;2.01416015625;1.993408203125;1.97509765625;1.97509765625;1.978759765625;1.976318359375;1.96533203125;1.97021484375;1.982421875;2.000732421875;2.020263671875;2.017822265625;2.005615234375;1.99462890625;1.988525390625;1.982421875;1.978759765625;1.990966796875;1.99462890625;1.99462890625;1.998291015625;2.005615234375;2.00439453125;1.998291015625;2.005615234375;1.998291015625;1.98486328125;1.96533203125
2024-08-29 15:33:49.675497;1.95556640625;1.97265625;2.0166015625;2.025146484375;1.98486328125;1.96533203125;1.97998046875;2.010498046875;2.021484375;2.01416015625;2.000732421875;1.99951171875;2.00927734375;2.0068359375;2.00439453125;2.003173828125;1.97265625;1.94580078125;1.964111328125;1.986083984375;2.003173828125;2.00927734375;1.99951171875;1.978759765625;1.982421875;1.995849609375;1.995849609375;2.008056640625;2.005615234375;1.99462890625;1.995849609375;1.98486328125;1.96044921875;1.962890625;1.982421875;1.998291015625;2.00927734375;2.021484375;2.015380859375;2.008056640625;2.00439453125;1.98974609375;1.971435546875;1.97998046875;1.998291015625;1.995849609375;1.982421875;1.976318359375;1.973876953125;1.97021484375;1.982421875;1.98974609375;1.983642578125;1.9921875;2.003173828125;2.00439453125;2.001953125;2.005615234375;1.99462890625;1.981201171875;1.982421875;1.982421875;1.98486328125;1.995849609375;2.017822265625;2.015380859375;1.9970703125;1.99951171875;2.001953125;2.001953125;2.005615234375;1.990966796875;1.962890625;1.966552734375;1.9873046875;2.008056640625;2.01171875;2.00927734375;2.003173828125;1.9921875;1.98974609375;1.9775390625;1.96533203125;1.97509765625;1.995849609375;2.001953125;1.99462890625;1.98974609375;1.98974609375;1.9873046875;1.990966796875;1.9775390625;1.968994140625;1.976318359375;1.9921875;2.008056640625;2.027587890625;2.027587890625;2.00927734375;2.00439453125
2024-08-29 15:33:49.706316;2.01416015625;2.00439453125;1.990966796875;2.01904296875;2.017822265625;1.97509765625;1.983642578125;2.010498046875;2.015380859375;2.000732421875;1.97265625;1.9775390625;2.003173828125;2.005615234375;1.9677734375;1.96533203125;1.993408203125;2.005615234375;1.982421875;1.97021484375;2.000732421875;2.01904296875;2.00439453125;1.97021484375;1.99462890625;2.0166015625;2.015380859375;2.00439453125;1.9775390625;1.96044921875;1.964111328125;1.964111328125;1.983642578125;2.010498046875;2.025146484375;2.01416015625;1.993408203125;1.98486328125;1.995849609375;1.998291015625;1.97509765625;1.976318359375;2.015380859375;2.034912109375;2.032470703125;2.020263671875;2.001953125;1.961669921875;1.951904296875;1.95556640625;1.968994140625;2.00439453125;2.025146484375;2.0263671875;2.02392578125;1.9921875;1.961669921875;1.968994140625;1.9775390625;1.968994140625;1.96533203125;2.00439453125;2.032470703125;2.037353515625;2.0166015625;1.97021484375;1.95556640625;1.971435546875;1.97998046875;1.9677734375;1.9677734375;1.9921875;2.005615234375;2.00439453125;2.008056640625;2.01171875;2.0068359375;2.008056640625;2.005615234375;1.986083984375;1.9775390625;1.981201171875;1.990966796875;2.00439453125;2.010498046875;1.988525390625;1.98974609375;2.015380859375;2.0068359375;1.962890625;1.95068359375;1.96044921875;1.990966796875;2.03369140625;2.008056640625;1.973876953125;1.98486328125;2.012939453125;2.003173828125;1.99951171875
2024-08-29 15:33:49.737663;2.000732421875;2.01416015625;1.97265625;1.9873046875;1.9873046875;1.988525390625;1.97509765625;1.9873046875;2.021484375;2.030029296875;2.00439453125;1.981201171875;1.9921875;1.986083984375;1.9970703125;1.966552734375;2.003173828125;2.01171875;2.01171875;1.966552734375;1.976318359375;1.97021484375;1.97998046875;1.978759765625;1.993408203125;2.025146484375;2.015380859375;1.96533203125;1.9921875;2.000732421875;1.9970703125;1.966552734375;1.982421875;2.012939453125;2.01416015625;2.003173828125;1.9677734375;1.986083984375;2.008056640625;1.9970703125;1.96044921875;1.990966796875;1.9970703125;1.993408203125;2.00927734375;1.973876953125;1.990966796875;2.00927734375;1.998291015625;1.962890625;1.995849609375;2.025146484375;2.027587890625;1.993408203125;1.976318359375;1.998291015625;2.00439453125;1.9970703125;1.961669921875;1.981201171875;2.00439453125;2.003173828125;1.983642578125;1.97021484375;1.99462890625;2.012939453125;2.008056640625;1.97509765625;1.97265625;2.01416015625;2.021484375;1.973876953125;1.982421875;1.990966796875;1.988525390625;1.99951171875;1.966552734375;1.982421875;2.008056640625;2.0166015625;1.982421875;1.9873046875;1.990966796875;1.986083984375;2.003173828125;1.982421875;1.973876953125;2.015380859375;2.015380859375;1.9677734375;1.97998046875;2.000732421875;1.990966796875;1.9921875;1.961669921875;1.978759765625;2.01904296875;2.015380859375;1.968994140625;1.978759765625
2024-08-29 15:33:49.752948;2.00439453125;1.998291015625;1.998291015625;1.962890625;1.9970703125;2.005615234375;1.966552734375;1.976318359375;2.02392578125;2.037353515625;1.988525390625;1.947021484375;1.983642578125;1.995849609375;1.9677734375;1.982421875;2.020263671875;2.020263671875;1.97509765625;1.9677734375;1.998291015625;1.983642578125;1.9677734375;1.99951171875;2.03125;1.9970703125;1.9580078125;1.968994140625;1.983642578125;1.968994140625;1.99951171875;2.03857421875;2.039794921875;2.003173828125;1.9580078125;1.9482421875;1.956787109375;1.9677734375;2.001953125;2.03369140625;2.03857421875;2.02392578125;1.983642578125;1.962890625;1.966552734375;1.9677734375;1.9921875;2.034912109375;2.030029296875;2.030029296875;2.005615234375;1.97021484375;1.95556640625;1.954345703125;1.981201171875;2.0263671875;2.03369140625;2.027587890625;2.010498046875;1.973876953125;1.956787109375;1.953125;1.9580078125;2.005615234375;2.0263671875;2.02392578125;2.025146484375;1.983642578125;1.9580078125;1.962890625;1.96044921875;1.9873046875;2.02880859375;2.020263671875;2.022705078125;2.01171875;1.968994140625;1.968994140625;1.98486328125;1.9677734375;2.003173828125;2.025146484375;2.0263671875;2.020263671875;1.9677734375;1.96044921875;1.98974609375;1.98486328125;1.973876953125;2.008056640625;2.034912109375;2.03369140625;1.982421875;1.956787109375;1.971435546875;1.97265625;1.968994140625;2.008056640625;2.03369140625;2.041015625
2024-08-29 15:33:49.799906;2.03369140625;2.00927734375;1.9970703125;1.99462890625;2.000732421875;1.99462890625;1.983642578125;1.982421875;1.9921875;1.995849609375;1.993408203125;2.001953125;2.000732421875;1.993408203125;1.98974609375;1.981201171875;1.978759765625;1.978759765625;1.976318359375;1.988525390625;1.998291015625;1.993408203125;1.97509765625;1.973876953125;1.97509765625;1.983642578125;2.00439453125;2.005615234375;1.988525390625;1.97998046875;1.9921875;1.983642578125;1.97265625;1.98974609375;1.9970703125;1.9873046875;1.97509765625;1.986083984375;2.010498046875;1.993408203125;1.97021484375;1.968994140625;1.971435546875;1.986083984375;2.032470703125;2.0458984375;2.03369140625;1.990966796875;1.9580078125;1.954345703125;1.962890625;1.993408203125;2.0361328125;2.03125;1.9873046875;1.97509765625;1.998291015625;1.993408203125;1.971435546875;2.00439453125;2.03125;2.00927734375;1.966552734375;1.97265625;1.988525390625;1.976318359375;1.968994140625;1.998291015625;2.022705078125;2.00439453125;1.97998046875;1.98974609375;1.9921875;1.9775390625;2.015380859375;2.037353515625;2.03125;2.000732421875;1.95556640625;1.949462890625;1.9580078125;1.966552734375;1.99951171875;2.012939453125;1.98486328125;1.990966796875;2.01904296875;2.017822265625;1.988525390625;1.968994140625;1.97509765625;1.97509765625;1.9873046875;2.020263671875;2.021484375;2.003173828125;1.988525390625;1.9873046875;1.9970703125;2.000732421875
2024-08-29 15:33:49.845805;2.005615234375;2.008056640625;2.01416015625;1.99462890625;1.96044921875;1.995849609375;1.982421875;1.97998046875;2.005615234375;2.008056640625;1.981201171875;1.973876953125;1.986083984375;1.973876953125;1.998291015625;2.02392578125;2.020263671875;1.978759765625;1.99462890625;2.01904296875;1.982421875;1.978759765625;2.001953125;1.983642578125;1.97265625;2.01416015625;1.9970703125;1.9775390625;2.005615234375;2.01416015625;2.00927734375;1.971435546875;1.956787109375;1.962890625;2.000732421875;2.00927734375;2.00439453125;1.99462890625;1.978759765625;1.97265625;1.97998046875;2.003173828125;2.008056640625;2.000732421875;1.99951171875;1.98486328125;1.98974609375;1.98974609375;1.976318359375;1.98974609375;1.9970703125;1.9873046875;1.9677734375;2.01416015625;2.02392578125;1.982421875;1.99462890625;2.0166015625;2.0263671875;2.005615234375;1.959228515625;1.968994140625;1.968994140625;1.9970703125;2.017822265625;2.017822265625;2.005615234375;1.97021484375;1.954345703125;1.9580078125;1.98974609375;2.01904296875;2.02392578125;2.032470703125;1.986083984375;1.96533203125;1.968994140625;1.976318359375;1.9970703125;2.01416015625;2.008056640625;1.97265625;1.97265625;1.981201171875;1.97998046875;2.017822265625;2.032470703125;2.0361328125;2.01416015625;1.96044921875;1.943359375;1.968994140625;2.012939453125;2.020263671875;2.02392578125;2.010498046875;1.9677734375;1.962890625;1.978759765625;2.0068359375
2024-08-29 15:33:49.861612;2.0166015625;2.0166015625;1.973876953125;1.988525390625;2.032470703125;2.02880859375;1.97265625;1.962890625;1.97998046875;1.9970703125;2.00927734375;2.021484375;1.99462890625;1.973876953125;1.993408203125;1.9970703125;1.9970703125;2.0068359375;1.988525390625;1.981201171875;2.022705078125;2.017822265625;1.968994140625;1.98486328125;2.017822265625;1.9970703125;1.966552734375;1.96533203125;1.97021484375;2.01904296875;2.04833984375;2.02392578125;1.97265625;1.97265625;1.993408203125;1.98486328125;1.983642578125;2.003173828125;1.986083984375;1.976318359375;2.01171875;2.010498046875;1.982421875;1.97998046875;1.9873046875;1.983642578125;2.022705078125;2.0361328125;2.010498046875;1.990966796875;1.981201171875;1.97998046875;1.97021484375;1.986083984375;2.003173828125;1.98486328125;1.981201171875;2.005615234375;2.010498046875;1.976318359375;1.97998046875;2.00439453125;2.0068359375;1.973876953125;1.97021484375;1.9921875;1.966552734375;1.976318359375;2.010498046875;2.00927734375;1.98486328125;1.983642578125;1.978759765625;1.9873046875;2.0263671875;2.03125;2.0068359375;1.98974609375;1.97998046875;1.97998046875;1.983642578125;2.00927734375;2.005615234375;1.97509765625;1.9775390625;2.017822265625;2.00927734375;1.9677734375;1.978759765625;2.0068359375;1.9970703125;1.962890625;1.968994140625;1.97021484375;1.968994140625;2.017822265625;2.0361328125;2.00927734375;1.971435546875;1.9775390625
2024-08-29 15:33:49.923549;1.981201171875;2.01416015625;1.9775390625;2.012939453125;2.005615234375;1.9677734375;1.973876953125;1.97998046875;2.005615234375;2.03857421875;2.02880859375;1.97509765625;1.961669921875;1.9921875;1.98486328125;2.015380859375;2.01904296875;1.9970703125;1.97998046875;1.986083984375;1.983642578125;2.010498046875;2.01416015625;1.988525390625;1.9580078125;1.981201171875;1.968994140625;1.998291015625;2.01171875;1.9775390625;1.97998046875;1.9921875;1.981201171875;2.00927734375;2.03125;2.00927734375;1.951904296875;1.97509765625;1.988525390625;1.973876953125;2.003173828125;2.012939453125;2.008056640625;1.986083984375;1.99462890625;1.986083984375;2.005615234375;2.00927734375;2.012939453125;1.995849609375;1.961669921875;1.97509765625;1.97998046875;2.01171875;2.020263671875;2.003173828125;1.97265625;1.988525390625;1.983642578125;1.983642578125;1.9921875;1.998291015625;1.9970703125;1.97265625;1.9873046875;1.99462890625;2.015380859375;1.981201171875;1.981201171875;2.017822265625;2.0068359375;1.98974609375;2.000732421875;1.9873046875;1.981201171875;1.998291015625;1.9677734375;1.9580078125;1.97265625;2.001953125;2.015380859375;2.020263671875;1.9921875;1.973876953125;1.986083984375;1.983642578125;2.001953125;2.001953125;2.01904296875;1.98486328125;1.988525390625;1.990966796875;1.998291015625;2.015380859375;2.0068359375;2.020263671875;2.003173828125;1.98486328125;1.9873046875;1.9970703125
2024-08-29 15:33:49.954137;1.998291015625;2.000732421875;1.982421875;2.000732421875;1.993408203125;1.981201171875;2.0068359375;2.01416015625;1.995849609375;1.995849609375;1.993408203125;1.983642578125;2.00927734375;1.993408203125;1.9921875;1.99462890625;1.966552734375;1.973876953125;2.001953125;1.9775390625;1.986083984375;2.012939453125;1.988525390625;2.00927734375;2.001953125;1.973876953125;2.001953125;1.993408203125;1.98486328125;1.97509765625;2.001953125;1.990966796875;1.995849609375;1.99951171875;1.9873046875;1.976318359375;2.01171875;2.01171875;2.00927734375;1.98974609375;1.97021484375;1.971435546875;2.000732421875;1.9970703125;1.988525390625;1.993408203125;1.990966796875;1.97998046875;1.9921875;1.9970703125;1.9921875;1.9873046875;1.993408203125;1.9873046875;1.973876953125;1.99951171875;2.0068359375;2.000732421875;1.99951171875;1.99462890625;1.98486328125;1.976318359375;2.01416015625;2.01904296875;2.022705078125;1.9873046875;1.9873046875;1.9775390625;1.99951171875;2.003173828125;1.986083984375;1.990966796875;1.995849609375;1.982421875;1.998291015625;1.99462890625;1.99462890625;1.9970703125;1.9970703125;1.98486328125;1.982421875;2.003173828125;1.995849609375;1.988525390625;1.9970703125;1.988525390625;1.97265625;1.98974609375;2.00439453125;1.9921875;2.00439453125;1.990966796875;1.986083984375;1.971435546875;1.993408203125;2.000732421875;1.988525390625;1.990966796875;2.005615234375;1.9970703125
2024-08-29 15:33:50.001253;2.005615234375;1.981201171875;2.010498046875;1.9873046875;1.986083984375;1.99462890625;1.99462890625;2.01171875;1.993408203125;1.986083984375;1.97021484375;1.995849609375;1.97265625;2.01171875;2.015380859375;2.003173828125;1.966552734375;1.97998046875;1.982421875;2.010498046875;2.005615234375;1.99462890625;2.001953125;2.005615234375;1.964111328125;1.990966796875;1.99462890625;1.9775390625;2.001953125;1.9921875;1.9873046875;2.005615234375;1.98974609375;1.961669921875;1.986083984375;1.982421875;1.978759765625;2.01171875;2.020263671875;1.9873046875;1.956787109375;1.98486328125;1.968994140625;2.000732421875;2.01416015625;2.005615234375;1.971435546875;2.017822265625;2.005615234375;1.96533203125;1.976318359375;1.98974609375;1.986083984375;2.017822265625;2.0263671875;1.9775390625;1.98486328125;2.005615234375;1.98486328125;1.9921875;2.021484375;2.001953125;1.97021484375;1.998291015625;1.9970703125;1.961669921875;2.00439453125;2.0263671875;1.97021484375;1.97509765625;2.000732421875;1.976318359375;2.000732421875;2.01904296875;2.00927734375;1.962890625;1.962890625;1.97509765625;2.000732421875;2.01904296875;2.0166015625;1.97509765625;1.995849609375;1.983642578125;1.968994140625;2.003173828125;2.017822265625;2.00927734375;1.98486328125;1.99462890625;1.976318359375;1.978759765625;2.01904296875;2.021484375;1.971435546875;1.976318359375;2.001953125;1.968994140625;2.0068359375;2.027587890625
2024-08-29 15:33:50.047873;1.99462890625;2.003173828125;2.008056640625;1.9970703125;1.971435546875;1.99462890625;2.0166015625;1.97509765625;1.99462890625;1.99951171875;1.961669921875;1.99462890625;2.000732421875;1.990966796875;2.005615234375;2.017822265625;1.97021484375;1.988525390625;1.990966796875;1.978759765625;1.99462890625;1.9970703125;1.988525390625;1.976318359375;1.973876953125;2.0068359375;2.012939453125;2.012939453125;1.97998046875;1.98486328125;1.98974609375;1.986083984375;2.001953125;1.9775390625;1.978759765625;1.998291015625;1.98486328125;1.9873046875;1.998291015625;1.995849609375;1.97509765625;1.986083984375;1.9921875;1.97998046875;2.000732421875;1.9921875;1.9970703125;1.99951171875;1.986083984375;1.993408203125;2.005615234375;1.976318359375;1.988525390625;1.99951171875;1.97265625;1.981201171875;1.98974609375;2.008056640625;1.99951171875;1.99462890625;1.988525390625;1.986083984375;1.97265625;1.993408203125;2.001953125;1.99951171875;1.988525390625;1.98486328125;1.978759765625;1.993408203125;1.98974609375;1.982421875;1.99951171875;1.99951171875;1.993408203125;2.01171875;1.978759765625;1.956787109375;1.982421875;2.003173828125;1.97265625;1.978759765625;2.021484375;1.9970703125;1.9921875;2.0068359375;1.993408203125;1.981201171875;1.9873046875;2.008056640625;2.000732421875;1.99462890625;1.993408203125;1.982421875;1.97509765625;1.99951171875;1.966552734375;1.982421875;1.990966796875;2.01416015625
2024-08-29 15:33:50.079135;2.02392578125;2.005615234375;1.993408203125;2.012939453125;2.010498046875;1.95556640625;1.998291015625;1.9775390625;2.000732421875;2.01416015625;2.003173828125;1.964111328125;2.017822265625;1.97998046875;1.99462890625;2.027587890625;1.966552734375;1.956787109375;1.99951171875;1.976318359375;1.998291015625;1.986083984375;2.00927734375;1.990966796875;2.01416015625;1.982421875;2.015380859375;2.0263671875;1.978759765625;1.97509765625;1.993408203125;1.9970703125;1.9970703125;1.993408203125;1.9873046875;1.98974609375;1.99951171875;1.978759765625;2.000732421875;2.017822265625;1.988525390625;1.966552734375;2.01171875;1.983642578125;1.99462890625;2.00439453125;2.010498046875;1.9677734375;1.9921875;2.021484375;1.9677734375;1.981201171875;2.020263671875;1.981201171875;1.961669921875;2.01171875;1.986083984375;1.993408203125;2.015380859375;2.01904296875;1.96533203125;2.000732421875;2.025146484375;1.966552734375;1.98974609375;2.01904296875;1.9580078125;1.978759765625;2.03369140625;1.993408203125;1.971435546875;2.003173828125;2.003173828125;1.9677734375;2.005615234375;2.0166015625;1.961669921875;1.966552734375;1.9970703125;1.9775390625;1.990966796875;2.025146484375;1.9921875;1.9775390625;1.9970703125;1.990966796875;1.97998046875;2.005615234375;2.017822265625;1.966552734375;1.968994140625;1.9921875;1.9677734375;1.988525390625;2.0166015625;1.98486328125;1.978759765625;2.003173828125;2.000732421875;1.97265625
2024-08-29 15:33:50.142121;1.9775390625;1.9970703125;1.97021484375;1.995849609375;1.995849609375;1.978759765625;1.9970703125;1.995849609375;1.9677734375;1.99462890625;1.995849609375;1.9921875;2.0068359375;1.98974609375;1.988525390625;1.990966796875;1.97998046875;2.005615234375;1.9873046875;1.97998046875;1.99951171875;2.003173828125;1.98974609375;2.01416015625;2.008056640625;1.982421875;1.968994140625;1.983642578125;1.981201171875;1.995849609375;1.990966796875;1.982421875;1.981201171875;1.9921875;1.990966796875;2.010498046875;1.99462890625;1.983642578125;1.993408203125;1.988525390625;1.982421875;2.00439453125;1.98486328125;1.9775390625;1.983642578125;2.00439453125;1.9921875;1.998291015625;2.010498046875;1.99462890625;1.983642578125;1.99951171875;2.003173828125;1.9921875;2.012939453125;1.995849609375;1.9970703125;1.981201171875;1.993408203125;1.982421875;2.005615234375;1.998291015625;1.976318359375;1.978759765625;1.998291015625;1.981201171875;1.988525390625;1.993408203125;1.971435546875;1.97265625;2.00439453125;2.005615234375;1.993408203125;2.01171875;1.988525390625;1.968994140625;1.993408203125;1.98974609375;1.982421875;2.00439453125;1.983642578125;1.98486328125;1.97998046875;2.001953125;2.017822265625;2.00927734375;2.015380859375;1.97509765625;1.973876953125;1.99462890625;2.005615234375;1.99951171875;2.0166015625;1.97509765625;1.971435546875;1.9775390625;2.0068359375;1.998291015625;1.995849609375;2.01416015625
2024-08-29 15:33:50.173155;1.995849609375;1.990966796875;1.956787109375;1.98486328125;1.988525390625;1.99462890625;2.003173828125;2.021484375;1.959228515625;1.993408203125;1.988525390625;1.9873046875;2.005615234375;2.01416015625;1.9482421875;1.9775390625;1.983642578125;1.99462890625;1.990966796875;1.9970703125;1.9677734375;1.98974609375;1.97998046875;2.000732421875;2.0068359375;1.995849609375;1.97265625;1.988525390625;2.001953125;1.9873046875;1.98974609375;1.990966796875;1.97998046875;1.98486328125;1.983642578125;1.98974609375;1.982421875;1.995849609375;1.993408203125;1.9970703125;2.000732421875;2.008056640625;1.9580078125;1.982421875;2.000732421875;2.008056640625;1.993408203125;2.00927734375;1.982421875;1.993408203125;2.001953125;1.98974609375;2.01171875;2.020263671875;1.988525390625;1.964111328125;2.001953125;1.988525390625;1.99951171875;1.9921875;2.0068359375;1.9677734375;1.9921875;1.99951171875;1.998291015625;2.02392578125;2.03857421875;1.97265625;1.971435546875;2.01171875;1.9775390625;1.986083984375;1.986083984375;2.00439453125;1.9775390625;2.00439453125;1.998291015625;1.95556640625;1.976318359375;2.017822265625;1.988525390625;1.986083984375;2.017822265625;1.966552734375;1.98486328125;1.986083984375;2.005615234375;1.990966796875;2.020263671875;1.99462890625;1.96533203125;1.995849609375;2.012939453125;1.968994140625;1.998291015625;2.017822265625;1.97509765625;1.98974609375;1.9970703125;2.01416015625
2024-08-29 15:33:50.204965;2.005615234375;2.027587890625;2.00439453125;1.9873046875;2.022705078125;1.978759765625;1.98974609375;1.99951171875;1.993408203125;1.97509765625;2.005615234375;1.978759765625;1.99951171875;1.98486328125;1.993408203125;1.9921875;2.008056640625;1.986083984375;2.00927734375;2.00927734375;1.981201171875;1.978759765625;2.003173828125;1.9775390625;2.00439453125;2.001953125;1.976318359375;2.000732421875;2.005615234375;1.9775390625;2.005615234375;2.008056640625;1.968994140625;1.9921875;1.995849609375;1.9921875;2.001953125;1.9873046875;1.990966796875;1.993408203125;2.022705078125;1.976318359375;1.993408203125;2.00927734375;2.001953125;1.9580078125;2.000732421875;1.983642578125;1.981201171875;2.00439453125;1.998291015625;1.981201171875;1.9873046875;2.01416015625;1.968994140625;1.988525390625;2.008056640625;2.000732421875;1.966552734375;2.00927734375;1.993408203125;1.990966796875;1.998291015625;1.988525390625;1.982421875;2.01416015625;2.0166015625;1.97998046875;1.99951171875;2.005615234375;1.9873046875;1.983642578125;2.017822265625;1.97998046875;1.98486328125;1.99951171875;1.981201171875;1.98486328125;2.01416015625;2.0068359375;1.96044921875;1.97998046875;1.97509765625;1.97509765625;1.9921875;2.01416015625;1.9775390625;1.982421875;2.005615234375;1.982421875;1.9921875;2.0263671875;2.001953125;1.97509765625;1.998291015625;1.9921875;1.978759765625;2.000732421875;2.010498046875;1.981201171875
2024-08-29 15:33:50.220111;2.003173828125;1.988525390625;1.9775390625;1.998291015625;1.97998046875;1.998291015625;1.97265625;1.998291015625;1.97998046875;2.00439453125;2.00927734375;1.9970703125;1.96044921875;2.000732421875;1.981201171875;2.0068359375;1.99951171875;1.98486328125;1.961669921875;2.012939453125;1.97021484375;2.003173828125;2.021484375;1.962890625;1.976318359375;2.010498046875;1.976318359375;2.01416015625;2.025146484375;1.97998046875;1.9873046875;2.017822265625;1.97021484375;1.9921875;2.00927734375;1.976318359375;1.998291015625;2.032470703125;1.98486328125;1.9873046875;2.003173828125;1.998291015625;1.973876953125;2.01904296875;2.00439453125;1.962890625;1.99951171875;2.00927734375;1.942138671875;1.971435546875;2.01171875;1.971435546875;1.990966796875;1.998291015625;2.005615234375;1.976318359375;2.01416015625;2.003173828125;1.956787109375;1.97998046875;2.0068359375;1.9921875;2.005615234375;2.02392578125;1.97021484375;1.99462890625;1.993408203125;1.998291015625;1.97265625;2.00927734375;1.976318359375;1.98974609375;2.0068359375;2.01416015625;1.947021484375;1.976318359375;1.99462890625;1.981201171875;2.005615234375;2.003173828125;1.990966796875;1.9775390625;2.017822265625;1.97998046875;1.981201171875;2.0068359375;2.01171875;1.981201171875;2.005615234375;2.003173828125;1.9873046875;1.99462890625;1.978759765625;1.9873046875;1.976318359375;2.008056640625;1.98486328125;2.005615234375;2.008056640625;2.015380859375
2024-08-29 15:33:50.250915;1.949462890625;1.982421875;1.9873046875;2.001953125;1.98486328125;1.995849609375;1.983642578125;1.988525390625;1.983642578125;2.005615234375;2.0068359375;1.993408203125;1.976318359375;2.000732421875;1.995849609375;2.008056640625;2.03125;2.003173828125;1.99951171875;2.021484375;1.981201171875;1.98486328125;2.010498046875;1.97265625;1.9873046875;2.010498046875;1.973876953125;1.993408203125;2.01171875;1.97265625;1.986083984375;2.000732421875;1.973876953125;1.995849609375;2.010498046875;1.966552734375;1.97021484375;1.993408203125;1.973876953125;1.9921875;2.010498046875;1.98486328125;1.983642578125;2.01904296875;2.025146484375;1.97509765625;1.990966796875;2.005615234375;1.97021484375;1.998291015625;2.010498046875;1.973876953125;1.993408203125;2.017822265625;1.99462890625;1.976318359375;2.00439453125;1.9970703125;1.983642578125;2.0068359375;2.020263671875;1.97265625;1.986083984375;2.001953125;1.98974609375;2.003173828125;2.005615234375;1.98486328125;1.978759765625;1.9970703125;1.995849609375;1.981201171875;2.000732421875;1.99462890625;1.97265625;1.97998046875;1.983642578125;1.9873046875;1.99951171875;1.98486328125;2.000732421875;1.982421875;1.9921875;1.98486328125;1.98974609375;1.9921875;1.9921875;1.993408203125;1.982421875;1.978759765625;1.993408203125;1.993408203125;1.990966796875;1.998291015625;1.98974609375;2.003173828125;1.98486328125;2.00439453125;1.99462890625;1.9970703125
2024-08-29 15:33:50.283045;1.98974609375;1.986083984375;2.017822265625;1.964111328125;1.990966796875;1.98486328125;1.99462890625;2.00927734375;2.020263671875;1.964111328125;2.001953125;1.982421875;1.983642578125;2.020263671875;2.00927734375;1.97021484375;2.00927734375;1.982421875;1.9873046875;2.01416015625;1.988525390625;1.971435546875;1.99462890625;1.97021484375;1.981201171875;2.01416015625;1.98486328125;1.978759765625;2.001953125;2.00927734375;1.97265625;1.9970703125;1.978759765625;1.9970703125;1.9873046875;1.99462890625;1.9921875;2.003173828125;1.982421875;1.988525390625;2.000732421875;2.00439453125;1.993408203125;1.962890625;1.993408203125;1.9873046875;2.00439453125;1.983642578125;1.998291015625;1.968994140625;2.000732421875;1.988525390625;2.00439453125;2.015380859375;2.02392578125;1.983642578125;1.976318359375;1.99462890625;1.983642578125;2.001953125;1.98486328125;2.00927734375;1.97509765625;2.01904296875;1.99462890625;1.990966796875;2.01416015625;2.01171875;1.959228515625;1.995849609375;2.00439453125;1.9775390625;1.99951171875;1.993408203125;1.990966796875;1.9775390625;2.017822265625;1.982421875;1.998291015625;2.012939453125;2.012939453125;1.95556640625;1.990966796875;1.993408203125;1.99951171875;2.000732421875;1.98974609375;1.988525390625;1.981201171875;2.017822265625;1.982421875;1.99951171875;2.010498046875;1.98974609375;1.96044921875;2.00927734375;1.995849609375;1.99462890625;1.998291015625;1.988525390625
2024-08-29 15:33:50.329890;1.97021484375;2.001953125;2.0166015625;1.98486328125;1.988525390625;2.000732421875;2.003173828125;1.968994140625;2.017822265625;1.97998046875;1.99462890625;2.00927734375;1.9873046875;1.95556640625;2.01171875;1.983642578125;2.01171875;1.99951171875;1.98486328125;1.9677734375;2.01416015625;1.97265625;1.990966796875;2.012939453125;1.968994140625;1.97265625;2.022705078125;1.976318359375;1.99951171875;1.993408203125;1.988525390625;1.9970703125;2.021484375;1.961669921875;1.97998046875;2.000732421875;1.983642578125;1.97998046875;2.021484375;1.983642578125;1.986083984375;1.990966796875;1.986083984375;1.986083984375;2.012939453125;2.008056640625;1.95556640625;1.9775390625;1.981201171875;1.9921875;1.9970703125;2.020263671875;1.981201171875;1.9873046875;2.008056640625;1.9775390625;1.99462890625;2.027587890625;2.005615234375;1.954345703125;1.981201171875;1.9873046875;1.993408203125;2.003173828125;2.015380859375;1.976318359375;1.99462890625;1.98974609375;1.97509765625;1.993408203125;2.0263671875;1.9873046875;1.982421875;2.0166015625;1.982421875;1.98486328125;2.01171875;2.01904296875;1.971435546875;2.00439453125;2.001953125;1.956787109375;1.981201171875;2.02392578125;1.98486328125;1.96533203125;2.000732421875;1.97265625;1.98486328125;2.010498046875;2.010498046875;1.9775390625;2.01171875;2.010498046875;1.97021484375;1.990966796875;2.021484375;1.981201171875;1.990966796875;2.01171875
2024-08-29 15:33:50.361368;1.966552734375;1.97509765625;1.99462890625;1.97998046875;2.005615234375;1.99462890625;1.99462890625;1.993408203125;1.99462890625;1.988525390625;1.99462890625;1.9970703125;1.986083984375;1.993408203125;1.988525390625;1.981201171875;2.005615234375;1.99462890625;1.9921875;1.986083984375;1.9970703125;1.97998046875;2.003173828125;2.00927734375;1.982421875;1.9873046875;2.001953125;1.98486328125;2.00927734375;2.01171875;1.993408203125;1.9921875;2.010498046875;1.9775390625;2.000732421875;2.0068359375;1.98486328125;1.990966796875;1.983642578125;1.97021484375;1.998291015625;1.99951171875;1.99462890625;1.9970703125;1.993408203125;2.001953125;1.97265625;2.000732421875;2.012939453125;1.978759765625;1.9970703125;2.0068359375;1.976318359375;1.993408203125;2.00927734375;1.9921875;1.982421875;2.001953125;2.005615234375;1.978759765625;1.99951171875;2.003173828125;1.983642578125;1.988525390625;1.982421875;1.97509765625;1.99462890625;1.98486328125;1.9921875;1.990966796875;1.981201171875;1.986083984375;1.99462890625;1.993408203125;1.9970703125;1.995849609375;1.995849609375;1.988525390625;1.99951171875;1.98974609375;1.9775390625;1.98486328125;1.98974609375;1.98486328125;1.978759765625;2.003173828125;1.99462890625;1.998291015625;2.015380859375;1.993408203125;1.978759765625;2.008056640625;1.988525390625;1.97998046875;2.003173828125;2.000732421875;1.97509765625;1.97509765625;2.005615234375;1.981201171875
2024-08-29 15:33:50.393261;1.9921875;1.9970703125;1.9677734375;2.001953125;1.98486328125;1.986083984375;2.012939453125;2.01904296875;1.981201171875;2.017822265625;1.988525390625;1.998291015625;2.000732421875;2.00439453125;1.9775390625;2.012939453125;1.976318359375;1.978759765625;2.010498046875;1.99951171875;1.947021484375;1.995849609375;1.9775390625;2.001953125;2.003173828125;1.993408203125;1.97021484375;2.017822265625;1.9775390625;2.00439453125;2.030029296875;1.97509765625;1.971435546875;2.003173828125;1.990966796875;1.99462890625;1.983642578125;2.000732421875;1.9580078125;2.003173828125;1.986083984375;2.010498046875;2.0166015625;2.020263671875;1.953125;1.98486328125;1.993408203125;1.988525390625;2.008056640625;2.01171875;1.973876953125;1.9775390625;2.021484375;1.966552734375;1.990966796875;2.032470703125;1.98974609375;1.943359375;1.99462890625;1.982421875;1.98974609375;1.995849609375;2.00439453125;1.97265625;1.9873046875;2.022705078125;1.978759765625;2.0166015625;2.037353515625;1.98974609375;1.96044921875;2.008056640625;1.978759765625;1.982421875;2.003173828125;2.010498046875;1.9580078125;1.995849609375;2.012939453125;1.973876953125;2.01416015625;2.0361328125;1.97265625;1.97265625;2.015380859375;1.97509765625;1.99462890625;1.9921875;2.00439453125;1.9580078125;1.99951171875;2.005615234375;1.97021484375;2.015380859375;2.02880859375;1.97509765625;1.968994140625;2.0068359375;1.976318359375;1.995849609375
2024-08-29 15:33:50.408213;1.9873046875;2.001953125;1.998291015625;1.998291015625;1.990966796875;1.9921875;2.020263671875;1.993408203125;1.9921875;2.008056640625;2.001953125;1.973876953125;2.005615234375;1.983642578125;1.98974609375;1.983642578125;1.983642578125;1.97509765625;2.0166015625;1.981201171875;1.9873046875;2.01171875;1.99951171875;1.968994140625;2.008056640625;1.97509765625;1.99462890625;1.9921875;1.98974609375;1.993408203125;2.017822265625;1.971435546875;1.9921875;2.005615234375;1.993408203125;1.97998046875;2.00927734375;1.981201171875;1.993408203125;1.983642578125;1.98974609375;1.968994140625;2.001953125;1.99951171875;1.978759765625;2.01416015625;2.0263671875;1.981201171875;1.964111328125;1.988525390625;1.983642578125;1.99951171875;1.97998046875;2.0068359375;1.983642578125;2.0068359375;1.982421875;1.998291015625;2.00439453125;2.003173828125;1.97998046875;1.9873046875;1.998291015625;1.983642578125;2.00439453125;1.9921875;1.993408203125;1.973876953125;2.01904296875;1.98974609375;1.988525390625;2.01171875;2.015380859375;1.953125;1.978759765625;1.990966796875;1.97998046875;2.000732421875;1.988525390625;1.99462890625;1.983642578125;2.01171875;1.97509765625;1.98974609375;2.005615234375;2.000732421875;1.981201171875;2.01171875;1.9970703125;1.988525390625;1.998291015625;1.982421875;1.986083984375;1.983642578125;2.012939453125;1.97509765625;1.990966796875;2.001953125;2.00439453125;1.96044921875
2024-08-29 15:33:50.454058;1.990966796875;1.983642578125;1.956787109375;2.003173828125;2.012939453125;1.986083984375;2.000732421875;2.01171875;1.959228515625;1.998291015625;2.000732421875;1.97021484375;2.015380859375;2.017822265625;1.966552734375;2.020263671875;2.008056640625;1.98974609375;2.01171875;2.005615234375;1.964111328125;2.01416015625;1.986083984375;1.978759765625;2.0166015625;1.98974609375;1.959228515625;2.01904296875;1.973876953125;1.988525390625;1.99462890625;1.981201171875;1.9580078125;2.0068359375;1.97265625;1.962890625;1.99951171875;1.993408203125;1.97265625;1.99951171875;2.01904296875;1.97265625;2.001953125;2.01416015625;1.9873046875;2.0068359375;2.03369140625;1.978759765625;1.988525390625;2.017822265625;1.993408203125;1.953125;2.00927734375;1.98974609375;2.003173828125;1.9970703125;2.005615234375;1.971435546875;1.995849609375;2.015380859375;1.9775390625;2.001953125;2.02392578125;1.988525390625;1.9677734375;2.020263671875;1.990966796875;1.983642578125;1.9921875;1.99462890625;1.968994140625;1.98974609375;2.008056640625;1.97509765625;1.99951171875;2.010498046875;1.986083984375;1.956787109375;2.0068359375;1.9873046875;2.003173828125;1.9921875;1.99951171875;1.98486328125;2.017822265625;2.005615234375;1.976318359375;2.001953125;2.010498046875;1.990966796875;1.986083984375;2.017822265625;1.9775390625;1.98974609375;1.990966796875;1.9970703125;1.982421875;2.01416015625;1.99951171875;1.98486328125
2024-08-29 15:33:50.485569;2.001953125;1.993408203125;1.998291015625;1.9970703125;2.003173828125;1.9921875;2.00927734375;1.993408203125;2.01904296875;1.97021484375;1.98486328125;1.995849609375;1.986083984375;1.97021484375;2.003173828125;1.971435546875;1.993408203125;1.995849609375;2.010498046875;2.001953125;2.012939453125;1.96044921875;1.986083984375;2.001953125;1.9873046875;1.981201171875;2.01171875;1.982421875;2.00439453125;2.00439453125;2.00439453125;2.00439453125;2.008056640625;1.97509765625;1.990966796875;2.020263671875;1.981201171875;1.966552734375;2.008056640625;1.986083984375;1.990966796875;1.990966796875;2.012939453125;1.993408203125;2.017822265625;1.9677734375;1.96533203125;1.98486328125;2.003173828125;2.003173828125;1.986083984375;2.008056640625;1.9677734375;2.005615234375;1.986083984375;2.01171875;2.017822265625;2.021484375;1.954345703125;1.961669921875;1.978759765625;2.0068359375;1.993408203125;1.990966796875;2.000732421875;1.973876953125;2.008056640625;1.982421875;2.008056640625;2.022705078125;2.010498046875;1.95068359375;1.99951171875;1.990966796875;1.98486328125;1.998291015625;2.003173828125;1.968994140625;1.968994140625;2.01171875;1.9775390625;2.012939453125;2.034912109375;1.998291015625;1.95068359375;1.990966796875;1.97998046875;2.0068359375;1.998291015625;2.015380859375;1.966552734375;1.98974609375;1.99951171875;1.966552734375;2.010498046875;2.032470703125;1.97998046875;1.954345703125;2.000732421875;1.978759765625
2024-08-29 15:33:50.531964;2.001953125;1.98974609375;1.995849609375;1.988525390625;1.99462890625;1.986083984375;1.986083984375;1.99951171875;1.988525390625;1.9921875;2.00439453125;2.01416015625;1.9775390625;1.993408203125;1.982421875;1.9921875;1.9970703125;1.9873046875;2.008056640625;2.037353515625;1.998291015625;1.966552734375;1.982421875;1.995849609375;1.9970703125;2.01904296875;1.981201171875;1.99462890625;1.993408203125;1.981201171875;1.9970703125;2.030029296875;1.97021484375;1.981201171875;1.98974609375;2.000732421875;1.968994140625;2.0068359375;1.982421875;1.998291015625;2.000732421875;1.982421875;1.9873046875;2.005615234375;2.015380859375;1.962890625;1.97509765625;1.9921875;1.993408203125;1.9873046875;2.020263671875;1.986083984375;1.9873046875;1.993408203125;1.986083984375;1.9873046875;2.01171875;1.998291015625;1.9775390625;2.003173828125;2.01416015625;1.98974609375;1.978759765625;2.010498046875;1.976318359375;2.000732421875;1.990966796875;1.990966796875;1.98974609375;2.021484375;2.012939453125;1.9677734375;1.993408203125;1.98974609375;1.976318359375;1.9921875;2.017822265625;1.971435546875;1.98974609375;1.99462890625;1.9921875;1.981201171875;2.017822265625;1.9921875;1.976318359375;1.998291015625;2.0068359375;1.962890625;1.990966796875;2.0068359375;1.9873046875;2.00927734375;1.990966796875;1.98486328125;1.98486328125;2.017822265625;1.986083984375;1.97265625;2.005615234375;1.995849609375
2024-08-29 15:33:50.547179;1.97998046875;2.010498046875;2.000732421875;1.988525390625;1.995849609375;2.030029296875;1.983642578125;2.000732421875;1.9921875;1.978759765625;1.993408203125;2.022705078125;1.968994140625;1.9873046875;2.008056640625;1.9580078125;1.99951171875;2.027587890625;1.966552734375;1.990966796875;2.008056640625;1.9677734375;2.005615234375;2.020263671875;1.96044921875;1.966552734375;1.99462890625;1.982421875;2.001953125;2.017822265625;1.9775390625;1.995849609375;1.98486328125;1.9873046875;2.010498046875;2.01416015625;1.964111328125;1.97265625;1.98974609375;1.96044921875;1.99951171875;2.027587890625;1.983642578125;1.982421875;2.01416015625;1.99951171875;1.96044921875;2.017822265625;2.00439453125;1.956787109375;1.99462890625;2.005615234375;1.9580078125;2.000732421875;2.0263671875;1.981201171875;1.9970703125;2.001953125;1.990966796875;1.97998046875;2.0166015625;1.988525390625;1.97265625;2.001953125;2.001953125;1.94091796875;1.982421875;2.003173828125;1.973876953125;1.998291015625;1.99951171875;1.995849609375;1.961669921875;2.0068359375;1.971435546875;1.982421875;2.0166015625;2.005615234375;1.943359375;2.000732421875;2.012939453125;1.988525390625;1.99951171875;1.9921875;1.9873046875;1.971435546875;2.01416015625;1.976318359375;2.000732421875;2.012939453125;2.015380859375;1.95068359375;1.981201171875;1.981201171875;2.001953125;1.988525390625;1.982421875;1.986083984375;1.973876953125;2.0166015625
2024-08-29 15:33:50.610228;1.976318359375;1.990966796875;2.00927734375;1.9677734375;1.9775390625;1.99462890625;1.995849609375;1.982421875;2.003173828125;1.978759765625;1.99951171875;1.988525390625;1.995849609375;1.97998046875;2.01171875;1.982421875;2.003173828125;1.9921875;2.01416015625;1.9775390625;1.97998046875;2.00439453125;1.976318359375;1.973876953125;1.990966796875;1.998291015625;1.98486328125;2.008056640625;1.998291015625;1.98486328125;2.00439453125;1.995849609375;1.983642578125;2.01171875;1.978759765625;1.97509765625;1.988525390625;1.993408203125;1.9970703125;1.99462890625;2.00439453125;1.97998046875;1.983642578125;2.000732421875;1.9873046875;1.993408203125;2.015380859375;1.986083984375;1.981201171875;1.99951171875;2.0068359375;1.9921875;2.005615234375;2.010498046875;1.98974609375;1.98974609375;1.993408203125;1.988525390625;1.9873046875;1.993408203125;1.986083984375;1.988525390625;1.98486328125;2.001953125;1.990966796875;2.008056640625;1.976318359375;1.976318359375;1.98974609375;2.010498046875;2.001953125;2.00927734375;1.988525390625;1.978759765625;1.97509765625;1.998291015625;1.998291015625;1.990966796875;2.008056640625;1.982421875;1.97509765625;1.988525390625;1.99462890625;1.988525390625;2.000732421875;1.97265625;2.00439453125;1.98974609375;2.000732421875;2.012939453125;1.99951171875;2.003173828125;1.976318359375;1.968994140625;1.990966796875;1.9921875;1.98974609375;2.00927734375;1.982421875;1.976318359375
2024-08-29 15:33:50.625886;1.993408203125;1.98974609375;1.981201171875;1.978759765625;2.010498046875;1.98486328125;1.978759765625;1.978759765625;1.99951171875;1.98486328125;2.022705078125;2.012939453125;2.010498046875;1.97021484375;2.003173828125;1.986083984375;2.00439453125;1.976318359375;1.990966796875;1.978759765625;2.0068359375;1.983642578125;2.017822265625;2.008056640625;2.003173828125;1.968994140625;1.99462890625;1.9921875;2.008056640625;1.982421875;2.005615234375;1.988525390625;1.995849609375;1.998291015625;2.01904296875;2.0068359375;1.998291015625;1.9775390625;2.005615234375;1.97998046875;2.003173828125;1.983642578125;1.988525390625;1.978759765625;1.9970703125;1.993408203125;1.998291015625;2.01904296875;2.012939453125;1.98974609375;1.96044921875;1.97998046875;1.97265625;1.99951171875;1.97509765625;1.99462890625;1.981201171875;2.000732421875;1.986083984375;2.005615234375;2.012939453125;2.003173828125;1.983642578125;1.995849609375;2.0068359375;1.9921875;2.010498046875;2.000732421875;1.982421875;1.97509765625;2.0166015625;1.995849609375;2.003173828125;2.01171875;1.998291015625;1.961669921875;1.98974609375;1.9970703125;1.981201171875;2.003173828125;1.99462890625;1.983642578125;1.9873046875;2.017822265625;1.97998046875;1.990966796875;2.01171875;1.983642578125;1.97265625;2.0068359375;1.99462890625;1.97998046875;1.9970703125;1.990966796875;1.961669921875;1.97998046875;2.01171875;1.97998046875;2.0068359375;2.008056640625
2024-08-29 15:33:50.673415;1.995849609375;1.964111328125;2.0068359375;2.012939453125;1.961669921875;1.98486328125;1.9873046875;1.998291015625;1.9970703125;2.00927734375;1.968994140625;2.0068359375;1.9970703125;1.988525390625;2.021484375;2.00927734375;1.956787109375;2.010498046875;1.995849609375;1.97998046875;2.001953125;2.003173828125;1.981201171875;2.012939453125;1.998291015625;1.96533203125;1.9921875;1.9970703125;1.978759765625;2.010498046875;1.983642578125;1.97021484375;1.988525390625;1.99951171875;1.98486328125;2.01171875;2.003173828125;1.96044921875;1.976318359375;2.00439453125;1.988525390625;1.978759765625;2.017822265625;1.973876953125;1.982421875;1.9921875;2.003173828125;2.0068359375;2.021484375;1.995849609375;1.964111328125;1.9873046875;2.005615234375;1.9873046875;2.00439453125;2.01416015625;1.97021484375;1.9921875;1.993408203125;1.998291015625;1.99951171875;2.020263671875;1.981201171875;1.966552734375;1.988525390625;2.001953125;1.982421875;2.000732421875;2.000732421875;1.97021484375;1.995849609375;1.998291015625;1.98486328125;2.000732421875;2.027587890625;1.9775390625;1.99462890625;2.0166015625;1.988525390625;1.95556640625;2.005615234375;1.97265625;1.988525390625;1.995849609375;2.000732421875;1.973876953125;1.99951171875;2.015380859375;1.962890625;1.983642578125;2.000732421875;1.982421875;1.973876953125;2.015380859375;1.981201171875;1.98486328125;2.001953125;2.0068359375;1.968994140625;2.008056640625
2024-08-29 15:33:50.688758;2.000732421875;1.973876953125;2.008056640625;1.998291015625;1.976318359375;1.9921875;1.99462890625;1.9921875;1.990966796875;1.983642578125;1.986083984375;1.990966796875;1.982421875;2.000732421875;2.0263671875;1.982421875;1.990966796875;2.00439453125;1.97509765625;1.988525390625;2.00927734375;1.97509765625;1.993408203125;1.998291015625;1.96533203125;1.9921875;2.00439453125;1.9775390625;1.993408203125;1.983642578125;1.993408203125;1.990966796875;1.9970703125;1.982421875;1.995849609375;1.995849609375;1.983642578125;2.001953125;2.00927734375;1.981201171875;1.9970703125;2.005615234375;1.97509765625;1.982421875;1.99462890625;1.97998046875;1.988525390625;1.99462890625;2.0068359375;1.976318359375;1.998291015625;2.0068359375;1.993408203125;1.98974609375;1.976318359375;1.968994140625;1.9970703125;1.9873046875;1.986083984375;1.99951171875;1.983642578125;1.986083984375;1.995849609375;2.010498046875;2.001953125;1.998291015625;1.99462890625;1.9873046875;1.978759765625;2.000732421875;1.995849609375;1.99462890625;1.988525390625;1.978759765625;1.976318359375;1.986083984375;2.001953125;1.99462890625;2.010498046875;1.971435546875;1.97998046875;1.988525390625;2.012939453125;2.01171875;2.022705078125;1.97265625;1.98974609375;1.981201171875;1.990966796875;2.000732421875;2.00927734375;2.003173828125;1.962890625;1.97021484375;1.99462890625;1.98974609375;1.986083984375;2.010498046875;1.98974609375;1.9970703125
2024-08-29 15:33:50.719663;1.9775390625;2.003173828125;1.995849609375;1.990966796875;1.983642578125;1.9873046875;1.99462890625;2.000732421875;2.012939453125;2.025146484375;1.962890625;1.986083984375;1.98486328125;2.000732421875;1.9677734375;1.99951171875;1.97265625;1.98974609375;1.983642578125;2.00927734375;2.001953125;2.017822265625;1.97021484375;1.995849609375;1.990966796875;1.993408203125;1.973876953125;2.0068359375;1.990966796875;2.01171875;2.003173828125;2.00927734375;2.00927734375;1.98974609375;1.983642578125;1.995849609375;2.003173828125;1.988525390625;1.978759765625;1.990966796875;1.976318359375;1.993408203125;1.98486328125;2.005615234375;1.9970703125;2.005615234375;1.98486328125;1.97998046875;1.986083984375;1.9873046875;1.9873046875;1.983642578125;1.99462890625;1.97998046875;2.0068359375;1.990966796875;2.005615234375;2.001953125;1.99951171875;1.9677734375;1.988525390625;1.993408203125;1.995849609375;1.99951171875;2.0068359375;1.9970703125;1.98974609375;2.017822265625;1.98486328125;1.99951171875;2.017822265625;2.005615234375;1.97265625;2.000732421875;1.99462890625;1.982421875;1.986083984375;1.988525390625;1.97509765625;1.98486328125;2.01904296875;1.983642578125;1.99462890625;2.012939453125;1.9921875;1.968994140625;2.0068359375;1.998291015625;1.9921875;2.00439453125;2.00927734375;1.9775390625;1.995849609375;2.01904296875;1.983642578125;2.003173828125;2.0166015625;1.98974609375;1.97021484375;2.00927734375
2024-08-29 15:33:50.730190;1.9873046875;1.988525390625;1.982421875;1.990966796875;2.0068359375;1.97265625;1.978759765625;1.993408203125;1.99951171875;1.9921875;2.010498046875;1.98974609375;2.008056640625;1.982421875;1.988525390625;1.998291015625;1.9970703125;1.964111328125;1.995849609375;1.990966796875;1.998291015625;1.99462890625;2.01171875;1.990966796875;2.0166015625;1.96533203125;1.995849609375;1.9921875;1.988525390625;1.959228515625;1.990966796875;1.9921875;1.9970703125;2.008056640625;1.98974609375;1.97509765625;2.005615234375;1.9921875;1.98974609375;1.99951171875;1.99951171875;1.9677734375;1.9775390625;2.00439453125;1.9921875;1.983642578125;2.008056640625;1.988525390625;1.97998046875;2.01416015625;1.978759765625;2.000732421875;2.001953125;2.000732421875;1.97265625;1.9775390625;1.998291015625;1.99462890625;1.993408203125;2.015380859375;2.003173828125;1.9970703125;2.0068359375;1.968994140625;1.986083984375;1.98974609375;2.001953125;1.976318359375;1.99462890625;1.983642578125;1.995849609375;1.983642578125;2.012939453125;2.00927734375;2.000732421875;1.9921875;1.9970703125;2.005615234375;1.9921875;2.010498046875;1.995849609375;1.9775390625;1.99462890625;2.02880859375;1.993408203125;1.993408203125;2.008056640625;1.98974609375;1.976318359375;1.998291015625;1.995849609375;1.983642578125;1.990966796875;1.976318359375;1.982421875;1.988525390625;2.008056640625;1.988525390625;2.010498046875;2.001953125
2024-08-29 15:33:50.766467;1.982421875;1.986083984375;2.005615234375;2.01904296875;1.988525390625;1.990966796875;1.993408203125;2.0068359375;1.968994140625;1.97998046875;1.993408203125;1.998291015625;1.990966796875;2.0166015625;2.005615234375;2.01416015625;1.959228515625;1.993408203125;1.983642578125;2.008056640625;1.988525390625;2.005615234375;1.964111328125;2.012939453125;1.976318359375;2.00439453125;2.017822265625;1.98974609375;1.962890625;2.017822265625;1.976318359375;2.000732421875;2.000732421875;1.988525390625;1.988525390625;2.017822265625;1.9775390625;1.978759765625;1.995849609375;1.990966796875;1.973876953125;2.010498046875;2.001953125;1.97509765625;1.99951171875;1.99462890625;1.9873046875;2.003173828125;2.025146484375;1.978759765625;1.973876953125;1.988525390625;1.9970703125;1.9873046875;1.9970703125;2.000732421875;1.96044921875;1.993408203125;1.9873046875;1.9873046875;2.001953125;2.0166015625;1.964111328125;1.966552734375;1.9921875;1.990966796875;1.978759765625;2.020263671875;1.986083984375;1.990966796875;2.005615234375;1.995849609375;1.98974609375;2.01904296875;2.017822265625;1.973876953125;1.995849609375;2.000732421875;1.988525390625;1.990966796875;2.015380859375;1.978759765625;1.97509765625;1.988525390625;1.978759765625;1.97998046875;2.01416015625;2.01171875;1.968994140625;1.98486328125;1.9970703125;1.97021484375;1.97998046875;2.010498046875;1.971435546875;1.993408203125;1.993408203125;1.99462890625;1.986083984375;2.01904296875
2024-08-29 15:33:50.796993;1.99951171875;1.9775390625;2.00439453125;1.988525390625;2.001953125;2.0166015625;2.00439453125;1.97265625;2.003173828125;1.98486328125;2.00439453125;1.98486328125;1.983642578125;1.97265625;1.99951171875;1.976318359375;2.0068359375;2.000732421875;2.003173828125;1.96533203125;1.993408203125;1.976318359375;2.00439453125;1.978759765625;1.993408203125;1.988525390625;1.99462890625;1.990966796875;2.015380859375;1.99951171875;1.9873046875;1.988525390625;1.9970703125;1.99951171875;1.993408203125;1.98486328125;1.98486328125;1.982421875;2.003173828125;1.98974609375;2.015380859375;1.993408203125;1.990966796875;1.982421875;1.9921875;1.98486328125;2.005615234375;1.993408203125;1.9775390625;1.99462890625;1.986083984375;1.99462890625;2.00439453125;2.030029296875;2.01171875;1.993408203125;1.973876953125;1.99462890625;1.982421875;2.008056640625;1.973876953125;1.961669921875;1.983642578125;1.98486328125;1.982421875;2.008056640625;1.998291015625;1.97021484375;1.986083984375;1.995849609375;1.9873046875;1.993408203125;2.000732421875;1.966552734375;1.9482421875;1.993408203125;1.995849609375;1.993408203125;2.0166015625;1.990966796875;1.96533203125;1.99462890625;2.000732421875;1.988525390625;2.01171875;1.986083984375;1.981201171875;1.95556640625;1.9873046875;2.001953125;2.00439453125;2.0068359375;1.976318359375;1.9677734375;1.9921875;2.008056640625;2.003173828125;2.02392578125;1.98486328125;1.978759765625
2024-08-29 15:33:50.828478;1.97998046875;2.0068359375;1.983642578125;1.9873046875;1.982421875;1.99462890625;1.988525390625;1.998291015625;2.01416015625;2.0166015625;1.9677734375;2.003173828125;1.990966796875;2.000732421875;1.9873046875;1.99951171875;1.966552734375;1.9970703125;1.9775390625;2.00439453125;2.001953125;2.00927734375;1.95068359375;1.983642578125;1.983642578125;2.000732421875;1.97998046875;2.0166015625;1.982421875;2.003173828125;1.988525390625;2.012939453125;2.00927734375;2.001953125;1.9580078125;1.983642578125;1.990966796875;1.98974609375;1.968994140625;1.99951171875;1.988525390625;1.9970703125;1.99462890625;2.010498046875;1.993408203125;2.001953125;1.98974609375;1.990966796875;1.9970703125;1.995849609375;1.99462890625;1.978759765625;2.000732421875;1.981201171875;2.003173828125;1.988525390625;2.0068359375;1.99462890625;2.008056640625;1.983642578125;1.983642578125;1.99462890625;1.995849609375;1.988525390625;1.976318359375;1.998291015625;1.981201171875;2.012939453125;1.9921875;2.000732421875;2.0068359375;2.0068359375;1.971435546875;2.000732421875;1.98974609375;1.993408203125;1.993408203125;1.99462890625;1.981201171875;1.983642578125;1.99951171875;1.981201171875;2.0068359375;2.012939453125;2.00927734375;1.966552734375;1.990966796875;1.988525390625;2.001953125;1.9873046875;1.98974609375;1.98486328125;1.9873046875;2.008056640625;1.9873046875;1.99951171875;2.0068359375;1.988525390625;1.968994140625;2.000732421875
2024-08-29 15:33:50.859780;1.982421875;1.9921875;1.97998046875;1.981201171875;2.00927734375;1.98974609375;1.9970703125;1.98486328125;1.9921875;1.98486328125;2.008056640625;1.995849609375;2.015380859375;1.961669921875;1.98486328125;1.9873046875;1.993408203125;1.96533203125;1.995849609375;1.981201171875;1.99462890625;1.99462890625;2.00927734375;1.98974609375;2.008056640625;1.97509765625;1.9873046875;2.001953125;1.9873046875;1.968994140625;2.01171875;1.990966796875;1.988525390625;2.003173828125;1.998291015625;1.9873046875;2.01171875;1.9775390625;1.99951171875;1.9970703125;2.000732421875;1.96533203125;1.976318359375;1.995849609375;1.988525390625;1.981201171875;2.00439453125;1.986083984375;1.981201171875;2.0068359375;1.990966796875;1.9921875;2.010498046875;1.983642578125;1.968994140625;1.97509765625;2.0068359375;2.00439453125;1.998291015625;2.01416015625;1.97998046875;1.9873046875;2.01171875;1.988525390625;1.9970703125;2.003173828125;1.99462890625;1.971435546875;2.000732421875;1.993408203125;2.000732421875;1.986083984375;2.008056640625;1.986083984375;1.99462890625;2.005615234375;1.97998046875;1.9873046875;2.00927734375;1.98974609375;1.97509765625;1.99951171875;1.983642578125;1.99951171875;1.981201171875;2.0068359375;2.00439453125;2.001953125;1.976318359375;1.990966796875;2.000732421875;2.000732421875;1.998291015625;1.976318359375;1.995849609375;1.981201171875;1.998291015625;1.98974609375;2.00439453125;1.983642578125
2024-08-29 15:33:50.890716;1.9970703125;1.9921875;1.98486328125;1.99462890625;1.982421875;1.98974609375;1.993408203125;2.00439453125;1.9677734375;1.982421875;1.9873046875;1.9970703125;1.9921875;2.010498046875;1.993408203125;2.00927734375;1.96533203125;1.99462890625;1.990966796875;1.9970703125;1.973876953125;1.995849609375;1.988525390625;2.010498046875;1.998291015625;2.00927734375;2.001953125;1.988525390625;1.971435546875;1.9873046875;1.993408203125;1.99462890625;1.983642578125;1.98486328125;1.986083984375;2.01416015625;1.971435546875;1.9873046875;2.017822265625;1.99951171875;1.96044921875;2.012939453125;2.000732421875;1.995849609375;1.99951171875;2.005615234375;1.98974609375;1.988525390625;2.017822265625;1.982421875;2.00439453125;2.020263671875;1.9970703125;1.956787109375;2.000732421875;1.97998046875;1.99462890625;2.001953125;2.008056640625;1.9580078125;1.998291015625;2.010498046875;1.976318359375;2.008056640625;2.021484375;1.973876953125;1.961669921875;2.0166015625;1.982421875;2.000732421875;1.97998046875;1.9970703125;1.962890625;1.9970703125;1.9921875;1.98486328125;2.0166015625;2.034912109375;1.982421875;1.97998046875;2.01416015625;1.968994140625;1.99462890625;2.00927734375;2.001953125;1.95556640625;2.008056640625;1.998291015625;1.97021484375;2.00439453125;2.015380859375;1.959228515625;1.97509765625;2.01171875;1.973876953125;1.99951171875;1.99951171875;1.99462890625;1.9580078125;2.005615234375
2024-08-29 15:33:50.953161;1.97021484375;2.00439453125;1.988525390625;1.983642578125;2.001953125;1.998291015625;1.988525390625;2.008056640625;1.98974609375;2.008056640625;1.978759765625;1.983642578125;1.98486328125;2.0068359375;1.978759765625;1.998291015625;1.9873046875;1.99462890625;1.986083984375;2.00927734375;1.99951171875;2.015380859375;1.97998046875;2.001953125;2.000732421875;1.998291015625;1.98486328125;2.005615234375;1.9921875;2.003173828125;1.998291015625;1.9970703125;1.98486328125;2.005615234375;1.97021484375;1.982421875;2.00439453125;1.982421875;1.964111328125;1.983642578125;1.9921875;1.98974609375;1.988525390625;2.008056640625;1.986083984375;1.993408203125;1.9970703125;1.97021484375;1.99462890625;2.00927734375;2.003173828125;1.982421875;2.005615234375;1.9873046875;2.001953125;1.98974609375;2.001953125;1.9873046875;2.008056640625;1.9873046875;1.973876953125;1.981201171875;2.003173828125;1.982421875;1.968994140625;2.01171875;1.986083984375;2.001953125;1.9970703125;2.022705078125;2.01416015625;2.021484375;1.966552734375;1.98974609375;1.988525390625;2.001953125;1.983642578125;1.971435546875;2.003173828125;1.9873046875;2.0068359375;1.99951171875;2.000732421875;1.978759765625;2.003173828125;1.973876953125;1.98974609375;1.98486328125;2.000732421875;1.97998046875;1.9873046875;1.986083984375;1.99462890625;2.001953125;1.995849609375;2.005615234375;2.003173828125;1.9921875;1.962890625;1.99462890625
2024-08-29 15:33:51.032076;1.990966796875;2.001953125;2.000732421875;1.990966796875;2.003173828125;2.00927734375;2.020263671875;1.966552734375;1.995849609375;1.98486328125;2.001953125;1.978759765625;2.003173828125;1.9775390625;2.00927734375;1.9921875;2.0068359375;1.99462890625;2.00439453125;1.968994140625;1.978759765625;1.9970703125;1.97509765625;1.956787109375;2.001953125;1.9921875;1.993408203125;2.003173828125;2.001953125;1.983642578125;2.0068359375;1.978759765625;1.993408203125;1.99462890625;1.990966796875;1.971435546875;2.008056640625;1.9873046875;1.993408203125;1.98486328125;2.003173828125;1.981201171875;2.005615234375;1.988525390625;1.97998046875;1.981201171875;2.0068359375;1.981201171875;1.973876953125;2.0068359375;1.986083984375;2.001953125;1.99951171875;2.025146484375;2.012939453125;2.012939453125;1.983642578125;1.99951171875;1.98486328125;2.00439453125;1.978759765625;1.968994140625;2.005615234375;1.988525390625;1.993408203125;2.008056640625;1.99951171875;1.976318359375;2.005615234375;1.986083984375;1.981201171875;1.986083984375;2.0068359375;1.97509765625;1.97265625;2.00439453125;1.9921875;1.986083984375;2.001953125;2.003173828125;1.9873046875;2.010498046875;1.9775390625;1.98486328125;2.0068359375;2.0068359375;1.983642578125;1.968994140625;2.000732421875;1.9921875;1.9921875;2.01416015625;1.9873046875;1.983642578125;2.012939453125;1.98974609375;1.990966796875;2.008056640625;1.9970703125;1.962890625
2024-08-29 15:33:51.062173;1.981201171875;1.99951171875;1.97509765625;1.9873046875;1.990966796875;2.00439453125;1.9970703125;2.012939453125;2.00439453125;2.012939453125;1.971435546875;2.001953125;1.98974609375;1.98974609375;1.962890625;1.99462890625;1.988525390625;2.005615234375;2.000732421875;1.998291015625;1.9775390625;1.99951171875;1.982421875;1.995849609375;2.003173828125;1.9873046875;1.9677734375;1.998291015625;1.98974609375;1.995849609375;2.005615234375;2.001953125;1.99462890625;1.9873046875;1.981201171875;1.99462890625;1.9970703125;1.97509765625;1.964111328125;1.9873046875;1.9921875;2.0068359375;1.99462890625;2.010498046875;1.988525390625;2.000732421875;1.993408203125;1.993408203125;1.998291015625;2.01171875;1.998291015625;1.976318359375;1.998291015625;1.981201171875;2.00927734375;1.98974609375;2.00439453125;1.9970703125;2.0068359375;1.971435546875;1.98974609375;1.993408203125;2.000732421875;1.983642578125;1.976318359375;2.001953125;1.98974609375;2.015380859375;1.988525390625;1.998291015625;1.99462890625;2.001953125;1.968994140625;1.998291015625;1.99462890625;2.001953125;1.993408203125;1.990966796875;1.9970703125;1.990966796875;2.015380859375;1.986083984375;2.000732421875;2.00439453125;1.993408203125;1.956787109375;1.998291015625;1.986083984375;1.988525390625;1.978759765625;1.982421875;1.97998046875;1.9970703125;2.010498046875;1.990966796875;2.00927734375;2.01171875;1.99462890625;1.976318359375;2.001953125
2024-08-29 15:33:51.062173;1.995849609375;2.01416015625;1.99462890625;1.995849609375;2.001953125;1.97021484375;1.981201171875;1.998291015625;1.993408203125;1.99462890625;2.001953125;1.968994140625;1.9970703125;1.988525390625;1.9873046875;2.00439453125;1.988525390625;1.964111328125;1.9873046875;1.993408203125;1.993408203125;1.9970703125;2.003173828125;1.98486328125;2.012939453125;1.986083984375;1.993408203125;2.010498046875;1.981201171875;1.968994140625;2.00927734375;1.9921875;1.998291015625;2.01171875;1.98974609375;1.97509765625;2.01171875;1.978759765625;1.98486328125;2.001953125;1.98974609375;1.97021484375;1.981201171875;2.010498046875;2.000732421875;2.000732421875;2.015380859375;1.981201171875;1.982421875;2.000732421875;1.993408203125;1.99951171875;2.012939453125;1.981201171875;1.973876953125;1.988525390625;1.998291015625;1.99462890625;1.998291015625;2.01171875;1.978759765625;1.98486328125;2.0068359375;1.981201171875;1.993408203125;2.012939453125;1.9873046875;1.962890625;1.988525390625;2.000732421875;2.003173828125;2.00927734375;2.01171875;1.9775390625;1.9873046875;1.99462890625;1.988525390625;1.9921875;2.01171875;1.973876953125;1.968994140625;2.00439453125;1.99462890625;1.995849609375;1.9970703125;2.00927734375;1.983642578125;2.00927734375;1.988525390625;1.982421875;1.993408203125;2.012939453125;1.981201171875;1.9677734375;2.005615234375;1.9970703125;1.9970703125;2.008056640625;1.99462890625;1.97021484375
2024-08-29 15:33:51.124741;1.9970703125;2.01171875;2.003173828125;1.990966796875;1.990966796875;2.00927734375;2.008056640625;1.9482421875;2.001953125;1.981201171875;1.99462890625;1.982421875;2.00439453125;1.964111328125;2.0068359375;1.97998046875;2.008056640625;2.008056640625;2.003173828125;1.961669921875;2.001953125;1.9873046875;1.988525390625;1.962890625;1.995849609375;1.978759765625;1.99462890625;1.99951171875;2.001953125;2.001953125;1.99951171875;1.978759765625;2.001953125;2.0068359375;1.990966796875;1.97509765625;2.000732421875;1.97998046875;2.005615234375;1.98974609375;2.01416015625;2.005615234375;2.015380859375;1.959228515625;1.97998046875;1.982421875;2.008056640625;1.9775390625;1.961669921875;1.9970703125;1.981201171875;1.993408203125;1.99462890625;2.00439453125;1.98486328125;2.003173828125;1.97509765625;1.97998046875;1.99462890625;2.005615234375;1.973876953125;1.9677734375;2.000732421875;1.9970703125;1.998291015625;2.01171875;2.010498046875;1.993408203125;2.01416015625;1.97509765625;1.990966796875;1.995849609375;1.998291015625;1.96533203125;1.961669921875;1.99462890625;1.988525390625;1.98486328125;2.000732421875;1.978759765625;1.971435546875;2.005615234375;1.993408203125;1.9873046875;2.010498046875;1.9775390625;1.973876953125;1.9775390625;2.003173828125;1.99951171875;1.998291015625;2.01171875;1.982421875;1.983642578125;2.0068359375;1.978759765625;1.99462890625;2.00439453125;1.99462890625;1.9677734375
2024-08-29 15:33:51.155506;1.988525390625;1.9921875;1.968994140625;1.990966796875;1.990966796875;2.005615234375;1.990966796875;2.005615234375;1.9873046875;2.003173828125;1.968994140625;1.9873046875;1.995849609375;1.98974609375;1.97021484375;2.010498046875;1.990966796875;1.9970703125;2.0068359375;1.98974609375;1.9775390625;2.003173828125;1.981201171875;1.99462890625;2.010498046875;1.9775390625;1.978759765625;1.990966796875;2.000732421875;2.001953125;2.01416015625;1.981201171875;1.990966796875;1.9873046875;1.990966796875;1.998291015625;2.01171875;1.978759765625;1.988525390625;1.990966796875;1.986083984375;1.99462890625;2.00927734375;1.9921875;1.9677734375;1.9873046875;1.9921875;1.99951171875;1.99951171875;2.008056640625;1.9775390625;1.983642578125;1.995849609375;1.98974609375;1.993408203125;2.00439453125;1.98974609375;1.986083984375;1.99951171875;1.986083984375;1.995849609375;2.000732421875;2.005615234375;1.97509765625;1.982421875;1.99462890625;1.9970703125;2.008056640625;2.01171875;2.000732421875;1.988525390625;2.001953125;1.971435546875;1.9970703125;1.990966796875;1.995849609375;1.968994140625;1.97998046875;2.000732421875;1.993408203125;1.99951171875;2.00439453125;1.990966796875;1.9921875;2.003173828125;1.981201171875;2.005615234375;2.00439453125;2.001953125;1.976318359375;1.98974609375;1.988525390625;1.995849609375;1.99951171875;2.008056640625;1.98974609375;1.98974609375;1.99462890625;1.97265625;1.998291015625
2024-08-29 15:33:51.186416;1.998291015625;1.990966796875;1.986083984375;1.99951171875;1.988525390625;1.97265625;1.981201171875;2.0068359375;2.008056640625;2.01171875;1.9970703125;1.978759765625;1.99951171875;1.988525390625;1.98486328125;2.001953125;1.981201171875;1.971435546875;2.003173828125;2.003173828125;1.998291015625;2.003173828125;1.995849609375;1.97998046875;2.01171875;1.97021484375;1.990966796875;2.01416015625;1.97998046875;1.97021484375;2.008056640625;1.993408203125;1.995849609375;2.015380859375;1.981201171875;1.97998046875;2.01171875;1.993408203125;1.990966796875;2.008056640625;1.993408203125;1.9677734375;1.988525390625;2.000732421875;2.001953125;1.995849609375;2.01416015625;1.9921875;1.99462890625;1.99951171875;1.96533203125;1.97998046875;2.00439453125;1.9775390625;1.968994140625;1.982421875;2.001953125;1.9970703125;1.9970703125;2.012939453125;1.97998046875;1.990966796875;2.005615234375;1.982421875;1.9970703125;2.00927734375;1.98974609375;1.96533203125;2.0068359375;1.9873046875;2.000732421875;1.99462890625;2.0166015625;1.998291015625;2.012939453125;1.978759765625;1.968994140625;1.981201171875;2.000732421875;1.988525390625;1.97021484375;2.00927734375;1.988525390625;2.003173828125;1.9921875;2.01904296875;2.000732421875;2.015380859375;1.978759765625;1.988525390625;1.98974609375;2.001953125;1.978759765625;1.97265625;2.005615234375;1.9775390625;1.99462890625;1.993408203125;2.00927734375;1.993408203125
2024-08-29 15:33:51.217892;2.01416015625;1.973876953125;1.97998046875;1.993408203125;1.97509765625;1.99462890625;1.9970703125;1.98974609375;1.97509765625;1.9873046875;1.982421875;1.9921875;1.995849609375;2.00927734375;1.9970703125;1.9921875;1.978759765625;1.990966796875;1.9970703125;1.99951171875;1.978759765625;1.995849609375;1.993408203125;2.005615234375;2.000732421875;2.003173828125;1.998291015625;1.98486328125;1.978759765625;2.005615234375;1.9921875;1.9873046875;1.97998046875;1.982421875;1.9873046875;2.00927734375;1.983642578125;2.00439453125;2.015380859375;1.983642578125;1.9580078125;2.001953125;1.9775390625;1.993408203125;1.9873046875;1.99462890625;1.97265625;1.99462890625;1.998291015625;1.9775390625;2.001953125;2.015380859375;1.9921875;1.9677734375;2.010498046875;1.986083984375;1.99462890625;1.988525390625;2.005615234375;1.973876953125;2.012939453125;2.00439453125;1.986083984375;2.0068359375;2.010498046875;1.97509765625;1.97021484375;1.995849609375;1.988525390625;2.000732421875;1.968994140625;1.990966796875;1.973876953125;2.0068359375;1.9921875;1.995849609375;2.005615234375;2.0166015625;1.97998046875;1.97998046875;2.008056640625;1.99462890625;1.988525390625;1.966552734375;1.98974609375;1.97021484375;2.001953125;1.9921875;2.005615234375;2.000732421875;2.008056640625;1.982421875;1.9921875;1.995849609375;2.00439453125;1.99462890625;1.97998046875;2.003173828125;1.986083984375;2.010498046875
2024-08-29 15:33:51.233617;1.98974609375;2.001953125;2.001953125;1.983642578125;2.001953125;1.998291015625;2.0068359375;1.959228515625;2.001953125;1.98974609375;2.001953125;1.97509765625;1.9970703125;1.98486328125;2.0166015625;2.000732421875;2.000732421875;1.981201171875;1.993408203125;1.97509765625;1.98974609375;2.01416015625;1.9775390625;1.9580078125;1.99462890625;1.99951171875;2.001953125;2.010498046875;2.003173828125;2.003173828125;1.995849609375;1.98974609375;1.998291015625;1.99951171875;1.982421875;1.961669921875;1.998291015625;1.982421875;1.99951171875;1.9970703125;1.998291015625;1.976318359375;1.99951171875;1.990966796875;1.983642578125;1.988525390625;2.005615234375;1.971435546875;1.9677734375;2.003173828125;1.99951171875;2.005615234375;2.01416015625;2.000732421875;1.982421875;2.001953125;1.981201171875;1.9970703125;1.998291015625;1.990966796875;1.96533203125;1.964111328125;2.000732421875;2.000732421875;1.99951171875;2.012939453125;1.978759765625;1.978759765625;1.99462890625;1.99951171875;2.00439453125;2.022705078125;1.998291015625;1.978759765625;1.981201171875;1.9921875;1.988525390625;1.995849609375;2.01171875;1.971435546875;1.973876953125;1.98974609375;1.993408203125;1.998291015625;2.020263671875;1.986083984375;1.995849609375;1.98974609375;1.986083984375;1.9970703125;2.00927734375;2.003173828125;1.973876953125;1.986083984375;1.981201171875;1.983642578125;1.98974609375;2.00927734375;1.978759765625;1.986083984375
2024-08-29 15:33:51.296533;1.993408203125;1.98486328125;1.988525390625;2.0068359375;1.971435546875;1.983642578125;1.995849609375;2.010498046875;2.012939453125;2.020263671875;1.951904296875;1.982421875;1.9873046875;2.00439453125;1.9921875;2.010498046875;1.97021484375;1.982421875;1.99462890625;2.008056640625;2.005615234375;2.005615234375;1.9677734375;1.983642578125;2.003173828125;1.978759765625;1.976318359375;2.01416015625;1.98486328125;1.99462890625;2.001953125;1.986083984375;1.99462890625;1.9970703125;1.964111328125;1.97998046875;2.010498046875;1.978759765625;1.97998046875;2.015380859375;2.000732421875;1.99462890625;1.998291015625;1.99462890625;1.9873046875;2.012939453125;1.98486328125;1.98974609375;1.99462890625;1.995849609375;1.971435546875;1.98486328125;1.9970703125;1.9775390625;1.98974609375;1.9970703125;1.99462890625;1.983642578125;2.00927734375;1.9873046875;1.97998046875;2.003173828125;2.008056640625;1.9775390625;1.983642578125;2.008056640625;1.9873046875;2.000732421875;1.99951171875;1.993408203125;1.99951171875;2.005615234375;1.9775390625;1.995849609375;2.000732421875;2.001953125;1.993408203125;2.00439453125;1.988525390625;1.98486328125;1.995849609375;1.99951171875;1.990966796875;1.995849609375;2.00927734375;1.968994140625;1.976318359375;1.99462890625;2.00439453125;1.978759765625;1.995849609375;1.9921875;1.98974609375;2.001953125;1.998291015625;1.98974609375;2.000732421875;1.98486328125;1.976318359375;1.998291015625
2024-08-29 15:33:51.342844;2.00439453125;1.993408203125;2.0068359375;2.015380859375;1.988525390625;1.9775390625;1.97998046875;1.998291015625;1.993408203125;1.99951171875;1.978759765625;1.949462890625;1.988525390625;1.9873046875;1.983642578125;2.00927734375;1.971435546875;1.98486328125;1.98974609375;2.008056640625;2.003173828125;2.01416015625;1.97509765625;1.971435546875;2.000732421875;2.000732421875;2.005615234375;2.012939453125;1.982421875;1.986083984375;1.9921875;2.000732421875;2.008056640625;2.00439453125;1.964111328125;1.971435546875;1.99462890625;1.9921875;1.99951171875;2.017822265625;1.981201171875;1.98486328125;1.98486328125;2.008056640625;2.01171875;2.012939453125;2.000732421875;1.966552734375;1.97998046875;2.000732421875;1.9921875;2.005615234375;2.012939453125;1.97265625;1.98486328125;1.98486328125;2.005615234375;2.0068359375;2.008056640625;1.993408203125;1.959228515625;1.976318359375;2.008056640625;1.9775390625;1.988525390625;2.010498046875;1.976318359375;1.959228515625;1.988525390625;2.000732421875;1.99951171875;2.003173828125;2.00439453125;1.97265625;1.9873046875;2.000732421875;1.976318359375;1.990966796875;2.01171875;1.976318359375;1.976318359375;2.0068359375;1.98974609375;2.001953125;1.99462890625;2.017822265625;2.005615234375;2.01416015625;1.98486328125;1.981201171875;1.993408203125;1.99951171875;1.9921875;1.976318359375;2.005615234375;1.97998046875;1.990966796875;1.9921875;1.998291015625;1.982421875
2024-08-29 15:33:51.342844;2.00927734375;1.98486328125;1.993408203125;1.99462890625;1.976318359375;1.993408203125;2.001953125;2.001953125;1.97998046875;1.98974609375;1.986083984375;1.9921875;2.0068359375;2.017822265625;1.99462890625;1.990966796875;1.973876953125;1.98486328125;1.99951171875;1.9921875;1.9677734375;1.98486328125;1.978759765625;1.995849609375;1.99951171875;2.0166015625;2.008056640625;1.98486328125;1.983642578125;1.99462890625;1.99462890625;2.012939453125;2.001953125;1.981201171875;1.99951171875;2.00927734375;1.988525390625;2.008056640625;2.017822265625;1.981201171875;1.97509765625;2.021484375;1.9921875;1.990966796875;1.9873046875;1.998291015625;1.9677734375;2.005615234375;2.008056640625;1.98486328125;1.99951171875;2.0068359375;1.962890625;1.966552734375;2.015380859375;1.98486328125;1.9970703125;2.00439453125;2.000732421875;1.9677734375;2.020263671875;2.01416015625;1.9775390625;1.99462890625;2.012939453125;1.961669921875;1.9921875;2.0263671875;1.983642578125;1.9921875;1.993408203125;1.993408203125;1.95556640625;2.005615234375;1.998291015625;1.981201171875;2.003173828125;2.012939453125;1.959228515625;1.9921875;2.012939453125;1.986083984375;2.000732421875;2.008056640625;1.986083984375;1.97021484375;2.017822265625;1.993408203125;1.9677734375;2.001953125;2.003173828125;1.951904296875;2.003173828125;2.01904296875;1.976318359375;2.003173828125;2.005615234375;1.983642578125;1.97265625;2.0166015625
2024-08-29 15:33:51.373320;1.9873046875;1.981201171875;2.00439453125;1.99462890625;2.000732421875;1.993408203125;2.010498046875;1.97998046875;2.005615234375;1.993408203125;1.99462890625;1.964111328125;1.995849609375;1.982421875;2.00439453125;1.988525390625;2.005615234375;1.98974609375;1.998291015625;1.959228515625;1.99462890625;1.998291015625;1.9873046875;1.95556640625;1.998291015625;1.981201171875;1.995849609375;1.998291015625;2.003173828125;1.9970703125;2.000732421875;1.97509765625;1.993408203125;1.998291015625;1.98974609375;1.968994140625;2.0068359375;1.978759765625;1.99462890625;1.983642578125;2.010498046875;1.9921875;2.00927734375;1.971435546875;1.982421875;1.986083984375;2.010498046875;1.9873046875;1.976318359375;2.00439453125;1.988525390625;2.000732421875;1.9921875;2.01171875;1.995849609375;2.01416015625;1.976318359375;1.993408203125;1.988525390625;2.010498046875;1.98486328125;1.968994140625;2.003173828125;1.986083984375;1.986083984375;1.99951171875;2.000732421875;1.978759765625;2.012939453125;1.990966796875;1.9921875;2.0068359375;2.000732421875;1.981201171875;1.968994140625;2.001953125;2.003173828125;2.001953125;2.021484375;1.986083984375;1.978759765625;1.98974609375;2.000732421875;1.995849609375;2.01904296875;1.982421875;1.9873046875;1.97265625;1.9921875;2.000732421875;2.000732421875;2.000732421875;1.96533203125;1.9677734375;1.9970703125;1.9970703125;1.993408203125;2.0166015625;1.982421875;1.98974609375
2024-08-29 15:33:51.373320;1.9775390625;1.99951171875;1.976318359375;1.9775390625;1.998291015625;2.000732421875;1.993408203125;2.01171875;2.008056640625;2.01904296875;1.978759765625;1.982421875;1.982421875;2.001953125;1.9677734375;1.988525390625;1.986083984375;1.9921875;1.983642578125;2.00439453125;1.98486328125;2.010498046875;1.97265625;1.995849609375;2.000732421875;2.000732421875;1.968994140625;2.00439453125;1.98974609375;1.99951171875;2.00439453125;1.9970703125;1.981201171875;2.003173828125;1.983642578125;1.97998046875;2.000732421875;1.966552734375;1.956787109375;1.968994140625;1.9970703125;1.995849609375;2.00439453125;2.0068359375;1.973876953125;1.976318359375;2.001953125;1.993408203125;1.9970703125;2.015380859375;1.978759765625;1.97021484375;1.9775390625;1.99462890625;1.995849609375;2.00927734375;2.00439453125;1.9775390625;1.993408203125;1.98974609375;1.99462890625;1.995849609375;2.015380859375;1.978759765625;1.981201171875;1.995849609375;1.99462890625;1.993408203125;2.008056640625;2.00439453125;1.973876953125;1.9873046875;1.981201171875;1.98974609375;1.998291015625;2.0166015625;1.982421875;1.98974609375;1.99951171875;1.9970703125;1.99951171875;2.00927734375;2.003173828125;1.988525390625;1.9921875;1.968994140625;1.9873046875;2.001953125;2.0068359375;1.978759765625;1.988525390625;1.98974609375;1.9970703125;2.000732421875;2.01904296875;2.001953125;1.9921875;1.99462890625;1.982421875;1.993408203125
2024-08-29 15:33:51.403525;2.0068359375;2.003173828125;1.993408203125;1.986083984375;2.00927734375;1.9775390625;1.9775390625;1.99462890625;1.993408203125;1.988525390625;1.99951171875;1.97021484375;1.986083984375;1.981201171875;1.982421875;2.000732421875;1.993408203125;1.9677734375;1.993408203125;1.9970703125;2.012939453125;2.000732421875;2.005615234375;2.001953125;2.008056640625;1.9677734375;1.9873046875;1.993408203125;1.968994140625;1.9580078125;1.993408203125;1.9970703125;2.008056640625;2.027587890625;1.988525390625;1.978759765625;1.99951171875;1.993408203125;1.990966796875;2.0166015625;1.9921875;1.971435546875;1.982421875;1.995849609375;2.00439453125;2.00439453125;2.02392578125;1.995849609375;1.993408203125;1.9970703125;1.983642578125;1.998291015625;2.0166015625;1.988525390625;1.97265625;1.982421875;1.98486328125;1.986083984375;1.99951171875;2.02392578125;1.9873046875;1.9873046875;1.983642578125;1.97998046875;1.983642578125;2.020263671875;1.9921875;1.97021484375;1.990966796875;1.98974609375;2.003173828125;2.003173828125;2.008056640625;1.982421875;1.995849609375;1.9775390625;1.995849609375;1.99951171875;1.9970703125;1.976318359375;1.9677734375;1.995849609375;1.9873046875;2.017822265625;2.005615234375;2.010498046875;2.008056640625;2.01171875;1.97509765625;1.9970703125;1.986083984375;1.99951171875;1.978759765625;1.964111328125;1.983642578125;1.97265625;1.993408203125;1.98974609375;2.00927734375;2.003173828125
2024-08-29 15:33:51.466929;1.981201171875;1.98486328125;2.0068359375;2.012939453125;2.00927734375;1.981201171875;2.001953125;2.003173828125;1.9970703125;2.008056640625;1.986083984375;1.97265625;1.97998046875;1.99951171875;2.00439453125;2.01171875;1.99462890625;1.9775390625;2.003173828125;1.9873046875;1.993408203125;2.008056640625;1.96533203125;1.976318359375;2.000732421875;2.010498046875;2.000732421875;2.020263671875;1.98486328125;1.97509765625;2.015380859375;1.97998046875;1.98486328125;2.01416015625;1.9775390625;1.97021484375;1.9970703125;1.99951171875;1.998291015625;2.000732421875;1.99462890625;1.973876953125;1.9921875;2.008056640625;1.982421875;1.988525390625;2.0068359375;1.971435546875;1.976318359375;2.00439453125;2.003173828125;2.003173828125;1.998291015625;2.01171875;1.99462890625;2.000732421875;1.995849609375;1.990966796875;1.983642578125;2.000732421875;1.98486328125;1.986083984375;1.9921875;1.993408203125;1.988525390625;1.9921875;1.982421875;1.976318359375;1.981201171875;1.995849609375;1.981201171875;1.9921875;1.9921875;1.971435546875;1.976318359375;2.005615234375;2.001953125;1.990966796875;2.010498046875;1.988525390625;1.973876953125;1.995849609375;1.9970703125;1.983642578125;2.00439453125;1.9873046875;1.995849609375;1.983642578125;1.9970703125;1.99951171875;1.993408203125;2.0068359375;1.973876953125;1.971435546875;1.998291015625;2.0068359375;1.9970703125;2.017822265625;1.9873046875;1.978759765625
2024-08-29 15:33:51.498150;1.9775390625;2.008056640625;1.97021484375;1.986083984375;2.000732421875;1.982421875;1.99462890625;2.008056640625;2.017822265625;2.02880859375;1.96044921875;1.981201171875;1.990966796875;2.005615234375;1.982421875;2.001953125;1.982421875;1.990966796875;1.98974609375;2.015380859375;1.99462890625;2.017822265625;1.97265625;1.983642578125;1.9970703125;1.9970703125;1.97265625;2.00439453125;1.971435546875;1.9970703125;1.988525390625;2.017822265625;2.01904296875;2.017822265625;1.949462890625;1.978759765625;1.990966796875;2.003173828125;1.973876953125;2.00439453125;2.000732421875;1.995849609375;1.99462890625;2.010498046875;1.993408203125;2.0068359375;1.998291015625;1.978759765625;1.9873046875;1.998291015625;1.990966796875;1.966552734375;2.000732421875;1.97998046875;1.98974609375;1.983642578125;2.010498046875;2.01171875;2.022705078125;1.9921875;1.971435546875;1.990966796875;1.9970703125;1.9873046875;1.97509765625;2.001953125;1.981201171875;2.003173828125;1.9873046875;2.00439453125;2.005615234375;2.0068359375;1.971435546875;1.98974609375;1.98486328125;2.003173828125;1.982421875;1.976318359375;1.990966796875;1.981201171875;1.9970703125;1.995849609375;2.005615234375;1.990966796875;2.00439453125;1.978759765625;1.9970703125;1.990966796875;2.005615234375;1.9873046875;1.988525390625;1.990966796875;1.98974609375;2.001953125;1.9921875;2.01171875;2.01904296875;1.995849609375;1.9677734375;1.993408203125
2024-08-29 15:33:51.514238;1.988525390625;2.003173828125;1.988525390625;1.983642578125;2.003173828125;1.97998046875;1.988525390625;1.988525390625;1.993408203125;1.982421875;2.00439453125;1.99462890625;2.01171875;1.966552734375;1.98486328125;1.990966796875;2.0068359375;1.97509765625;1.98974609375;1.986083984375;1.99951171875;1.995849609375;2.012939453125;1.98974609375;2.01171875;1.9775390625;1.990966796875;2.001953125;1.993408203125;1.961669921875;2.003173828125;1.98974609375;1.998291015625;2.000732421875;2.01171875;2.000732421875;2.01171875;1.97265625;1.986083984375;1.99462890625;1.99951171875;1.971435546875;1.9677734375;1.998291015625;2.000732421875;1.99951171875;2.01171875;1.97998046875;1.97265625;1.995849609375;1.990966796875;1.986083984375;2.010498046875;1.981201171875;1.97509765625;1.978759765625;1.993408203125;1.998291015625;2.003173828125;2.01904296875;1.983642578125;1.986083984375;1.9921875;1.986083984375;1.993408203125;2.00927734375;1.97998046875;1.961669921875;1.97265625;1.9873046875;1.993408203125;1.9970703125;2.010498046875;1.9775390625;1.982421875;2.001953125;1.99462890625;1.998291015625;2.017822265625;1.982421875;1.9677734375;1.99462890625;2.001953125;2.010498046875;2.005615234375;2.012939453125;1.98974609375;2.001953125;1.98486328125;1.98974609375;1.9970703125;1.998291015625;1.97021484375;1.956787109375;1.988525390625;1.990966796875;1.9921875;1.9970703125;1.998291015625;1.973876953125
2024-08-29 15:33:51.562100;1.993408203125;1.998291015625;2.000732421875;2.01171875;1.98486328125;1.982421875;1.9873046875;2.005615234375;1.97021484375;1.97509765625;1.9970703125;1.99462890625;1.9921875;2.0166015625;1.9921875;2.012939453125;1.971435546875;2.003173828125;1.995849609375;2.005615234375;1.981201171875;1.99951171875;1.98486328125;2.010498046875;1.99462890625;2.005615234375;1.998291015625;1.99951171875;1.973876953125;1.98974609375;1.9970703125;1.9970703125;1.976318359375;1.998291015625;1.986083984375;2.01171875;1.988525390625;2.00439453125;2.010498046875;2.000732421875;1.9482421875;1.99951171875;1.993408203125;1.990966796875;1.995849609375;1.988525390625;1.98486328125;1.97998046875;2.01416015625;1.98486328125;1.9970703125;2.00439453125;1.995849609375;1.96533203125;2.001953125;1.986083984375;2.000732421875;1.978759765625;1.9873046875;1.981201171875;2.001953125;2.003173828125;1.990966796875;2.003173828125;2.00439453125;1.998291015625;1.961669921875;1.995849609375;1.9873046875;1.9970703125;1.9677734375;1.9775390625;1.986083984375;1.990966796875;1.9970703125;1.9970703125;2.008056640625;2.008056640625;1.990966796875;1.966552734375;2.0068359375;1.98486328125;1.9970703125;1.983642578125;1.99951171875;1.968994140625;2.000732421875;2.000732421875;1.983642578125;2.010498046875;2.017822265625;1.9873046875;1.97509765625;2.010498046875;1.988525390625;2.01171875;1.993408203125;1.99951171875;1.97509765625;2.0068359375
2024-08-29 15:33:51.592107;1.9677734375;2.001953125;1.982421875;1.959228515625;1.98974609375;1.9921875;2.00439453125;2.010498046875;2.01171875;1.998291015625;2.003173828125;1.981201171875;1.98974609375;2.000732421875;1.97998046875;1.9677734375;1.99951171875;1.990966796875;2.003173828125;1.998291015625;2.0166015625;2.025146484375;1.982421875;1.981201171875;1.993408203125;1.99951171875;1.97509765625;1.97265625;1.983642578125;1.9921875;1.98974609375;2.0068359375;1.988525390625;1.99951171875;1.98974609375;1.98486328125;1.9921875;2.017822265625;1.978759765625;1.966552734375;1.99951171875;1.9873046875;2.001953125;1.995849609375;2.0166015625;2.008056640625;2.0166015625;1.96044921875;1.990966796875;1.995849609375;2.000732421875;1.98974609375;1.983642578125;1.9970703125;1.9775390625;1.995849609375;1.9873046875;2.01416015625;2.000732421875;2.012939453125;1.966552734375;1.97265625;1.978759765625;2.005615234375;1.971435546875;1.97021484375;1.998291015625;1.982421875;1.99951171875;1.97998046875;2.01416015625;2.025146484375;2.01171875;1.95556640625;2.005615234375;1.983642578125;1.998291015625;1.983642578125;1.995849609375;1.983642578125;1.983642578125;1.993408203125;1.993408203125;2.017822265625;2.015380859375;1.993408203125;1.966552734375;1.986083984375;1.993408203125;2.005615234375;1.97265625;1.998291015625;1.9775390625;1.98974609375;1.988525390625;1.99462890625;2.008056640625;2.012939453125;1.982421875;1.96044921875
2024-08-29 15:33:51.638923;1.998291015625;1.986083984375;1.9873046875;1.990966796875;1.993408203125;1.98974609375;1.98486328125;1.978759765625;1.9873046875;1.990966796875;1.98974609375;1.990966796875;1.982421875;2.008056640625;1.978759765625;1.986083984375;1.99462890625;1.98974609375;1.976318359375;2.008056640625;2.003173828125;2.000732421875;1.990966796875;2.005615234375;1.990966796875;1.99462890625;1.998291015625;1.981201171875;1.9873046875;1.9775390625;1.97998046875;1.988525390625;2.001953125;1.98486328125;1.998291015625;1.986083984375;1.982421875;2.005615234375;1.982421875;1.986083984375;1.995849609375;1.9921875;1.978759765625;1.990966796875;1.98974609375;1.990966796875;1.981201171875;2.008056640625;1.9921875;1.9921875;1.995849609375;1.966552734375;1.981201171875;2.00927734375;1.97998046875;1.986083984375;1.983642578125;2.000732421875;1.9921875;1.9873046875;2.00927734375;1.986083984375;1.993408203125;1.99951171875;1.97998046875;1.9873046875;2.017822265625;1.99462890625;1.9775390625;2.010498046875;1.982421875;2.001953125;1.988525390625;2.01416015625;1.99951171875;2.017822265625;1.978759765625;1.9775390625;1.9873046875;2.012939453125;1.98974609375;1.982421875;2.0068359375;1.993408203125;1.9970703125;1.99462890625;2.010498046875;1.986083984375;2.005615234375;1.983642578125;1.98974609375;1.988525390625;1.99951171875;1.964111328125;1.964111328125;2.001953125;1.988525390625;1.9921875;1.99951171875;2.00439453125
2024-08-29 15:33:51.663840;1.99462890625;2.021484375;2.01171875;1.998291015625;2.012939453125;1.961669921875;1.990966796875;1.9873046875;1.9970703125;1.97265625;2.000732421875;1.986083984375;1.99951171875;1.9921875;2.008056640625;2.01171875;1.9970703125;1.966552734375;1.98974609375;1.990966796875;1.995849609375;1.983642578125;1.998291015625;1.9873046875;2.000732421875;1.98486328125;2.008056640625;2.012939453125;1.96533203125;1.978759765625;2.000732421875;1.98486328125;1.9970703125;2.005615234375;1.976318359375;1.9970703125;2.02392578125;1.98486328125;2.010498046875;2.02880859375;1.98486328125;1.973876953125;2.02392578125;1.98974609375;1.9921875;1.99462890625;1.9970703125;1.954345703125;1.9970703125;1.998291015625;1.986083984375;2.008056640625;2.01904296875;1.978759765625;1.97265625;2.010498046875;1.98486328125;1.993408203125;1.973876953125;1.98974609375;1.96533203125;2.005615234375;1.995849609375;1.995849609375;2.0068359375;2.010498046875;1.976318359375;1.98486328125;2.003173828125;1.990966796875;1.998291015625;1.976318359375;1.9921875;1.97509765625;2.012939453125;1.9921875;2.003173828125;2.015380859375;2.01416015625;1.96533203125;1.993408203125;2.010498046875;1.998291015625;1.988525390625;1.973876953125;1.9970703125;1.982421875;2.017822265625;2.000732421875;2.00439453125;1.993408203125;1.9970703125;1.973876953125;1.988525390625;1.9873046875;1.993408203125;1.98974609375;1.978759765625;1.986083984375;1.978759765625
2024-08-29 15:33:51.664837;2.00439453125;1.986083984375;1.990966796875;2.010498046875;2.00439453125;2.01171875;1.9970703125;2.003173828125;1.968994140625;2.003173828125;1.995849609375;1.993408203125;1.961669921875;1.98486328125;1.986083984375;2.0068359375;2.012939453125;2.00439453125;1.97509765625;1.9873046875;1.97998046875;1.98486328125;2.0166015625;1.97509765625;1.973876953125;1.98974609375;1.998291015625;1.99951171875;2.021484375;1.988525390625;1.981201171875;1.99951171875;1.995849609375;2.003173828125;2.012939453125;1.976318359375;1.956787109375;1.988525390625;1.990966796875;2.003173828125;2.0068359375;2.0068359375;1.973876953125;1.9873046875;1.98974609375;1.98486328125;1.99462890625;2.00927734375;1.97265625;1.9677734375;1.9921875;2.001953125;2.001953125;2.00927734375;1.99951171875;1.97021484375;1.9873046875;1.9873046875;1.990966796875;1.990966796875;2.000732421875;1.97265625;1.96533203125;1.990966796875;2.00439453125;1.9970703125;2.01171875;1.98486328125;1.973876953125;1.993408203125;1.9921875;1.9921875;2.010498046875;1.99462890625;1.982421875;1.986083984375;2.008056640625;2.01171875;2.005615234375;2.020263671875;1.978759765625;1.968994140625;1.990966796875;1.998291015625;1.998291015625;2.015380859375;1.988525390625;1.988525390625;1.982421875;1.995849609375;2.005615234375;2.008056640625;2.01416015625;1.973876953125;1.982421875;2.00439453125;1.9921875;1.9921875;2.00439453125;1.978759765625
2024-08-29 15:33:51.701437;1.97265625;1.976318359375;2.0068359375;1.976318359375;2.000732421875;1.990966796875;1.98974609375;1.98486328125;2.00439453125;2.012939453125;2.027587890625;1.959228515625;1.97998046875;1.982421875;1.99951171875;1.971435546875;1.998291015625;1.981201171875;1.988525390625;1.9873046875;2.005615234375;1.988525390625;2.012939453125;1.978759765625;1.998291015625;1.995849609375;1.990966796875;1.976318359375;2.005615234375;1.9775390625;1.99951171875;1.99951171875;2.0068359375;2.001953125;2.010498046875;1.97021484375;1.988525390625;2.001953125;1.98486328125;1.97021484375;1.982421875;1.993408203125;1.993408203125;1.990966796875;2.0068359375;1.971435546875;1.98486328125;1.990966796875;1.971435546875;1.990966796875;2.001953125;1.990966796875;1.968994140625;1.99951171875;1.983642578125;1.99462890625;1.995849609375;2.015380859375;1.998291015625;2.01416015625;2.000732421875;1.966552734375;1.9873046875;1.99951171875;1.9921875;1.966552734375;2.008056640625;1.981201171875;1.99462890625;1.98486328125;2.001953125;1.98974609375;2.0068359375;1.978759765625;1.97998046875;1.993408203125;2.001953125;1.981201171875;1.9873046875;2.017822265625;1.9921875;2.005615234375;1.9921875;2.00927734375;2.0068359375;2.027587890625;1.981201171875;1.983642578125;1.993408203125;1.995849609375;1.98486328125;1.982421875;2.001953125;1.976318359375;2.00439453125;1.986083984375;1.998291015625;1.995849609375;2.01171875;1.973876953125
2024-08-29 15:33:51.733339;1.988525390625;1.9873046875;2.005615234375;1.986083984375;1.9921875;2.008056640625;1.968994140625;1.96533203125;1.998291015625;1.993408203125;1.9921875;2.010498046875;1.968994140625;1.982421875;1.998291015625;1.98486328125;1.995849609375;1.9970703125;1.9775390625;1.9775390625;1.99951171875;1.99462890625;1.988525390625;2.003173828125;1.978759765625;2.01171875;1.990966796875;1.98974609375;2.0068359375;1.983642578125;1.966552734375;1.9970703125;2.00439453125;2.00439453125;2.01171875;2.000732421875;1.968994140625;1.9970703125;1.990966796875;1.981201171875;1.990966796875;2.01171875;1.981201171875;1.964111328125;1.99951171875;1.998291015625;1.9970703125;2.0068359375;1.9873046875;1.971435546875;1.995849609375;2.00439453125;1.995849609375;2.00927734375;1.9921875;1.97509765625;1.97265625;2.0068359375;2.005615234375;1.99462890625;2.015380859375;1.998291015625;1.983642578125;2.01171875;1.981201171875;1.99951171875;1.9970703125;2.00439453125;1.97265625;1.973876953125;1.99951171875;1.99462890625;1.993408203125;2.012939453125;1.993408203125;1.9775390625;2.008056640625;1.988525390625;1.990966796875;2.00439453125;1.9921875;1.966552734375;1.97509765625;1.988525390625;1.995849609375;1.98974609375;2.008056640625;2.012939453125;2.00927734375;1.990966796875;1.986083984375;2.00927734375;1.99951171875;2.00439453125;1.968994140625;1.9775390625;1.97998046875;1.998291015625;1.9921875;2.01416015625
2024-08-29 15:33:51.765223;1.9921875;1.9921875;2.022705078125;1.983642578125;1.981201171875;1.9921875;1.98486328125;1.995849609375;2.01416015625;1.97509765625;1.978759765625;1.995849609375;1.995849609375;2.001953125;2.01904296875;1.976318359375;1.99951171875;1.9921875;2.00439453125;2.00439453125;2.00439453125;1.968994140625;1.98486328125;1.990966796875;2.0068359375;2.000732421875;2.008056640625;1.993408203125;2.003173828125;1.976318359375;2.010498046875;2.003173828125;2.00439453125;1.9775390625;1.998291015625;1.9775390625;2.020263671875;1.995849609375;1.990966796875;1.99951171875;2.008056640625;1.956787109375;1.988525390625;2.010498046875;1.9873046875;1.990966796875;1.97265625;1.98974609375;1.964111328125;2.010498046875;1.9873046875;1.990966796875;2.001953125;2.00927734375;1.96533203125;2.000732421875;2.003173828125;1.986083984375;1.9970703125;1.9921875;1.981201171875;1.97509765625;2.015380859375;1.98486328125;1.9921875;2.015380859375;2.003173828125;1.95068359375;1.99462890625;1.988525390625;1.988525390625;1.982421875;1.9775390625;1.986083984375;1.988525390625;2.030029296875;1.993408203125;2.005615234375;2.022705078125;2.005615234375;1.954345703125;2.008056640625;1.998291015625;1.988525390625;1.993408203125;1.99462890625;1.97998046875;1.98974609375;2.01171875;1.97998046875;1.99951171875;2.01416015625;1.995849609375;1.9580078125;2.005615234375;1.982421875;1.9921875;1.9775390625;1.9873046875;1.973876953125
2024-08-29 15:33:51.797117;1.99951171875;2.020263671875;2.003173828125;1.97265625;1.995849609375;2.0068359375;2.00439453125;2.00927734375;2.005615234375;1.9677734375;1.9873046875;2.012939453125;1.98486328125;1.982421875;2.008056640625;1.97998046875;1.993408203125;2.0068359375;1.995849609375;2.017822265625;1.98974609375;1.9677734375;1.98974609375;2.000732421875;1.97265625;1.986083984375;1.995849609375;1.98974609375;1.98974609375;2.010498046875;1.98974609375;2.020263671875;1.97265625;1.98486328125;1.9921875;2.0068359375;1.98486328125;1.98486328125;2.005615234375;1.982421875;1.9921875;2.005615234375;2.005615234375;1.99462890625;2.017822265625;1.973876953125;1.98486328125;1.9970703125;1.993408203125;1.982421875;1.98486328125;2.0068359375;1.990966796875;1.988525390625;2.012939453125;1.998291015625;1.99462890625;2.0166015625;1.978759765625;1.986083984375;2.01416015625;1.983642578125;1.982421875;1.982421875;2.00439453125;1.98974609375;1.995849609375;2.008056640625;1.97998046875;1.973876953125;2.008056640625;1.983642578125;1.98974609375;2.012939453125;1.976318359375;1.9873046875;1.973876953125;2.00439453125;2.008056640625;2.015380859375;1.98974609375;1.966552734375;1.978759765625;2.001953125;2.003173828125;2.01904296875;1.9921875;1.973876953125;1.988525390625;1.98486328125;2.010498046875;2.017822265625;2.020263671875;1.968994140625;1.97998046875;1.971435546875;2.000732421875;2.00439453125;2.0166015625;1.990966796875
2024-08-29 15:33:51.812067;1.98974609375;2.000732421875;1.998291015625;1.9970703125;1.988525390625;2.001953125;1.988525390625;2.00927734375;1.990966796875;2.008056640625;2.001953125;2.008056640625;1.956787109375;1.981201171875;2.003173828125;1.98486328125;1.97509765625;2.001953125;1.966552734375;1.9873046875;2.0068359375;2.000732421875;2.001953125;1.98974609375;1.97021484375;1.99462890625;2.005615234375;1.978759765625;1.97998046875;2.003173828125;1.98486328125;1.986083984375;2.003173828125;1.97265625;1.993408203125;2.008056640625;1.993408203125;2.00439453125;2.010498046875;1.973876953125;1.973876953125;2.012939453125;2.001953125;2.000732421875;2.008056640625;2.00927734375;1.9873046875;2.01904296875;1.9873046875;1.986083984375;1.99462890625;2.00927734375;1.9775390625;1.968994140625;2.0068359375;1.993408203125;1.9970703125;2.010498046875;1.993408203125;1.976318359375;2.005615234375;1.98974609375;1.9873046875;2.000732421875;1.990966796875;1.97021484375;1.978759765625;2.000732421875;1.9921875;1.998291015625;2.008056640625;1.995849609375;1.98974609375;2.008056640625;1.976318359375;1.998291015625;1.9921875;1.995849609375;1.968994140625;1.986083984375;1.998291015625;1.988525390625;1.9873046875;1.99462890625;1.9873046875;1.998291015625;2.001953125;1.982421875;1.990966796875;1.998291015625;1.982421875;1.962890625;1.990966796875;1.993408203125;2.00439453125;1.998291015625;2.0166015625;1.9970703125;2.003173828125;1.998291015625
2024-08-29 15:33:51.842913;1.986083984375;1.99951171875;1.993408203125;1.971435546875;2.00439453125;1.99462890625;1.990966796875;1.97265625;1.9970703125;1.988525390625;2.005615234375;2.001953125;1.995849609375;1.99462890625;1.990966796875;1.982421875;1.98974609375;2.008056640625;1.982421875;1.9775390625;1.993408203125;2.000732421875;2.00439453125;2.0068359375;2.00439453125;2.012939453125;1.97265625;1.99462890625;1.98974609375;1.9921875;1.96044921875;1.97021484375;1.988525390625;1.99462890625;1.99951171875;2.00927734375;1.973876953125;1.978759765625;1.990966796875;1.983642578125;1.98486328125;2.020263671875;1.98974609375;1.968994140625;1.986083984375;1.98974609375;1.99951171875;2.0068359375;2.01904296875;1.982421875;1.993408203125;1.993408203125;1.9921875;1.9970703125;2.017822265625;1.973876953125;1.971435546875;1.981201171875;1.9873046875;1.990966796875;2.008056640625;2.008056640625;1.978759765625;1.98974609375;1.98974609375;1.995849609375;1.99951171875;2.025146484375;1.983642578125;1.96533203125;1.98974609375;1.986083984375;2.00439453125;2.00439453125;2.015380859375;2.001953125;2.0068359375;1.96533203125;1.9970703125;1.993408203125;1.9970703125;1.971435546875;1.962890625;1.98486328125;1.988525390625;2.00927734375;1.99462890625;2.008056640625;2.01171875;2.008056640625;1.968994140625;2.010498046875;1.99462890625;1.998291015625;1.982421875;1.98486328125;1.982421875;1.99462890625;2.01416015625;1.98974609375
2024-08-29 15:33:51.890536;1.973876953125;2.005615234375;2.000732421875;1.983642578125;1.995849609375;1.995849609375;2.005615234375;1.990966796875;2.01416015625;1.9677734375;1.9873046875;1.993408203125;1.98974609375;1.97265625;2.00927734375;1.990966796875;2.008056640625;2.00439453125;1.98974609375;1.982421875;2.0068359375;1.978759765625;1.993408203125;2.017822265625;1.981201171875;1.973876953125;2.010498046875;1.9775390625;1.990966796875;1.993408203125;2.000732421875;2.012939453125;1.993408203125;1.964111328125;1.9970703125;1.995849609375;1.993408203125;1.982421875;2.00439453125;1.966552734375;1.986083984375;1.983642578125;2.0068359375;1.998291015625;2.0166015625;1.973876953125;1.96044921875;1.986083984375;2.008056640625;1.990966796875;1.986083984375;2.00927734375;1.97998046875;2.010498046875;1.97998046875;1.998291015625;2.00439453125;2.015380859375;1.9775390625;1.98974609375;1.99462890625;1.98486328125;1.9873046875;1.97509765625;2.000732421875;1.971435546875;1.990966796875;1.990966796875;1.99951171875;1.995849609375;2.02392578125;1.976318359375;1.978759765625;1.9970703125;2.008056640625;1.97998046875;1.97998046875;2.00927734375;1.9873046875;1.993408203125;2.017822265625;1.98974609375;1.978759765625;2.008056640625;1.982421875;1.981201171875;2.010498046875;1.986083984375;1.98974609375;1.97998046875;2.003173828125;1.9921875;1.998291015625;2.010498046875;1.9677734375;1.973876953125;2.008056640625;1.986083984375;1.990966796875;2.00927734375
2024-08-29 15:33:51.921806;1.982421875;1.961669921875;1.97998046875;2.001953125;1.98486328125;2.001953125;1.9677734375;2.00439453125;1.982421875;1.998291015625;2.0166015625;2.01171875;1.956787109375;2.00439453125;1.98486328125;2.000732421875;1.973876953125;1.998291015625;1.978759765625;2.000732421875;1.988525390625;2.005615234375;1.98974609375;2.001953125;1.971435546875;1.9873046875;2.001953125;1.98486328125;1.97265625;1.99951171875;1.99951171875;2.001953125;2.00439453125;1.99951171875;1.998291015625;1.9970703125;1.97998046875;1.986083984375;1.995849609375;1.97265625;1.956787109375;1.97998046875;2.001953125;2.003173828125;2.0068359375;2.01416015625;1.9775390625;1.98486328125;2.000732421875;1.995849609375;2.000732421875;2.02392578125;1.982421875;1.97265625;1.98974609375;1.99951171875;1.99951171875;2.0068359375;2.010498046875;1.982421875;1.990966796875;1.9873046875;1.990966796875;1.98974609375;2.01171875;1.973876953125;1.964111328125;1.9873046875;1.9921875;1.99951171875;2.01416015625;2.000732421875;1.97265625;1.993408203125;1.9921875;1.99462890625;1.998291015625;2.015380859375;1.981201171875;1.986083984375;1.9970703125;1.995849609375;1.995849609375;2.012939453125;2.0068359375;1.98486328125;1.998291015625;1.982421875;1.998291015625;1.9921875;2.01416015625;1.982421875;1.981201171875;1.986083984375;1.98974609375;1.990966796875;2.021484375;2.005615234375;1.981201171875;1.986083984375
2024-08-29 15:33:51.967660;1.97998046875;1.9873046875;2.01416015625;1.97509765625;1.990966796875;1.982421875;1.9970703125;1.986083984375;1.9873046875;1.98974609375;2.0068359375;1.978759765625;2.000732421875;1.995849609375;1.9921875;1.9873046875;2.005615234375;1.981201171875;1.986083984375;1.973876953125;1.971435546875;1.981201171875;1.998291015625;1.98486328125;2.001953125;1.993408203125;2.00927734375;1.96044921875;1.986083984375;1.99951171875;1.986083984375;1.9677734375;2.00439453125;1.983642578125;1.990966796875;2.017822265625;2.008056640625;1.9873046875;2.012939453125;1.976318359375;1.983642578125;1.998291015625;2.00439453125;1.982421875;1.971435546875;2.0068359375;1.998291015625;1.990966796875;2.010498046875;1.976318359375;1.966552734375;1.998291015625;1.9970703125;1.9921875;2.008056640625;1.976318359375;1.968994140625;1.97998046875;2.00927734375;2.000732421875;1.998291015625;2.015380859375;1.98486328125;1.981201171875;2.015380859375;1.9873046875;1.9921875;2.012939453125;1.981201171875;1.976318359375;1.968994140625;2.003173828125;1.99951171875;1.99951171875;2.010498046875;1.973876953125;1.971435546875;2.005615234375;1.98486328125;1.98486328125;2.008056640625;1.982421875;1.96533203125;1.998291015625;1.98486328125;1.9970703125;1.98486328125;2.010498046875;2.005615234375;2.021484375;1.9873046875;1.964111328125;1.98974609375;2.008056640625;1.990966796875;1.983642578125;2.003173828125;1.99462890625;1.995849609375;1.988525390625
2024-08-29 15:33:51.967660;2.00927734375;1.982421875;2.005615234375;2.01904296875;1.9775390625;1.995849609375;2.001953125;1.988525390625;2.005615234375;1.990966796875;1.9775390625;1.9873046875;2.003173828125;1.99462890625;1.98974609375;1.99951171875;1.9775390625;2.010498046875;1.97021484375;1.98486328125;1.990966796875;1.990966796875;1.968994140625;2.0068359375;1.993408203125;2.00439453125;1.998291015625;2.01171875;2.00439453125;2.00927734375;1.968994140625;1.97998046875;1.99951171875;1.976318359375;1.96533203125;2.012939453125;1.988525390625;1.99951171875;1.9921875;2.01171875;1.99462890625;2.025146484375;1.983642578125;1.97509765625;1.981201171875;1.99951171875;1.97998046875;1.97265625;2.008056640625;1.9775390625;2.001953125;1.99462890625;2.02392578125;2.032470703125;2.02880859375;1.964111328125;1.983642578125;1.983642578125;1.998291015625;1.98486328125;2.001953125;2.0068359375;1.976318359375;2.000732421875;1.9921875;2.01416015625;2.00439453125;2.022705078125;1.96044921875;1.971435546875;1.98486328125;2.0068359375;1.988525390625;1.97998046875;1.9873046875;1.9677734375;2.00439453125;1.983642578125;2.015380859375;2.025146484375;2.008056640625;1.949462890625;1.998291015625;1.9873046875;1.99951171875;2.003173828125;2.010498046875;1.973876953125;1.97265625;2.0068359375;1.9775390625;2.000732421875;2.01171875;2.008056640625;1.966552734375;2.008056640625;1.98974609375;2.003173828125;2.001953125;1.9970703125
2024-08-29 15:33:52.017522;1.986083984375;1.995849609375;1.97998046875;1.990966796875;1.98974609375;1.9970703125;2.017822265625;1.978759765625;1.98486328125;1.986083984375;1.986083984375;2.005615234375;2.000732421875;1.971435546875;1.982421875;1.9873046875;1.988525390625;1.99462890625;2.0068359375;1.98486328125;1.990966796875;1.973876953125;1.9921875;2.00927734375;1.99951171875;1.973876953125;1.9921875;1.9873046875;1.988525390625;2.00927734375;2.00439453125;1.9873046875;1.9970703125;1.97998046875;1.981201171875;2.017822265625;1.986083984375;1.964111328125;1.982421875;1.988525390625;1.9970703125;2.001953125;2.021484375;1.990966796875;1.995849609375;1.9921875;1.99462890625;2.000732421875;2.001953125;1.981201171875;1.9677734375;1.99462890625;1.982421875;2.005615234375;2.001953125;2.010498046875;1.99951171875;2.000732421875;1.983642578125;1.9775390625;1.98974609375;2.008056640625;1.971435546875;1.96044921875;1.990966796875;1.9921875;1.99951171875;2.001953125;2.012939453125;1.98974609375;2.005615234375;1.982421875;1.9775390625;1.981201171875;1.995849609375;1.97021484375;1.961669921875;1.98974609375;1.98974609375;1.9921875;2.008056640625;2.001953125;1.976318359375;1.990966796875;1.993408203125;1.98974609375;2.0166015625;2.0166015625;1.976318359375;1.9677734375;1.99951171875;2.000732421875;2.005615234375;2.0263671875;2.00927734375;1.9873046875;2.008056640625;1.988525390625;1.9921875;1.998291015625
2024-08-29 15:33:52.049408;1.993408203125;1.96533203125;1.981201171875;1.993408203125;1.964111328125;1.966552734375;1.990966796875;1.998291015625;1.9970703125;2.005615234375;1.998291015625;2.008056640625;1.97509765625;1.9921875;1.9873046875;2.000732421875;1.983642578125;2.008056640625;1.98486328125;2.008056640625;1.990966796875;2.008056640625;2.008056640625;2.020263671875;1.962890625;1.993408203125;1.9873046875;2.000732421875;1.97021484375;2.003173828125;1.973876953125;1.998291015625;1.98974609375;1.995849609375;1.98486328125;2.012939453125;1.981201171875;1.988525390625;1.995849609375;2.00439453125;1.973876953125;1.990966796875;2.005615234375;1.988525390625;1.993408203125;1.990966796875;2.00927734375;2.01171875;2.0068359375;1.953125;1.99462890625;1.98486328125;1.998291015625;1.968994140625;1.983642578125;1.993408203125;1.990966796875;1.995849609375;2.017822265625;2.000732421875;1.9921875;2.000732421875;1.973876953125;1.988525390625;2.001953125;2.000732421875;1.968994140625;1.998291015625;1.993408203125;2.00439453125;1.993408203125;2.001953125;2.01171875;2.021484375;1.986083984375;1.968994140625;2.001953125;1.9970703125;1.9873046875;1.961669921875;1.99462890625;1.98974609375;2.001953125;1.9921875;2.00439453125;1.982421875;1.9970703125;1.9970703125;1.99951171875;2.005615234375;2.021484375;1.983642578125;1.983642578125;1.9970703125;1.98974609375;1.99462890625;1.998291015625;2.005615234375;1.981201171875;1.993408203125
2024-08-29 15:33:52.065354;1.983642578125;1.995849609375;1.99951171875;2.010498046875;1.982421875;1.993408203125;1.998291015625;1.9921875;1.982421875;1.993408203125;1.9970703125;1.990966796875;1.9970703125;1.9921875;1.98974609375;2.001953125;1.981201171875;1.986083984375;1.99951171875;1.98486328125;1.982421875;1.99951171875;2.00439453125;1.981201171875;1.998291015625;1.995849609375;1.998291015625;1.9873046875;1.998291015625;1.98974609375;1.98974609375;1.995849609375;1.982421875;1.995849609375;1.99462890625;1.990966796875;1.98974609375;1.97998046875;1.986083984375;2.000732421875;1.973876953125;1.988525390625;2.0068359375;1.976318359375;1.978759765625;2.005615234375;1.993408203125;1.995849609375;2.008056640625;1.990966796875;1.9775390625;1.9921875;2.0068359375;1.9873046875;2.008056640625;2.003173828125;1.986083984375;1.98974609375;1.993408203125;1.98974609375;1.98974609375;2.008056640625;1.97265625;1.966552734375;1.998291015625;1.99951171875;1.98974609375;2.00439453125;1.9970703125;1.968994140625;1.97998046875;2.017822265625;2.008056640625;2.01171875;2.025146484375;1.9873046875;1.973876953125;2.008056640625;1.98486328125;1.98486328125;2.005615234375;1.99951171875;1.973876953125;1.97265625;2.005615234375;1.988525390625;1.9921875;2.00439453125;1.98486328125;1.978759765625;2.015380859375;1.981201171875;1.98486328125;2.005615234375;1.9873046875;1.971435546875;1.988525390625;2.00439453125;1.993408203125;2.000732421875
2024-08-29 15:33:52.096695;2.0166015625;1.982421875;1.998291015625;2.00439453125;2.01171875;2.000732421875;2.003173828125;1.9921875;2.000732421875;2.015380859375;1.983642578125;1.968994140625;1.998291015625;2.001953125;2.003173828125;2.012939453125;1.98974609375;1.995849609375;1.988525390625;1.990966796875;1.9921875;2.000732421875;1.96044921875;1.97509765625;1.99462890625;2.005615234375;2.005615234375;2.012939453125;1.983642578125;1.99951171875;1.973876953125;2.001953125;1.998291015625;1.995849609375;1.97265625;1.993408203125;1.981201171875;1.998291015625;1.98486328125;2.01171875;2.010498046875;2.00439453125;1.97509765625;1.97998046875;1.986083984375;2.005615234375;2.00439453125;1.97509765625;1.9970703125;1.986083984375;1.998291015625;1.98486328125;2.01904296875;2.000732421875;1.99951171875;1.96533203125;1.98974609375;1.993408203125;2.003173828125;1.995849609375;1.983642578125;1.9873046875;1.97998046875;2.0068359375;1.990966796875;2.0166015625;2.010498046875;1.998291015625;1.968994140625;1.981201171875;1.982421875;2.005615234375;1.981201171875;1.9677734375;1.983642578125;1.983642578125;1.99462890625;1.9921875;2.00927734375;1.995849609375;1.998291015625;1.97509765625;2.00927734375;1.995849609375;2.00927734375;1.97998046875;1.97265625;1.983642578125;1.98974609375;2.005615234375;1.99462890625;2.012939453125;2.01171875;1.99951171875;1.971435546875;2.00439453125;1.9970703125;2.012939453125;1.983642578125;1.988525390625
2024-08-29 15:33:52.112641;1.983642578125;2.001953125;1.981201171875;1.99951171875;1.9873046875;1.998291015625;1.99951171875;1.99462890625;2.000732421875;2.003173828125;1.98974609375;2.000732421875;2.00927734375;1.973876953125;1.966552734375;1.99462890625;1.995849609375;1.9970703125;2.00927734375;1.982421875;1.99462890625;1.98974609375;1.99462890625;1.993408203125;1.99951171875;1.97021484375;1.986083984375;1.983642578125;1.99462890625;1.9921875;2.010498046875;1.99951171875;2.017822265625;1.973876953125;1.98974609375;1.993408203125;2.003173828125;1.973876953125;1.97265625;2.0068359375;1.990966796875;1.998291015625;2.0068359375;1.99951171875;1.982421875;2.01416015625;1.9873046875;1.986083984375;1.993408203125;1.99951171875;1.9677734375;1.97998046875;1.995849609375;1.97998046875;1.99462890625;1.990966796875;2.010498046875;2.010498046875;2.012939453125;1.953125;1.988525390625;1.9873046875;2.001953125;1.9873046875;1.98486328125;2.003173828125;1.983642578125;1.988525390625;2.00927734375;1.99462890625;1.982421875;2.0068359375;1.97265625;1.983642578125;1.9970703125;1.990966796875;1.97509765625;1.9873046875;2.00439453125;1.99951171875;1.9921875;2.0166015625;1.98974609375;1.981201171875;2.005615234375;1.978759765625;1.9873046875;1.99951171875;1.9873046875;1.993408203125;1.990966796875;2.005615234375;2.00927734375;1.995849609375;2.010498046875;1.9921875;1.990966796875;2.000732421875;1.97021484375;1.982421875
2024-08-29 15:33:52.159484;2.005615234375;1.978759765625;1.9921875;2.010498046875;1.982421875;1.97265625;2.00927734375;1.99462890625;2.001953125;2.012939453125;2.000732421875;1.9970703125;2.00439453125;1.97265625;1.988525390625;2.00927734375;1.981201171875;1.97265625;2.008056640625;1.983642578125;1.98974609375;2.00927734375;1.9775390625;1.990966796875;2.000732421875;1.981201171875;1.99462890625;2.00439453125;1.968994140625;1.97998046875;1.99462890625;1.982421875;1.9873046875;2.00439453125;1.983642578125;1.99462890625;2.003173828125;1.97021484375;1.98974609375;2.00927734375;1.988525390625;1.99462890625;1.99951171875;1.990966796875;1.9970703125;2.001953125;2.001953125;1.986083984375;2.000732421875;1.993408203125;1.9775390625;1.98974609375;2.00927734375;1.981201171875;1.981201171875;2.003173828125;1.9873046875;1.993408203125;1.998291015625;1.9970703125;1.9873046875;1.98974609375;1.983642578125;1.9921875;1.995849609375;2.00439453125;2.0068359375;1.99462890625;2.003173828125;1.995849609375;2.00439453125;1.98974609375;1.99951171875;1.986083984375;1.998291015625;1.97265625;1.966552734375;1.986083984375;1.9970703125;1.99462890625;1.9921875;2.015380859375;1.98486328125;1.990966796875;2.00927734375;1.9921875;1.982421875;2.010498046875;1.97265625;1.981201171875;1.99462890625;1.998291015625;1.9921875;1.988525390625;2.000732421875;1.978759765625;1.988525390625;2.005615234375;1.988525390625;1.981201171875
2024-08-29 15:33:52.175431;2.008056640625;1.973876953125;1.97998046875;2.012939453125;1.98486328125;1.993408203125;2.010498046875;1.988525390625;1.9677734375;2.005615234375;2.000732421875;1.998291015625;2.01416015625;2.001953125;1.9873046875;2.001953125;1.982421875;1.98974609375;2.01416015625;1.9873046875;1.97021484375;1.998291015625;1.9921875;1.9921875;2.01416015625;1.998291015625;1.990966796875;1.98974609375;1.982421875;1.981201171875;2.00439453125;1.973876953125;1.964111328125;1.993408203125;1.990966796875;1.986083984375;2.020263671875;1.993408203125;1.97998046875;2.001953125;1.98486328125;1.990966796875;2.003173828125;1.9921875;1.971435546875;1.98486328125;1.99462890625;1.995849609375;2.003173828125;2.00439453125;1.97021484375;1.9775390625;1.998291015625;1.99462890625;2.005615234375;2.017822265625;1.973876953125;1.97021484375;1.982421875;1.988525390625;1.99462890625;2.012939453125;2.005615234375;1.983642578125;2.000732421875;1.9921875;2.001953125;2.005615234375;2.01416015625;1.976318359375;1.962890625;1.990966796875;1.988525390625;1.998291015625;2.008056640625;2.00439453125;1.981201171875;1.9970703125;1.982421875;1.988525390625;1.99462890625;2.021484375;1.973876953125;1.97509765625;1.998291015625;2.000732421875;2.003173828125;2.01904296875;2.008056640625;1.993408203125;2.00927734375;1.983642578125;1.993408203125;2.000732421875;1.99951171875;1.962890625;1.96533203125;1.986083984375;1.983642578125;1.983642578125
2024-08-29 15:33:52.206829;2.012939453125;1.990966796875;2.008056640625;2.000732421875;2.000732421875;1.986083984375;2.000732421875;1.978759765625;1.990966796875;2.001953125;1.976318359375;1.962890625;1.9970703125;1.986083984375;2.003173828125;1.995849609375;2.008056640625;2.012939453125;1.981201171875;1.995849609375;2.00927734375;1.9921875;1.983642578125;1.981201171875;1.988525390625;2.005615234375;2.008056640625;1.998291015625;1.993408203125;2.005615234375;1.973876953125;2.001953125;1.988525390625;1.9970703125;1.976318359375;1.98486328125;1.97021484375;1.99951171875;2.022705078125;1.986083984375;2.000732421875;2.025146484375;1.983642578125;1.96533203125;2.0166015625;1.990966796875;1.98974609375;1.982421875;1.998291015625;1.97021484375;1.998291015625;1.998291015625;1.988525390625;2.000732421875;2.001953125;1.97509765625;1.971435546875;1.993408203125;1.97998046875;1.9921875;1.96533203125;1.981201171875;1.97021484375;2.00927734375;1.998291015625;2.003173828125;2.008056640625;2.012939453125;1.981201171875;1.973876953125;2.00439453125;1.9873046875;1.9873046875;1.97265625;1.995849609375;1.97509765625;2.015380859375;1.9921875;1.99462890625;2.010498046875;2.0068359375;1.966552734375;1.986083984375;1.9921875;1.9970703125;1.9921875;1.97998046875;1.995849609375;1.978759765625;2.01171875;1.988525390625;2.00439453125;2.001953125;2.01171875;1.96533203125;1.988525390625;1.998291015625;1.99462890625;1.988525390625;1.97509765625
2024-08-29 15:33:52.237984;1.9970703125;1.981201171875;1.971435546875;1.988525390625;1.986083984375;1.9970703125;1.995849609375;2.008056640625;1.9873046875;2.01416015625;1.976318359375;1.995849609375;2.010498046875;1.99951171875;1.97265625;2.008056640625;1.982421875;1.995849609375;2.00439453125;2.005615234375;1.9921875;2.00927734375;1.97509765625;1.978759765625;2.00439453125;1.97265625;1.966552734375;1.995849609375;1.990966796875;1.98486328125;2.0166015625;1.988525390625;1.988525390625;1.99951171875;1.986083984375;1.990966796875;2.008056640625;1.97265625;1.96533203125;2.0068359375;1.988525390625;1.9921875;1.9921875;1.99951171875;1.982421875;2.000732421875;1.9921875;1.988525390625;1.990966796875;2.01416015625;1.988525390625;1.982421875;2.01171875;1.9970703125;1.998291015625;2.00439453125;2.00439453125;1.9873046875;2.008056640625;1.9873046875;1.978759765625;1.993408203125;1.9873046875;1.9775390625;1.97509765625;2.003173828125;1.990966796875;1.9921875;2.012939453125;1.97509765625;1.97265625;1.99951171875;2.000732421875;1.995849609375;2.01904296875;1.9873046875;1.998291015625;1.982421875;2.000732421875;1.99951171875;2.001953125;2.0068359375;1.981201171875;1.978759765625;1.98974609375;2.005615234375;2.003173828125;2.01171875;1.973876953125;2.01416015625;1.98974609375;2.000732421875;1.998291015625;1.9970703125;1.98486328125;1.9677734375;1.973876953125;1.995849609375;1.98486328125;1.990966796875
2024-08-29 15:33:52.253448;2.010498046875;1.98486328125;1.97998046875;1.9970703125;1.99462890625;1.971435546875;2.012939453125;1.9873046875;2.000732421875;1.995849609375;2.00439453125;1.99951171875;2.00439453125;1.971435546875;1.983642578125;2.010498046875;1.97998046875;1.97265625;2.010498046875;1.981201171875;1.986083984375;2.001953125;1.99951171875;2.008056640625;1.993408203125;1.968994140625;1.98974609375;2.003173828125;1.973876953125;1.986083984375;2.005615234375;1.99951171875;1.99951171875;2.008056640625;1.99951171875;2.0166015625;1.99462890625;1.993408203125;1.99951171875;2.008056640625;1.973876953125;1.98486328125;2.00439453125;1.986083984375;1.9921875;2.000732421875;2.00927734375;1.97509765625;2.003173828125;1.995849609375;1.97998046875;1.9873046875;2.0068359375;1.976318359375;1.961669921875;2.005615234375;1.986083984375;1.9921875;1.993408203125;2.008056640625;2.001953125;2.020263671875;1.981201171875;1.98486328125;1.9873046875;2.00927734375;1.981201171875;1.978759765625;2.0068359375;1.98486328125;1.9970703125;1.995849609375;2.00927734375;1.98486328125;2.010498046875;1.97021484375;1.9677734375;1.983642578125;2.008056640625;1.973876953125;1.97265625;2.008056640625;1.98486328125;1.99462890625;1.9970703125;2.0068359375;2.003173828125;2.005615234375;1.97021484375;1.9921875;1.986083984375;2.0068359375;1.990966796875;2.000732421875;1.990966796875;1.9873046875;1.9921875;1.998291015625;1.995849609375;1.983642578125
2024-08-29 15:33:52.284864;2.008056640625;1.971435546875;1.99951171875;2.01416015625;1.97265625;1.988525390625;1.99462890625;1.98486328125;1.9580078125;1.982421875;1.995849609375;1.998291015625;2.01171875;1.988525390625;1.971435546875;2.001953125;2.005615234375;1.995849609375;2.012939453125;1.968994140625;1.962890625;1.9970703125;1.99462890625;1.995849609375;2.01416015625;1.9970703125;1.993408203125;2.005615234375;1.971435546875;1.986083984375;2.010498046875;1.971435546875;1.9677734375;1.99951171875;1.97998046875;1.9873046875;2.00927734375;1.97509765625;1.968994140625;2.003173828125;2.001953125;1.995849609375;2.01416015625;1.981201171875;1.976318359375;1.971435546875;2.00927734375;2.001953125;2.000732421875;2.017822265625;1.973876953125;1.97021484375;2.012939453125;1.988525390625;1.9873046875;2.010498046875;1.982421875;1.976318359375;1.981201171875;2.001953125;1.988525390625;1.990966796875;2.015380859375;1.981201171875;1.97998046875;2.0166015625;1.98486328125;1.99462890625;2.020263671875;1.98486328125;1.98974609375;1.988525390625;2.00439453125;1.98974609375;1.98974609375;2.00927734375;1.993408203125;1.995849609375;2.00439453125;1.964111328125;1.9970703125;2.00439453125;1.995849609375;1.981201171875;2.008056640625;1.9775390625;1.995849609375;1.9921875;2.0166015625;1.99951171875;2.0166015625;1.99462890625;1.97021484375;1.983642578125;2.01416015625;1.982421875;1.97265625;2.000732421875;1.982421875;1.995849609375
2024-08-29 15:33:52.346689;1.99951171875;1.978759765625;1.966552734375;1.964111328125;1.99951171875;1.9970703125;1.98974609375;2.01416015625;1.983642578125;2.005615234375;1.9873046875;1.99462890625;1.98974609375;2.001953125;1.97021484375;1.983642578125;1.993408203125;1.995849609375;1.995849609375;2.005615234375;1.973876953125;2.00439453125;1.98974609375;1.98974609375;2.010498046875;1.976318359375;1.961669921875;1.98974609375;1.998291015625;1.9921875;2.00439453125;2.000732421875;1.97998046875;2.00439453125;1.976318359375;2.003173828125;1.9970703125;2.0068359375;1.983642578125;1.993408203125;1.990966796875;1.993408203125;1.98974609375;2.001953125;2.00439453125;2.008056640625;2.001953125;1.97021484375;1.9775390625;1.993408203125;1.98486328125;1.96044921875;1.9921875;1.98974609375;1.993408203125;1.9775390625;2.01171875;1.99951171875;1.99951171875;1.998291015625;1.9775390625;1.978759765625;2.005615234375;1.9873046875;1.964111328125;1.990966796875;1.995849609375;1.995849609375;2.000732421875;2.01171875;1.982421875;1.99951171875;2.003173828125;1.998291015625;2.001953125;2.01904296875;1.97998046875;1.962890625;1.99462890625;2.00439453125;1.998291015625;2.01416015625;2.000732421875;1.968994140625;1.9775390625;2.0068359375;1.993408203125;2.001953125;2.005615234375;1.981201171875;1.973876953125;1.993408203125;2.0068359375;2.00439453125;2.012939453125;1.98486328125;1.971435546875;1.990966796875;1.998291015625;1.99462890625
2024-08-29 15:33:52.440454;1.99462890625;1.983642578125;1.982421875;1.9970703125;1.9970703125;1.9970703125;1.998291015625;1.9921875;1.978759765625;1.98974609375;2.00927734375;1.9775390625;1.971435546875;1.99462890625;1.9970703125;1.9970703125;2.010498046875;1.99462890625;2.008056640625;1.973876953125;2.003173828125;1.995849609375;1.9970703125;1.97021484375;1.9873046875;1.982421875;2.005615234375;1.99462890625;2.00439453125;2.00439453125;2.0068359375;1.96533203125;2.005615234375;1.988525390625;2.001953125;1.9873046875;1.998291015625;1.962890625;2.0068359375;2.005615234375;1.98974609375;2.012939453125;2.01904296875;1.968994140625;1.9677734375;2.008056640625;1.982421875;1.98974609375;1.973876953125;1.995849609375;1.962890625;2.010498046875;1.99951171875;1.986083984375;2.012939453125;2.021484375;1.9677734375;1.993408203125;2.021484375;1.978759765625;1.993408203125;1.99462890625;1.998291015625;1.96533203125;2.01416015625;1.99462890625;1.973876953125;2.008056640625;2.012939453125;1.956787109375;1.986083984375;2.00927734375;1.983642578125;2.003173828125;1.988525390625;1.98974609375;1.97021484375;2.022705078125;1.995849609375;1.982421875;2.010498046875;2.00927734375;1.95556640625;2.00927734375;2.021484375;1.976318359375;2.00439453125;2.00927734375;1.983642578125;1.97998046875;2.021484375;1.98486328125;1.98486328125;2.000732421875;1.98486328125;1.96533203125;2.010498046875;2.005615234375;1.993408203125;2.010498046875
2024-08-29 15:33:52.503597;1.995849609375;1.961669921875;1.97509765625;1.97021484375;1.98486328125;1.99951171875;2.003173828125;2.020263671875;1.97265625;1.973876953125;1.9970703125;1.9921875;2.000732421875;2.01416015625;1.97509765625;1.9775390625;1.9921875;1.98974609375;2.00439453125;2.008056640625;1.9677734375;1.976318359375;2.003173828125;2.005615234375;2.012939453125;1.995849609375;1.976318359375;1.96533203125;2.003173828125;2.001953125;2.00439453125;2.005615234375;1.976318359375;2.000732421875;1.99951171875;1.993408203125;2.003173828125;2.017822265625;1.978759765625;1.961669921875;1.998291015625;1.9970703125;2.000732421875;2.00927734375;1.9970703125;1.978759765625;2.003173828125;1.973876953125;1.983642578125;1.983642578125;2.010498046875;1.982421875;1.981201171875;1.998291015625;1.9921875;1.99462890625;2.00439453125;2.015380859375;1.990966796875;2.00439453125;1.971435546875;1.986083984375;1.990966796875;2.00439453125;1.97265625;1.971435546875;1.9970703125;1.9921875;1.98486328125;2.010498046875;2.001953125;1.9873046875;2.0068359375;1.9775390625;1.98486328125;1.9921875;1.9970703125;1.981201171875;1.9775390625;2.001953125;1.99462890625;1.988525390625;2.0068359375;1.973876953125;1.966552734375;2.003173828125;1.988525390625;1.986083984375;2.008056640625;1.971435546875;1.9775390625;1.982421875;2.008056640625;2.000732421875;2.003173828125;2.010498046875;1.9775390625;1.978759765625;2.008056640625;1.98486328125
2024-08-29 15:33:52.564732;1.993408203125;1.982421875;1.990966796875;1.998291015625;1.973876953125;1.988525390625;2.022705078125;1.97509765625;1.982421875;1.9921875;1.988525390625;1.97998046875;2.015380859375;1.97509765625;1.9873046875;1.98486328125;1.976318359375;1.9970703125;2.017822265625;1.97265625;1.988525390625;1.982421875;1.990966796875;2.00439453125;2.0068359375;1.993408203125;2.003173828125;2.001953125;1.976318359375;2.005615234375;2.008056640625;1.976318359375;2.010498046875;1.988525390625;1.97265625;2.000732421875;2.012939453125;1.9677734375;2.001953125;2.017822265625;1.971435546875;1.97509765625;2.0166015625;1.981201171875;1.982421875;2.017822265625;1.983642578125;1.9677734375;1.9921875;1.9873046875;1.986083984375;2.008056640625;2.017822265625;1.97998046875;1.97265625;2.001953125;1.9873046875;1.998291015625;2.008056640625;1.998291015625;1.97265625;1.983642578125;1.978759765625;1.986083984375;1.9873046875;2.000732421875;1.976318359375;1.97998046875;1.9921875;1.9921875;2.015380859375;2.02392578125;1.9873046875;1.96533203125;1.978759765625;1.97509765625;2.000732421875;1.983642578125;2.00439453125;1.982421875;1.9775390625;1.97998046875;2.00927734375;1.986083984375;1.99951171875;1.998291015625;1.9775390625;1.978759765625;2.000732421875;1.98974609375;1.9873046875;2.01171875;1.9873046875;1.983642578125;1.986083984375;2.01171875;2.01171875;2.027587890625;1.982421875;1.97021484375
2024-08-29 15:33:52.595273;1.9775390625;1.98974609375;1.990966796875;2.01904296875;1.98486328125;1.982421875;2.017822265625;1.9873046875;1.993408203125;2.020263671875;1.97998046875;1.97509765625;2.000732421875;1.981201171875;1.993408203125;2.008056640625;1.962890625;2.000732421875;2.015380859375;1.968994140625;1.98486328125;2.010498046875;1.962890625;1.998291015625;1.998291015625;1.983642578125;1.998291015625;2.01171875;1.959228515625;2.0068359375;2.00439453125;1.986083984375;2.008056640625;2.020263671875;1.964111328125;2.000732421875;1.998291015625;1.986083984375;1.9970703125;2.01171875;1.97265625;1.9873046875;2.0068359375;1.9873046875;1.97998046875;1.9970703125;1.990966796875;1.956787109375;1.9970703125;1.990966796875;1.983642578125;1.9970703125;2.017822265625;1.9677734375;1.986083984375;2.00927734375;1.982421875;1.986083984375;2.01171875;2.003173828125;1.962890625;2.000732421875;1.993408203125;1.995849609375;2.00927734375;2.025146484375;1.97021484375;1.9921875;1.99951171875;1.973876953125;1.98486328125;2.022705078125;2.000732421875;1.9580078125;1.9921875;1.981201171875;1.98974609375;2.00439453125;2.017822265625;1.9580078125;1.9970703125;2.001953125;1.993408203125;2.0068359375;2.02880859375;1.993408203125;1.956787109375;1.9873046875;1.9921875;1.998291015625;1.995849609375;2.017822265625;1.962890625;1.995849609375;1.986083984375;1.982421875;1.9970703125;2.022705078125;1.986083984375;1.956787109375
2024-08-29 15:33:52.610910;1.97998046875;1.99951171875;1.97021484375;2.00927734375;1.986083984375;1.982421875;2.0166015625;1.998291015625;1.981201171875;2.008056640625;1.9873046875;1.96533203125;2.00439453125;1.98486328125;1.98486328125;2.0068359375;1.9873046875;1.95556640625;1.98974609375;1.9873046875;1.990966796875;1.99462890625;1.99462890625;1.971435546875;2.005615234375;1.9921875;2.003173828125;2.01904296875;1.981201171875;1.983642578125;2.003173828125;1.98486328125;1.998291015625;2.005615234375;1.986083984375;1.976318359375;1.9970703125;1.98974609375;1.995849609375;2.0068359375;2.0068359375;1.966552734375;1.993408203125;2.001953125;1.998291015625;1.981201171875;1.990966796875;1.98486328125;1.981201171875;1.99951171875;1.993408203125;2.001953125;2.017822265625;1.9873046875;1.96533203125;1.998291015625;1.982421875;1.995849609375;2.001953125;2.001953125;1.962890625;1.993408203125;2.005615234375;1.9970703125;2.0068359375;2.01904296875;1.9775390625;1.966552734375;1.9970703125;1.9873046875;1.98486328125;1.97265625;1.99951171875;1.97265625;1.99462890625;2.001953125;2.001953125;1.99462890625;2.015380859375;1.981201171875;1.97509765625;2.005615234375;1.993408203125;1.998291015625;2.001953125;1.99951171875;1.961669921875;2.000732421875;1.998291015625;1.98974609375;2.000732421875;1.99951171875;1.956787109375;1.97265625;2.001953125;1.988525390625;1.9775390625;1.98486328125;1.998291015625;1.968994140625
2024-08-29 15:33:52.642019;2.003173828125;1.99462890625;1.98486328125;1.9873046875;2.01171875;1.990966796875;1.988525390625;2.01171875;1.9677734375;1.983642578125;2.001953125;1.993408203125;1.97265625;2.0068359375;1.978759765625;2.003173828125;2.00439453125;1.988525390625;2.001953125;2.01416015625;1.964111328125;1.99462890625;2.000732421875;1.98974609375;1.983642578125;2.005615234375;1.9775390625;2.008056640625;2.00439453125;2.00927734375;2.021484375;1.9677734375;1.993408203125;2.01171875;1.993408203125;1.998291015625;2.001953125;1.98486328125;1.97998046875;2.008056640625;1.99951171875;1.990966796875;2.010498046875;2.00439453125;1.959228515625;2.000732421875;2.001953125;1.982421875;1.9921875;2.00927734375;1.962890625;1.98486328125;2.020263671875;1.983642578125;1.986083984375;2.015380859375;1.9677734375;1.983642578125;2.021484375;2.005615234375;1.959228515625;2.001953125;1.99951171875;1.961669921875;2.001953125;2.022705078125;1.97021484375;1.988525390625;2.021484375;1.966552734375;1.986083984375;2.021484375;2.000732421875;1.981201171875;2.015380859375;2.008056640625;1.951904296875;1.998291015625;2.021484375;1.968994140625;1.971435546875;1.982421875;1.96044921875;2.003173828125;2.020263671875;2.000732421875;1.961669921875;2.001953125;1.978759765625;1.97998046875;2.0166015625;2.03125;1.97998046875;1.99462890625;2.00439453125;1.9677734375;2.000732421875;2.012939453125;1.99462890625;1.983642578125
2024-08-29 15:33:52.672669;2.015380859375;1.983642578125;1.97998046875;2.0166015625;1.986083984375;1.976318359375;2.021484375;2.010498046875;1.97021484375;2.012939453125;1.97509765625;1.98486328125;2.027587890625;2.001953125;1.973876953125;2.01171875;1.9775390625;1.995849609375;2.032470703125;1.9921875;1.96533203125;1.98974609375;1.978759765625;1.9873046875;2.0166015625;1.9775390625;1.998291015625;2.008056640625;1.9677734375;1.990966796875;2.02392578125;1.976318359375;1.988525390625;1.9970703125;1.9775390625;1.9921875;2.01904296875;1.976318359375;1.981201171875;2.01171875;1.976318359375;1.976318359375;2.00927734375;2.001953125;1.951904296875;1.990966796875;1.98974609375;1.982421875;1.998291015625;2.020263671875;1.97021484375;1.986083984375;2.005615234375;1.986083984375;1.97265625;2.01171875;1.998291015625;1.971435546875;2.0068359375;1.998291015625;1.97265625;1.9873046875;1.993408203125;1.97021484375;1.98974609375;1.99462890625;1.98974609375;1.97021484375;1.990966796875;1.97509765625;1.990966796875;2.008056640625;2.0068359375;1.97509765625;1.98486328125;1.993408203125;1.983642578125;2.003173828125;2.01171875;1.9970703125;1.98486328125;2.005615234375;1.981201171875;1.998291015625;2.012939453125;1.990966796875;1.968994140625;1.978759765625;1.97998046875;1.99951171875;1.988525390625;1.9970703125;1.982421875;1.96533203125;1.976318359375;1.993408203125;2.0068359375;2.010498046875;2.0068359375;1.971435546875
2024-08-29 15:33:52.734732;2.003173828125;2.01416015625;2.001953125;2.00439453125;2.0068359375;1.982421875;1.981201171875;1.97509765625;1.993408203125;1.98486328125;1.9921875;1.986083984375;1.988525390625;1.9873046875;2.00927734375;2.0068359375;2.00439453125;1.97998046875;1.9677734375;1.98974609375;1.990966796875;1.97998046875;2.003173828125;1.986083984375;1.973876953125;2.003173828125;1.993408203125;1.983642578125;2.00927734375;1.97998046875;1.9775390625;2.00927734375;1.978759765625;1.986083984375;2.001953125;1.988525390625;1.978759765625;1.99951171875;1.9970703125;1.988525390625;2.001953125;1.9873046875;1.968994140625;1.990966796875;2.00927734375;1.97265625;1.978759765625;2.012939453125;1.993408203125;1.995849609375;2.008056640625;1.9873046875;1.976318359375;1.99951171875;2.003173828125;1.9873046875;2.015380859375;1.9970703125;1.978759765625;1.981201171875;2.001953125;1.986083984375;1.99951171875;2.010498046875;1.99462890625;1.99462890625;2.00927734375;1.973876953125;1.990966796875;2.001953125;2.001953125;1.9677734375;1.986083984375;1.99951171875;1.981201171875;2.00927734375;2.0068359375;1.988525390625;1.97998046875;2.008056640625;1.97509765625;1.990966796875;2.003173828125;1.988525390625;1.964111328125;1.98486328125;1.990966796875;1.995849609375;2.008056640625;2.0166015625;2.005615234375;2.022705078125;1.9873046875;1.9775390625;2.0068359375;1.9873046875;1.993408203125;1.993408203125;2.001953125;1.956787109375
2024-08-29 15:33:52.781107;1.97509765625;1.982421875;1.98974609375;2.001953125;2.001953125;1.988525390625;1.978759765625;1.9775390625;1.99951171875;2.005615234375;2.012939453125;1.97509765625;1.96044921875;1.978759765625;1.9970703125;1.981201171875;1.9921875;1.98486328125;1.97509765625;1.98486328125;2.003173828125;2.0068359375;2.008056640625;1.982421875;1.9873046875;1.988525390625;2.000732421875;1.99951171875;1.99951171875;1.9775390625;1.978759765625;1.993408203125;2.003173828125;2.000732421875;2.017822265625;1.97998046875;1.971435546875;2.00439453125;1.990966796875;1.98486328125;2.000732421875;2.005615234375;1.978759765625;1.983642578125;2.00439453125;1.976318359375;1.98974609375;1.995849609375;1.9775390625;1.962890625;2.003173828125;1.99951171875;1.990966796875;1.998291015625;2.0068359375;1.973876953125;1.9921875;2.01171875;1.98974609375;1.995849609375;2.01416015625;1.981201171875;1.983642578125;2.010498046875;1.97998046875;2.017822265625;2.005615234375;1.995849609375;1.983642578125;2.000732421875;1.97509765625;1.97265625;1.9970703125;1.99462890625;1.98486328125;1.99462890625;2.012939453125;1.97509765625;2.012939453125;2.003173828125;1.990966796875;1.988525390625;2.012939453125;1.968994140625;1.988525390625;2.00439453125;1.9921875;1.981201171875;2.008056640625;1.982421875;1.9873046875;2.02392578125;2.003173828125;2.000732421875;2.00927734375;2.000732421875;1.959228515625;1.9970703125;1.99951171875;1.981201171875
2024-08-29 15:33:52.812168;1.990966796875;2.01171875;1.993408203125;1.97509765625;1.981201171875;2.01171875;1.98974609375;2.005615234375;2.005615234375;1.97265625;1.97998046875;2.00439453125;1.995849609375;2.0166015625;1.99462890625;1.968994140625;1.983642578125;2.005615234375;1.99462890625;2.01171875;1.99462890625;1.982421875;1.97021484375;2.000732421875;2.008056640625;2.015380859375;1.978759765625;1.9775390625;1.97265625;1.998291015625;1.995849609375;2.00927734375;1.97509765625;1.9677734375;1.986083984375;2.005615234375;1.9970703125;2.010498046875;1.983642578125;1.97265625;1.97998046875;2.01416015625;2.001953125;2.001953125;2.005615234375;1.976318359375;1.986083984375;1.97998046875;2.01416015625;2.02392578125;2.022705078125;1.983642578125;1.98974609375;1.97265625;1.99951171875;2.000732421875;2.000732421875;2.00439453125;1.97509765625;1.97265625;1.990966796875;2.010498046875;2.015380859375;2.017822265625;1.962890625;1.97021484375;1.988525390625;1.99951171875;1.9921875;2.001953125;1.9970703125;1.983642578125;1.990966796875;1.990966796875;2.020263671875;2.02880859375;2.0068359375;1.96533203125;1.98486328125;1.968994140625;1.9921875;1.998291015625;2.0068359375;1.986083984375;1.981201171875;1.986083984375;1.990966796875;2.00927734375;2.020263671875;1.998291015625;1.961669921875;1.986083984375;1.993408203125;1.995849609375;1.988525390625;2.001953125;1.978759765625;1.98486328125;1.9873046875;1.99462890625
2024-08-29 15:33:52.843259;2.017822265625;2.021484375;2.00927734375;1.993408203125;2.01904296875;1.981201171875;1.97021484375;1.998291015625;1.990966796875;1.98974609375;1.99951171875;1.9921875;1.971435546875;2.005615234375;1.998291015625;2.000732421875;2.022705078125;1.9677734375;1.968994140625;2.001953125;1.978759765625;1.983642578125;1.99951171875;1.990966796875;1.97998046875;2.012939453125;1.9873046875;1.9921875;2.012939453125;1.973876953125;1.968994140625;2.000732421875;1.982421875;1.97021484375;1.986083984375;2.003173828125;1.998291015625;2.015380859375;1.981201171875;1.983642578125;1.99951171875;2.003173828125;1.968994140625;1.998291015625;1.99462890625;1.981201171875;1.978759765625;1.988525390625;2.000732421875;2.003173828125;2.00927734375;1.986083984375;1.97265625;1.978759765625;2.0068359375;1.98974609375;2.00439453125;1.990966796875;1.97509765625;1.97509765625;1.97998046875;2.010498046875;2.020263671875;2.0068359375;1.978759765625;1.990966796875;1.9921875;2.0068359375;2.005615234375;2.017822265625;1.988525390625;1.9970703125;1.995849609375;1.988525390625;2.005615234375;2.01904296875;1.993408203125;1.978759765625;1.9970703125;1.993408203125;2.000732421875;2.008056640625;1.99951171875;1.976318359375;2.001953125;2.000732421875;1.98486328125;2.001953125;2.0068359375;1.983642578125;1.97998046875;1.99951171875;1.98486328125;1.993408203125;2.00439453125;1.993408203125;1.976318359375;2.001953125;1.99462890625;1.981201171875
2024-08-29 15:33:52.875140;1.998291015625;2.010498046875;1.978759765625;1.995849609375;1.998291015625;1.97265625;1.9775390625;1.990966796875;2.000732421875;1.99462890625;2.005615234375;1.97509765625;1.98486328125;1.99951171875;2.0068359375;2.00439453125;1.988525390625;1.9775390625;1.9873046875;1.993408203125;1.9970703125;1.993408203125;1.988525390625;1.982421875;1.998291015625;1.98486328125;1.993408203125;1.99951171875;1.986083984375;1.97509765625;1.982421875;2.005615234375;1.998291015625;2.003173828125;1.9921875;1.97998046875;1.983642578125;2.005615234375;2.00927734375;2.00439453125;1.990966796875;1.97509765625;1.9873046875;2.000732421875;2.012939453125;1.986083984375;2.000732421875;1.981201171875;1.983642578125;1.986083984375;2.001953125;2.003173828125;2.003173828125;1.998291015625;1.976318359375;1.9775390625;2.00927734375;2.0068359375;1.981201171875;1.9970703125;1.9970703125;1.973876953125;1.99951171875;2.025146484375;1.995849609375;1.99951171875;1.998291015625;1.978759765625;1.97998046875;2.01171875;1.99462890625;1.97509765625;1.9970703125;1.982421875;1.983642578125;1.9921875;2.0166015625;1.98974609375;1.99462890625;1.98974609375;1.978759765625;1.986083984375;2.012939453125;1.983642578125;1.9677734375;1.9873046875;1.978759765625;1.97265625;1.99951171875;2.021484375;1.988525390625;2.003173828125;1.9970703125;1.976318359375;2.001953125;2.037353515625;1.990966796875;1.982421875;1.99951171875;1.973876953125
2024-08-29 15:33:52.890133;1.97998046875;1.9970703125;1.983642578125;1.98486328125;2.01416015625;1.99951171875;1.99462890625;2.001953125;1.98486328125;1.981201171875;2.005615234375;2.00927734375;1.982421875;1.9970703125;1.968994140625;1.9775390625;2.00927734375;2.0068359375;2.001953125;2.000732421875;1.982421875;1.9921875;2.012939453125;2.010498046875;1.98974609375;1.986083984375;1.971435546875;2.003173828125;2.0166015625;1.98486328125;1.983642578125;1.986083984375;1.971435546875;1.98974609375;1.993408203125;1.99462890625;1.986083984375;1.986083984375;1.968994140625;1.983642578125;2.012939453125;1.993408203125;1.9970703125;1.995849609375;1.982421875;1.9775390625;1.998291015625;1.98974609375;1.98486328125;1.97509765625;1.97998046875;1.986083984375;2.000732421875;2.022705078125;1.99462890625;1.9921875;1.986083984375;1.98974609375;1.98486328125;2.0068359375;1.98974609375;1.993408203125;2.000732421875;1.9921875;1.986083984375;2.01416015625;2.037353515625;1.99462890625;1.99951171875;1.9921875;1.98486328125;1.98974609375;2.010498046875;1.990966796875;1.9921875;1.9873046875;1.9873046875;1.990966796875;2.008056640625;2.01904296875;1.97021484375;1.976318359375;1.96533203125;1.97998046875;2.003173828125;2.032470703125;1.995849609375;1.978759765625;1.978759765625;1.976318359375;1.98974609375;2.012939453125;2.022705078125;1.976318359375;1.986083984375;1.981201171875;1.983642578125;2.001953125;2.01904296875;1.978759765625
2024-08-29 15:33:52.929603;1.97998046875;1.97509765625;2.0068359375;1.98974609375;1.97021484375;1.9921875;1.9775390625;2.01171875;1.99951171875;1.98486328125;1.971435546875;2.000732421875;1.99462890625;2.01171875;2.010498046875;1.973876953125;1.966552734375;1.983642578125;1.981201171875;2.012939453125;2.012939453125;1.98974609375;1.97509765625;1.98974609375;1.9873046875;2.012939453125;2.0068359375;1.976318359375;1.9775390625;1.990966796875;1.998291015625;2.01171875;2.01171875;1.98974609375;1.988525390625;1.998291015625;1.98974609375;1.998291015625;2.00927734375;1.98974609375;1.97998046875;1.995849609375;1.990966796875;2.003173828125;1.9970703125;1.990966796875;1.98486328125;1.976318359375;1.99462890625;2.000732421875;2.020263671875;2.00927734375;1.968994140625;1.9775390625;1.98974609375;1.988525390625;2.008056640625;2.01416015625;1.99462890625;1.995849609375;1.976318359375;1.988525390625;1.986083984375;2.008056640625;1.998291015625;1.983642578125;1.983642578125;1.9921875;1.988525390625;1.998291015625;2.01171875;1.988525390625;1.99951171875;1.983642578125;1.995849609375;2.01171875;2.017822265625;1.98974609375;1.981201171875;1.9775390625;1.982421875;1.98486328125;1.99462890625;2.005615234375;1.9873046875;2.003173828125;1.98974609375;1.986083984375;2.003173828125;2.025146484375;1.98486328125;1.981201171875;1.9970703125;1.97021484375;1.97265625;1.990966796875;2.001953125;1.973876953125;1.993408203125;1.9775390625
2024-08-29 15:33:52.936022;1.9775390625;1.998291015625;1.9677734375;1.98486328125;2.010498046875;2.012939453125;1.964111328125;1.982421875;1.97509765625;1.978759765625;1.9970703125;2.01416015625;1.981201171875;1.97998046875;1.9775390625;1.98486328125;2.021484375;2.021484375;1.97021484375;1.983642578125;1.982421875;1.98974609375;2.0068359375;2.010498046875;1.9775390625;1.981201171875;1.97998046875;1.99462890625;2.022705078125;1.99951171875;1.971435546875;1.97021484375;1.97509765625;1.986083984375;2.005615234375;2.00927734375;1.9873046875;1.976318359375;1.993408203125;1.98974609375;2.01171875;2.012939453125;1.988525390625;1.978759765625;1.995849609375;1.993408203125;2.003173828125;1.9970703125;1.9970703125;1.986083984375;1.983642578125;1.9970703125;1.98974609375;1.998291015625;2.000732421875;1.990966796875;1.978759765625;1.995849609375;1.978759765625;2.0068359375;2.000732421875;1.9970703125;1.97998046875;1.986083984375;1.9921875;1.9873046875;2.003173828125;2.00439453125;1.981201171875;1.97265625;2.000732421875;1.988525390625;2.017822265625;1.998291015625;1.993408203125;1.9775390625;1.982421875;1.97998046875;1.98974609375;2.003173828125;2.00439453125;1.981201171875;1.976318359375;1.998291015625;1.978759765625;2.001953125;1.99462890625;1.98974609375;1.982421875;2.0068359375;1.9921875;1.99951171875;2.005615234375;2.001953125;1.983642578125;1.990966796875;1.998291015625;1.9921875;2.01416015625;1.993408203125
2024-08-29 15:33:52.966940;1.98974609375;1.9775390625;1.993408203125;1.978759765625;1.98486328125;2.00927734375;1.9873046875;2.012939453125;1.99462890625;1.981201171875;1.982421875;2.005615234375;1.986083984375;2.00927734375;1.973876953125;1.9677734375;1.995849609375;1.99951171875;2.003173828125;2.01171875;1.988525390625;1.9970703125;2.00439453125;1.981201171875;1.990966796875;1.99951171875;1.9775390625;1.99462890625;1.9970703125;1.982421875;2.000732421875;2.001953125;1.98486328125;1.993408203125;1.988525390625;1.990966796875;2.000732421875;2.010498046875;1.9775390625;1.98486328125;1.99462890625;1.983642578125;1.97265625;1.9873046875;1.990966796875;1.98974609375;2.000732421875;2.00927734375;1.978759765625;1.97998046875;1.983642578125;1.998291015625;2.00439453125;2.012939453125;1.9873046875;1.97265625;1.986083984375;2.00439453125;2.000732421875;2.012939453125;2.0068359375;1.978759765625;1.99462890625;1.993408203125;1.990966796875;1.99951171875;2.008056640625;1.986083984375;1.9677734375;1.986083984375;2.005615234375;1.9775390625;1.98486328125;2.000732421875;1.97265625;1.988525390625;2.00927734375;1.99951171875;1.98974609375;2.00439453125;1.990966796875;1.973876953125;1.99951171875;2.0068359375;1.97998046875;1.9873046875;1.98486328125;1.971435546875;1.988525390625;2.005615234375;2.010498046875;2.008056640625;1.998291015625;1.97509765625;1.971435546875;1.998291015625;1.998291015625;1.97998046875;1.988525390625;1.99462890625
2024-08-29 15:33:53.013233;1.97021484375;1.986083984375;1.97998046875;1.993408203125;1.995849609375;2.0068359375;1.978759765625;1.97998046875;1.99462890625;1.998291015625;2.02392578125;2.020263671875;1.961669921875;1.97998046875;1.97998046875;1.995849609375;2.001953125;2.015380859375;1.968994140625;1.98486328125;1.981201171875;2.001953125;2.01171875;2.01171875;1.959228515625;1.97509765625;1.998291015625;1.995849609375;1.99462890625;2.010498046875;1.97509765625;2.00927734375;1.986083984375;1.982421875;2.012939453125;1.9970703125;1.96044921875;1.98974609375;1.99951171875;1.983642578125;2.0068359375;2.017822265625;1.9775390625;1.986083984375;2.012939453125;1.978759765625;1.9921875;2.02392578125;1.990966796875;1.95556640625;2.000732421875;1.986083984375;1.97998046875;2.003173828125;2.01416015625;1.9873046875;1.99951171875;1.983642578125;1.9580078125;1.983642578125;2.0068359375;2.003173828125;1.98486328125;2.0068359375;1.9775390625;1.990966796875;2.01171875;2.001953125;1.98486328125;2.00439453125;1.9970703125;1.961669921875;1.988525390625;2.012939453125;1.998291015625;1.9921875;2.012939453125;1.96533203125;1.97509765625;2.001953125;2.005615234375;1.998291015625;2.001953125;1.97021484375;1.9775390625;2.005615234375;1.988525390625;1.988525390625;1.993408203125;1.976318359375;1.97265625;2.010498046875;2.022705078125;1.98974609375;2.000732421875;2.005615234375;1.97021484375;1.97265625;2.003173828125;2.010498046875
2024-08-29 15:33:53.059441;1.978759765625;1.998291015625;1.986083984375;1.983642578125;2.00439453125;2.021484375;1.986083984375;2.001953125;1.9775390625;1.988525390625;1.998291015625;2.01416015625;1.97998046875;1.99462890625;1.964111328125;1.97998046875;1.998291015625;2.00927734375;1.971435546875;2.003173828125;1.981201171875;1.99462890625;2.005615234375;2.01171875;1.986083984375;2.0068359375;1.968994140625;2.000732421875;2.01171875;2.005615234375;1.981201171875;2.000732421875;1.978759765625;1.993408203125;1.9921875;2.003173828125;1.98486328125;1.9970703125;1.9775390625;2.000732421875;2.000732421875;2.0068359375;1.981201171875;1.986083984375;1.973876953125;1.99462890625;1.995849609375;1.9921875;1.988525390625;1.9921875;1.990966796875;1.978759765625;1.988525390625;1.9873046875;1.9970703125;1.99951171875;2.000732421875;1.983642578125;1.9775390625;1.981201171875;1.982421875;1.99951171875;2.00439453125;1.99951171875;1.98486328125;1.993408203125;1.9873046875;1.9970703125;1.99462890625;1.9970703125;1.988525390625;1.988525390625;2.003173828125;1.993408203125;1.995849609375;2.008056640625;1.99951171875;1.9873046875;1.98486328125;1.986083984375;2.003173828125;2.001953125;1.998291015625;1.988525390625;1.97509765625;1.98486328125;1.993408203125;2.00439453125;2.005615234375;1.993408203125;1.983642578125;1.9873046875;1.9921875;2.003173828125;1.99462890625;1.99462890625;1.983642578125;1.98486328125;1.9970703125;1.9873046875
2024-08-29 15:33:53.074995;1.995849609375;2.003173828125;1.982421875;1.9970703125;2.00439453125;1.98974609375;1.973876953125;1.982421875;2.00439453125;2.005615234375;2.01416015625;2.010498046875;1.986083984375;2.001953125;1.995849609375;1.9970703125;2.008056640625;1.99462890625;1.97509765625;1.988525390625;2.008056640625;1.9970703125;2.003173828125;1.990966796875;1.97998046875;2.003173828125;2.000732421875;1.988525390625;1.998291015625;1.982421875;1.962890625;1.98486328125;2.001953125;1.97509765625;2.001953125;1.9921875;1.97265625;1.988525390625;1.99951171875;1.983642578125;1.9970703125;2.00439453125;1.97509765625;1.981201171875;2.001953125;1.990966796875;1.9775390625;2.005615234375;1.990966796875;1.981201171875;1.988525390625;2.00439453125;1.9775390625;1.986083984375;2.003173828125;1.98974609375;2.001953125;2.00927734375;1.9677734375;1.95556640625;1.982421875;1.9921875;1.99462890625;1.990966796875;2.00439453125;1.968994140625;1.993408203125;1.99951171875;1.9775390625;1.9970703125;2.0166015625;1.976318359375;1.9775390625;2.008056640625;1.976318359375;1.981201171875;1.9970703125;2.003173828125;1.978759765625;1.99951171875;1.998291015625;1.971435546875;2.003173828125;2.01416015625;1.9677734375;1.982421875;2.01171875;1.97509765625;1.9775390625;2.0068359375;1.99951171875;1.98486328125;2.0068359375;1.981201171875;1.964111328125;1.9873046875;2.022705078125;1.990966796875;1.9970703125;1.993408203125
2024-08-29 15:33:53.122225;1.986083984375;1.9921875;1.9970703125;1.973876953125;1.998291015625;2.017822265625;2.008056640625;2.003173828125;2.008056640625;1.971435546875;1.99951171875;2.01904296875;2.00439453125;1.995849609375;2.003173828125;1.9677734375;2.005615234375;2.010498046875;1.993408203125;1.99462890625;1.988525390625;1.956787109375;2.005615234375;2.008056640625;1.981201171875;1.982421875;1.981201171875;1.9677734375;2.012939453125;2.000732421875;1.98486328125;2.00439453125;1.981201171875;1.976318359375;2.017822265625;2.0166015625;1.99951171875;1.99951171875;1.97998046875;1.961669921875;2.008056640625;2.015380859375;1.982421875;1.978759765625;1.978759765625;1.976318359375;1.988525390625;2.021484375;1.993408203125;1.98974609375;1.97998046875;1.99462890625;1.986083984375;2.02392578125;2.008056640625;1.993408203125;1.98486328125;1.982421875;1.97509765625;1.988525390625;2.0068359375;1.990966796875;1.990966796875;1.9873046875;1.988525390625;1.98486328125;2.03857421875;2.02880859375;1.993408203125;1.98486328125;1.99462890625;1.971435546875;1.99462890625;2.022705078125;1.993408203125;1.97998046875;1.9873046875;1.988525390625;1.988525390625;2.030029296875;2.008056640625;1.982421875;1.97998046875;1.990966796875;1.971435546875;2.008056640625;2.02880859375;1.981201171875;1.978759765625;1.990966796875;1.976318359375;1.9873046875;2.030029296875;2.010498046875;1.995849609375;1.998291015625;1.9921875;1.962890625;2.010498046875;2.00927734375
2024-08-29 15:33:53.137767;1.986083984375;1.995849609375;1.99462890625;2.001953125;2.000732421875;1.98486328125;1.981201171875;2.010498046875;1.993408203125;1.990966796875;2.003173828125;1.9873046875;1.97998046875;1.99951171875;1.99462890625;1.983642578125;1.98974609375;1.973876953125;1.9677734375;2.003173828125;2.000732421875;1.998291015625;2.0068359375;1.986083984375;1.973876953125;1.986083984375;2.00927734375;1.99462890625;2.005615234375;1.99462890625;1.99462890625;2.001953125;1.9873046875;1.99462890625;2.000732421875;1.9873046875;1.9873046875;2.0068359375;1.995849609375;1.993408203125;1.993408203125;1.983642578125;1.9775390625;1.986083984375;1.98486328125;1.995849609375;1.988525390625;1.98486328125;1.9873046875;1.988525390625;1.98974609375;2.003173828125;1.976318359375;1.98974609375;1.9775390625;1.982421875;1.98974609375;1.993408203125;1.9921875;1.982421875;1.982421875;2.00439453125;1.998291015625;2.00439453125;2.012939453125;1.98974609375;1.9921875;1.98974609375;1.998291015625;1.9970703125;1.9970703125;1.99462890625;1.9970703125;1.973876953125;1.995849609375;1.99951171875;2.001953125;1.998291015625;1.983642578125;1.9921875;1.981201171875;1.983642578125;1.98974609375;1.99462890625;1.986083984375;1.998291015625;1.973876953125;1.99951171875;1.99951171875;1.99462890625;1.998291015625;1.993408203125;1.98974609375;1.98974609375;1.993408203125;1.9970703125;2.005615234375;2.001953125;2.005615234375;1.988525390625
2024-08-29 15:33:53.168971;1.9970703125;1.993408203125;1.998291015625;1.981201171875;1.99951171875;2.0068359375;1.9970703125;1.9921875;1.9921875;1.978759765625;1.990966796875;1.990966796875;1.99462890625;1.998291015625;1.98974609375;1.97998046875;1.9970703125;2.00927734375;1.995849609375;2.003173828125;1.986083984375;1.98974609375;2.005615234375;2.00439453125;1.993408203125;2.022705078125;1.971435546875;1.988525390625;2.003173828125;1.99462890625;1.986083984375;2.00439453125;1.97021484375;1.98486328125;1.986083984375;1.982421875;1.978759765625;1.9873046875;1.97021484375;1.976318359375;1.9873046875;1.990966796875;1.9970703125;1.993408203125;1.99951171875;1.9970703125;1.9970703125;1.988525390625;1.995849609375;2.0068359375;2.00439453125;1.990966796875;1.9921875;1.9873046875;1.9921875;2.00439453125;2.005615234375;1.998291015625;1.99462890625;1.99951171875;2.000732421875;1.983642578125;1.99951171875;2.003173828125;1.995849609375;1.97509765625;1.9873046875;1.99951171875;1.973876953125;1.9775390625;2.003173828125;1.988525390625;1.993408203125;2.00439453125;2.01171875;1.981201171875;2.00927734375;2.005615234375;1.97509765625;1.993408203125;2.000732421875;1.9921875;2.003173828125;1.998291015625;1.9775390625;1.993408203125;1.99462890625;1.9873046875;2.001953125;1.9970703125;1.9921875;1.986083984375;1.983642578125;1.988525390625;1.9921875;1.993408203125;1.982421875;1.97998046875;1.9775390625;1.982421875
2024-08-29 15:33:53.184671;1.99951171875;2.003173828125;1.99951171875;1.99462890625;2.000732421875;1.99462890625;1.993408203125;1.9970703125;1.99462890625;2.003173828125;1.9970703125;1.988525390625;1.9775390625;2.012939453125;2.00439453125;1.99462890625;2.00439453125;1.986083984375;1.97509765625;1.99951171875;1.993408203125;1.993408203125;1.99951171875;1.97998046875;1.983642578125;2.008056640625;1.9921875;1.990966796875;1.99462890625;1.986083984375;1.97998046875;1.99462890625;1.98974609375;1.986083984375;1.9970703125;1.98486328125;1.97265625;1.9970703125;1.990966796875;1.998291015625;1.9970703125;1.9970703125;1.961669921875;1.962890625;1.99462890625;2.00439453125;1.981201171875;2.00439453125;1.97998046875;1.9677734375;1.995849609375;1.993408203125;1.9970703125;1.998291015625;1.995849609375;1.968994140625;1.98486328125;2.008056640625;2.00927734375;1.978759765625;2.00927734375;1.98486328125;1.971435546875;2.005615234375;2.012939453125;1.982421875;1.986083984375;2.008056640625;1.973876953125;1.988525390625;2.0068359375;1.993408203125;1.96044921875;1.990966796875;1.98486328125;1.981201171875;1.9970703125;2.008056640625;1.988525390625;2.00439453125;2.008056640625;1.978759765625;1.998291015625;2.017822265625;1.998291015625;1.973876953125;2.012939453125;1.981201171875;1.9873046875;2.00439453125;2.0068359375;1.966552734375;1.98974609375;1.99951171875;1.97265625;2.000732421875;2.015380859375;1.968994140625;1.964111328125;2.00439453125
2024-08-29 15:33:53.231750;1.968994140625;1.98486328125;2.003173828125;1.97509765625;1.981201171875;2.010498046875;1.99951171875;1.966552734375;2.015380859375;1.9775390625;1.98974609375;2.022705078125;1.986083984375;1.966552734375;2.012939453125;1.97998046875;1.998291015625;2.0068359375;1.9921875;1.976318359375;2.008056640625;1.9873046875;1.99462890625;2.010498046875;1.9775390625;1.964111328125;1.9921875;1.9921875;1.99462890625;2.00439453125;1.97265625;1.982421875;2.00439453125;1.986083984375;2.01416015625;2.017822265625;1.96533203125;1.968994140625;2.003173828125;1.98486328125;1.9921875;2.00439453125;2.003173828125;1.97021484375;2.001953125;2.001953125;1.9873046875;2.003173828125;2.017822265625;1.971435546875;1.97265625;1.9970703125;1.9775390625;1.993408203125;2.0068359375;1.9873046875;1.964111328125;2.008056640625;2.000732421875;1.986083984375;2.022705078125;2.00439453125;1.956787109375;1.978759765625;2.012939453125;1.97998046875;2.000732421875;2.012939453125;1.990966796875;1.9677734375;2.010498046875;1.981201171875;1.978759765625;2.017822265625;2.01904296875;1.9677734375;1.981201171875;1.9921875;1.961669921875;1.990966796875;2.00439453125;1.998291015625;1.973876953125;2.00439453125;1.9775390625;1.98486328125;2.020263671875;2.0166015625;1.973876953125;1.993408203125;1.99462890625;1.978759765625;2.015380859375;2.020263671875;1.9921875;1.990966796875;2.01416015625;1.97021484375;1.988525390625;2.015380859375
2024-08-29 15:33:53.247880;2.003173828125;1.97265625;2.00927734375;2.00439453125;1.962890625;2.003173828125;1.976318359375;1.971435546875;1.998291015625;2.01171875;1.993408203125;2.0068359375;1.97998046875;1.986083984375;2.008056640625;2.010498046875;1.99462890625;1.9970703125;1.973876953125;2.000732421875;2.0068359375;2.005615234375;1.99951171875;2.0068359375;1.956787109375;1.995849609375;2.01904296875;1.966552734375;1.97265625;1.995849609375;1.97021484375;1.982421875;2.0068359375;1.983642578125;2.008056640625;2.010498046875;1.97021484375;1.986083984375;2.01416015625;2.00927734375;1.99462890625;2.00927734375;1.97509765625;1.9921875;2.005615234375;2.003173828125;1.990966796875;2.00927734375;2.000732421875;1.968994140625;1.993408203125;2.0166015625;1.978759765625;1.968994140625;2.000732421875;1.97998046875;1.98486328125;1.998291015625;2.008056640625;1.9775390625;2.010498046875;1.99462890625;1.966552734375;1.9921875;2.017822265625;2.0068359375;2.0068359375;2.000732421875;1.978759765625;1.99951171875;1.99951171875;1.9970703125;1.99951171875;2.008056640625;1.98486328125;1.966552734375;1.988525390625;2.000732421875;1.983642578125;1.982421875;2.00439453125;1.964111328125;1.976318359375;1.995849609375;2.003173828125;1.9873046875;2.01416015625;1.988525390625;1.961669921875;1.986083984375;2.01171875;1.99462890625;2.00439453125;2.01171875;1.978759765625;1.995849609375;1.998291015625;1.995849609375;1.998291015625;2.010498046875
2024-08-29 15:33:53.263786;1.993408203125;1.97509765625;2.005615234375;1.98974609375;2.005615234375;1.98974609375;1.9775390625;1.990966796875;2.01171875;2.000732421875;1.995849609375;1.97998046875;1.97509765625;1.9921875;1.995849609375;1.995849609375;2.008056640625;1.98486328125;1.986083984375;1.998291015625;2.01171875;1.976318359375;1.988525390625;1.976318359375;1.986083984375;1.998291015625;2.005615234375;1.981201171875;2.00439453125;1.990966796875;1.976318359375;1.99462890625;2.00439453125;1.986083984375;1.976318359375;1.97998046875;1.993408203125;1.98974609375;2.00439453125;2.00927734375;1.9921875;2.015380859375;1.995849609375;1.982421875;1.99951171875;2.021484375;2.00927734375;1.971435546875;1.982421875;1.97998046875;1.986083984375;1.99951171875;2.005615234375;1.99951171875;1.988525390625;2.005615234375;1.97265625;1.981201171875;1.9921875;1.995849609375;1.98974609375;1.988525390625;1.982421875;1.995849609375;1.99462890625;2.003173828125;1.998291015625;1.982421875;2.010498046875;1.988525390625;1.981201171875;1.986083984375;1.9970703125;1.998291015625;1.981201171875;1.990966796875;1.97998046875;1.98974609375;1.99462890625;2.003173828125;1.9970703125;1.98486328125;2.005615234375;1.97998046875;1.981201171875;1.993408203125;2.0068359375;2.000732421875;2.0068359375;2.001953125;1.981201171875;1.993408203125;1.99462890625;1.99951171875;1.98974609375;2.003173828125;1.995849609375;1.98486328125;1.99462890625;1.9873046875
2024-08-29 15:33:53.310597;1.990966796875;1.995849609375;1.9873046875;1.97509765625;2.000732421875;1.995849609375;1.998291015625;2.000732421875;2.01171875;1.990966796875;1.9775390625;1.99462890625;1.990966796875;1.99951171875;2.01171875;1.964111328125;1.97998046875;1.9921875;1.9970703125;2.005615234375;2.0166015625;1.9873046875;1.964111328125;1.97265625;1.98974609375;1.9970703125;1.9970703125;1.995849609375;2.001953125;2.01171875;1.995849609375;1.978759765625;1.98974609375;1.97509765625;1.993408203125;2.008056640625;1.99951171875;1.986083984375;1.986083984375;1.993408203125;2.000732421875;1.9775390625;1.976318359375;1.986083984375;1.99462890625;2.00439453125;2.017822265625;2.010498046875;1.97509765625;1.961669921875;1.973876953125;1.998291015625;2.00927734375;2.008056640625;1.99951171875;2.001953125;2.001953125;2.003173828125;1.983642578125;1.978759765625;1.981201171875;1.97509765625;1.99462890625;1.98974609375;1.9921875;1.99462890625;1.99951171875;2.00927734375;2.00927734375;1.97998046875;1.947021484375;1.949462890625;1.95556640625;2.00439453125;2.03125;2.020263671875;1.988525390625;1.954345703125;1.942138671875;1.981201171875;2.012939453125;2.0166015625;2.012939453125;2.01171875;1.9873046875;1.9873046875;1.993408203125;1.97998046875;1.981201171875;1.986083984375;2.008056640625;2.00927734375;1.995849609375;1.9970703125;1.995849609375;2.000732421875;2.00927734375;1.998291015625;1.95556640625;1.968994140625
2024-08-29 15:33:53.325505;1.966552734375;1.990966796875;1.99462890625;2.001953125;1.982421875;2.00439453125;2.000732421875;1.978759765625;1.97998046875;2.0068359375;1.97998046875;1.968994140625;2.000732421875;2.037353515625;2.025146484375;2.0166015625;1.9970703125;1.97998046875;1.99462890625;1.983642578125;1.951904296875;1.95068359375;1.96044921875;2.01171875;2.0263671875;1.998291015625;1.9921875;1.98486328125;1.983642578125;2.0068359375;1.978759765625;1.976318359375;2.01171875;2.008056640625;1.98974609375;2.000732421875;1.982421875;1.966552734375;1.9677734375;1.978759765625;2.02880859375;2.03369140625;2.020263671875;2.010498046875;1.99462890625;1.986083984375;2.001953125;1.988525390625;1.959228515625;1.96044921875;1.986083984375;2.01171875;2.01416015625;2.00927734375;1.9970703125;1.988525390625;1.98486328125;2.001953125;1.995849609375;1.95556640625;1.951904296875;1.993408203125;2.020263671875;2.01904296875;2.01171875;1.982421875;1.961669921875;1.959228515625;1.9580078125;1.990966796875;2.0263671875;2.02392578125;2.0166015625;2.012939453125;1.99951171875;1.995849609375;2.001953125;1.9775390625;1.96044921875;1.96533203125;1.97998046875;2.00439453125;2.015380859375;2.008056640625;1.995849609375;1.986083984375;1.981201171875;2.001953125;2.003173828125;1.971435546875;1.971435546875;2.008056640625;2.01416015625;2.008056640625;2.010498046875;1.99462890625;1.961669921875;1.9482421875;1.976318359375;2.00927734375
2024-08-29 15:33:53.356323;2.003173828125;1.995849609375;1.983642578125;2.003173828125;2.0068359375;1.983642578125;1.976318359375;1.99951171875;2.003173828125;1.990966796875;1.988525390625;1.99462890625;1.986083984375;1.99462890625;1.990966796875;1.966552734375;1.968994140625;1.973876953125;1.990966796875;2.010498046875;2.01171875;1.993408203125;1.978759765625;1.97509765625;1.993408203125;2.012939453125;1.9921875;1.98486328125;2.000732421875;1.998291015625;1.995849609375;1.99951171875;1.983642578125;1.9580078125;1.964111328125;2.000732421875;2.01171875;2.008056640625;2.003173828125;2.0068359375;2.001953125;1.998291015625;1.99951171875;1.971435546875;1.962890625;1.961669921875;1.968994140625;1.97998046875;2.003173828125;2.01416015625;2.00927734375;1.993408203125;1.9775390625;1.983642578125;1.99951171875;2.01171875;2.001953125;1.990966796875;1.9970703125;2.0068359375;2.003173828125;2.003173828125;2.0068359375;2.0068359375;1.9921875;1.983642578125;1.99462890625;2.005615234375;1.9970703125;1.973876953125;1.971435546875;1.98974609375;2.000732421875;1.9970703125;1.97998046875;1.98486328125;1.983642578125;1.986083984375;1.990966796875;2.012939453125;2.012939453125;2.0068359375;1.9921875;1.97265625;1.9677734375;1.98486328125;2.00439453125;1.9970703125;1.9775390625;1.986083984375;2.00927734375;2.00439453125;1.993408203125;2.003173828125;2.003173828125;1.993408203125;1.98974609375;1.998291015625;1.99951171875;1.97998046875
2024-08-29 15:33:53.387264;1.96533203125;1.97265625;1.96533203125;1.97509765625;1.97998046875;1.998291015625;2.0068359375;1.9873046875;1.97509765625;1.978759765625;1.993408203125;2.012939453125;2.020263671875;2.008056640625;2.010498046875;2.003173828125;1.993408203125;1.988525390625;2.003173828125;1.998291015625;1.9873046875;1.99951171875;2.00439453125;1.98486328125;1.973876953125;1.983642578125;2.005615234375;2.005615234375;2.003173828125;1.995849609375;1.959228515625;1.96044921875;1.97265625;1.978759765625;1.99951171875;2.010498046875;2.015380859375;1.998291015625;1.976318359375;1.97998046875;1.988525390625;2.00439453125;1.995849609375;1.99462890625;2.00439453125;2.01171875;2.01171875;1.99951171875;1.982421875;1.993408203125;1.998291015625;1.998291015625;2.00439453125;2.008056640625;1.9873046875;1.9580078125;1.949462890625;1.97021484375;1.99951171875;1.998291015625;1.998291015625;2.010498046875;1.990966796875;1.99462890625;1.990966796875;1.99951171875;2.00439453125;1.9921875;1.995849609375;1.99951171875;2.003173828125;2.010498046875;2.00439453125;2.0068359375;1.9873046875;1.97509765625;1.98974609375;1.993408203125;1.998291015625;2.00439453125;1.9970703125;1.988525390625;1.993408203125;1.986083984375;1.9921875;1.998291015625;1.995849609375;1.976318359375;1.97509765625;1.982421875;2.001953125;1.993408203125;1.982421875;1.97998046875;1.99951171875;1.99462890625;1.98974609375;1.986083984375;1.99462890625;1.9970703125
2024-08-29 15:33:53.418296;1.990966796875;1.9970703125;2.015380859375;2.017822265625;1.971435546875;1.962890625;1.97021484375;2.003173828125;2.01171875;1.97021484375;1.978759765625;2.021484375;1.982421875;1.973876953125;1.981201171875;2.02392578125;2.01171875;1.9970703125;2.027587890625;2.0068359375;1.964111328125;1.962890625;1.971435546875;2.01416015625;2.00439453125;2.00439453125;2.021484375;1.981201171875;1.97021484375;1.971435546875;1.97998046875;2.0166015625;1.99951171875;1.9970703125;2.01171875;1.990966796875;1.96044921875;1.956787109375;1.98974609375;2.0263671875;2.008056640625;1.9873046875;2.01171875;2.00927734375;1.961669921875;1.953125;1.964111328125;2.005615234375;2.017822265625;2.005615234375;2.00927734375;2.025146484375;1.988525390625;1.9677734375;1.97509765625;1.978759765625;2.003173828125;2.01171875;2.008056640625;2.02392578125;2.003173828125;1.962890625;1.962890625;1.966552734375;1.990966796875;2.020263671875;2.001953125;1.99462890625;2.015380859375;2.017822265625;1.982421875;1.959228515625;1.976318359375;2.0166015625;2.02880859375;2.008056640625;2.020263671875;2.008056640625;1.961669921875;1.959228515625;1.971435546875;1.973876953125;2.00927734375;2.017822265625;2.01416015625;2.021484375;1.995849609375;1.953125;1.9580078125;1.964111328125;1.976318359375;2.01171875;2.012939453125;2.01416015625;2.02392578125;1.9873046875;1.956787109375;1.9580078125;1.968994140625;2.00439453125
2024-08-29 15:33:53.449300;2.01904296875;2.015380859375;1.97265625;1.976318359375;2.021484375;2.008056640625;1.971435546875;1.961669921875;2.001953125;1.993408203125;1.981201171875;1.993408203125;2.0166015625;2.012939453125;1.971435546875;1.9677734375;2.000732421875;2.021484375;1.98974609375;1.98974609375;2.0068359375;2.01171875;1.97265625;1.97509765625;1.993408203125;2.02392578125;1.98974609375;1.995849609375;2.001953125;2.0166015625;1.9775390625;1.962890625;1.9775390625;2.0166015625;1.97998046875;1.993408203125;1.995849609375;2.00927734375;2.003173828125;1.9677734375;1.962890625;1.99951171875;2.01171875;1.993408203125;2.00927734375;1.998291015625;2.0166015625;1.990966796875;1.96533203125;1.96533203125;1.98974609375;2.015380859375;1.976318359375;1.993408203125;1.995849609375;2.015380859375;2.0166015625;1.98486328125;1.978759765625;2.012939453125;2.008056640625;1.976318359375;2.000732421875;1.988525390625;2.001953125;1.998291015625;1.976318359375;1.968994140625;1.9970703125;2.00439453125;1.97021484375;1.99462890625;1.990966796875;2.005615234375;2.00439453125;1.96533203125;1.959228515625;1.9970703125;2.010498046875;1.983642578125;1.988525390625;1.9873046875;2.015380859375;1.988525390625;1.968994140625;1.966552734375;1.986083984375;2.02392578125;1.981201171875;1.9775390625;1.982421875;2.010498046875;2.01171875;1.9775390625;1.964111328125;1.9921875;2.015380859375;1.982421875;1.993408203125;1.988525390625
2024-08-29 15:33:53.464896;1.990966796875;1.99951171875;1.978759765625;1.981201171875;2.0166015625;2.010498046875;1.97509765625;1.978759765625;1.971435546875;2.01904296875;2.00927734375;1.983642578125;2.008056640625;2.00927734375;1.966552734375;1.9873046875;1.971435546875;2.005615234375;2.01416015625;1.98974609375;1.98486328125;1.998291015625;1.998291015625;1.976318359375;1.973876953125;1.966552734375;2.012939453125;2.022705078125;2.00439453125;2.012939453125;1.993408203125;1.97509765625;1.998291015625;1.990966796875;1.97509765625;2.022705078125;2.0166015625;1.990966796875;1.99462890625;2.000732421875;1.983642578125;1.962890625;1.961669921875;1.97021484375;2.0068359375;2.022705078125;2.01171875;2.0068359375;2.0068359375;1.97265625;1.9580078125;1.962890625;1.968994140625;1.981201171875;2.015380859375;2.0166015625;2.0068359375;2.003173828125;1.99951171875;1.990966796875;1.982421875;1.973876953125;1.976318359375;2.005615234375;2.0263671875;2.0166015625;2.00439453125;2.001953125;1.97998046875;1.96533203125;1.97021484375;1.9775390625;1.98486328125;2.012939453125;2.022705078125;2.0068359375;1.993408203125;1.9921875;1.995849609375;1.98974609375;1.976318359375;1.971435546875;1.9970703125;2.022705078125;2.027587890625;2.012939453125;2.008056640625;1.98486328125;1.961669921875;1.96044921875;1.9677734375;1.971435546875;1.99951171875;2.0263671875;2.01171875;1.99951171875;2.000732421875;2.003173828125;1.9921875;1.978759765625
2024-08-29 15:33:53.496099;1.97021484375;1.998291015625;1.97998046875;1.9970703125;2.00927734375;2.0166015625;2.00927734375;1.976318359375;1.9677734375;1.9775390625;1.98486328125;1.990966796875;2.003173828125;2.012939453125;2.015380859375;2.000732421875;1.9775390625;1.968994140625;1.9775390625;1.995849609375;1.978759765625;1.983642578125;1.9970703125;2.015380859375;2.01904296875;1.995849609375;1.978759765625;1.97509765625;1.9873046875;1.98486328125;1.9970703125;2.00927734375;2.00439453125;1.998291015625;1.9921875;1.97998046875;1.9677734375;1.964111328125;1.986083984375;1.9873046875;1.983642578125;1.99951171875;2.008056640625;2.012939453125;2.001953125;1.976318359375;1.97021484375;1.973876953125;1.982421875;1.978759765625;1.99951171875;2.0166015625;2.00927734375;2.00439453125;2.010498046875;1.9873046875;1.97265625;1.9677734375;1.966552734375;1.9775390625;1.995849609375;2.021484375;2.02392578125;2.010498046875;2.005615234375;1.990966796875;1.97265625;1.966552734375;1.978759765625;1.986083984375;1.99462890625;2.00927734375;2.015380859375;2.015380859375;2.0068359375;1.97998046875;1.97021484375;1.968994140625;1.961669921875;1.98974609375;1.99951171875;2.020263671875;2.022705078125;2.017822265625;2.010498046875;1.998291015625;1.978759765625;1.978759765625;1.990966796875;2.01171875;2.008056640625;2.005615234375;2.0068359375;2.00439453125;1.9970703125;1.98974609375;1.97265625;1.968994140625;1.966552734375;1.986083984375
2024-08-29 15:33:53.542190;2.000732421875;2.010498046875;1.978759765625;2.003173828125;2.0068359375;2.012939453125;1.99462890625;1.97998046875;1.976318359375;1.986083984375;1.9970703125;1.9873046875;1.993408203125;2.001953125;2.003173828125;2.003173828125;2.00927734375;2.01171875;2.00439453125;1.99462890625;1.995849609375;1.98974609375;1.98974609375;1.990966796875;1.983642578125;1.9970703125;1.99951171875;1.981201171875;1.97021484375;1.971435546875;1.982421875;1.993408203125;2.001953125;1.98974609375;1.962890625;1.96044921875;1.998291015625;2.01904296875;2.017822265625;2.008056640625;1.998291015625;1.998291015625;1.98486328125;1.97509765625;1.9677734375;1.97021484375;1.998291015625;2.001953125;1.986083984375;1.973876953125;1.9775390625;1.995849609375;2.010498046875;2.010498046875;1.986083984375;1.97021484375;1.964111328125;1.98486328125;2.025146484375;2.03125;2.022705078125;2.0166015625;2.012939453125;2.00439453125;1.976318359375;1.954345703125;1.951904296875;1.96044921875;2.0068359375;2.012939453125;1.986083984375;1.97265625;1.97509765625;1.99462890625;2.0166015625;2.010498046875;1.98486328125;1.978759765625;1.9775390625;1.978759765625;2.01171875;2.03369140625;2.017822265625;1.98974609375;1.99462890625;2.01171875;1.990966796875;1.961669921875;1.96533203125;1.9677734375;1.9970703125;2.008056640625;1.98974609375;1.982421875;1.981201171875;1.9873046875;1.995849609375;2.017822265625;2.00927734375;1.995849609375
2024-08-29 15:33:53.619633;1.982421875;1.995849609375;2.003173828125;2.0166015625;2.017822265625;2.012939453125;1.986083984375;1.954345703125;1.97021484375;2.010498046875;1.995849609375;1.971435546875;1.976318359375;2.015380859375;2.0068359375;1.990966796875;2.02392578125;2.034912109375;2.01904296875;2.008056640625;1.990966796875;1.97021484375;1.953125;1.98974609375;1.964111328125;1.97998046875;1.986083984375;1.98974609375;1.98974609375;2.0068359375;2.00927734375;1.988525390625;1.97998046875;1.986083984375;1.9677734375;1.961669921875;1.9873046875;2.001953125;1.993408203125;1.988525390625;1.990966796875;2.003173828125;2.0068359375;2.001953125;2.000732421875;2.01171875;1.982421875;1.986083984375;2.003173828125;1.96533203125;1.97265625;2.01171875;2.001953125;1.995849609375;2.027587890625;2.01171875;1.98974609375;1.99951171875;1.99462890625;2.00439453125;2.003173828125;1.9921875;1.9970703125;1.9580078125;1.956787109375;1.97021484375;1.99462890625;1.9970703125;1.97998046875;1.988525390625;1.986083984375;1.988525390625;2.003173828125;1.995849609375;1.990966796875;2.020263671875;1.995849609375;2.000732421875;1.96044921875;1.99462890625;2.0166015625;2.003173828125;1.993408203125;1.99462890625;2.015380859375;1.98974609375;1.9775390625;1.99462890625;1.993408203125;1.98486328125;1.981201171875;1.99462890625;1.9970703125;1.966552734375;1.97998046875;1.968994140625;1.976318359375;1.978759765625;1.956787109375;1.961669921875
2024-08-29 15:33:53.680365;1.983642578125;1.983642578125;2.003173828125;1.986083984375;1.949462890625;1.96044921875;1.988525390625;2.0068359375;2.001953125;1.9921875;1.993408203125;2.005615234375;1.966552734375;1.971435546875;1.976318359375;1.9970703125;2.000732421875;1.9873046875;2.0263671875;2.032470703125;2.02392578125;1.97998046875;2.003173828125;1.998291015625;1.981201171875;1.990966796875;1.998291015625;2.001953125;1.99462890625;1.978759765625;1.981201171875;1.990966796875;1.982421875;2.03125;2.037353515625;1.988525390625;2.010498046875;1.9677734375;1.94580078125;1.961669921875;1.968994140625;1.981201171875;1.998291015625;2.005615234375;2.00439453125;1.99951171875;1.9873046875;1.971435546875;1.97509765625;1.976318359375;1.9873046875;1.97021484375;2.032470703125;2.021484375;2.0263671875;2.02392578125;1.983642578125;1.998291015625;1.9921875;1.9921875;1.98486328125;1.983642578125;1.993408203125;2.001953125;2.001953125;1.98486328125;1.9775390625;1.986083984375;1.995849609375;1.990966796875;1.986083984375;1.9970703125;2.0068359375;2.005615234375;1.9873046875;1.988525390625;1.995849609375;1.988525390625;1.98486328125;1.982421875;1.98974609375;1.981201171875;1.97021484375;1.97509765625;1.993408203125;1.998291015625;1.9775390625;1.98486328125;1.9775390625;1.986083984375;1.983642578125;2.02392578125;2.01171875;2.032470703125;2.012939453125;2.010498046875;1.9775390625;1.983642578125;2.00439453125;2.0166015625
2024-08-29 15:33:53.726697;1.995849609375;1.982421875;2.0068359375;1.99951171875;1.986083984375;1.976318359375;1.993408203125;1.986083984375;1.96533203125;1.968994140625;1.962890625;1.982421875;1.9970703125;2.015380859375;1.988525390625;1.96533203125;1.9873046875;2.00927734375;1.998291015625;2.027587890625;2.003173828125;2.008056640625;2.02880859375;1.97509765625;1.97998046875;1.962890625;1.97265625;1.9873046875;1.983642578125;1.993408203125;2.0166015625;1.9970703125;2.003173828125;1.99951171875;1.97265625;1.982421875;1.990966796875;1.99462890625;2.0068359375;2.00439453125;1.982421875;1.978759765625;2.005615234375;2.010498046875;1.986083984375;1.988525390625;1.995849609375;1.981201171875;1.983642578125;2.001953125;2.0068359375;2.015380859375;1.99951171875;1.993408203125;1.983642578125;1.97509765625;1.983642578125;1.961669921875;2.001953125;1.983642578125;2.01171875;2.025146484375;2.025146484375;2.022705078125;1.9775390625;1.976318359375;1.961669921875;1.962890625;1.990966796875;1.98974609375;1.97509765625;1.99951171875;2.042236328125;2.039794921875;1.97998046875;1.986083984375;1.97509765625;1.978759765625;1.988525390625;1.953125;1.96533203125;2.017822265625;1.99462890625;2.015380859375;1.97509765625;1.9873046875;1.986083984375;1.981201171875;1.988525390625;1.988525390625;1.990966796875;1.986083984375;2.005615234375;2.00927734375;2.03125;2.001953125;2.00439453125;1.988525390625;1.971435546875;1.986083984375
2024-08-29 15:33:53.741990;1.993408203125;2.003173828125;2.0068359375;1.982421875;1.973876953125;1.981201171875;1.973876953125;1.982421875;1.976318359375;1.97998046875;1.9970703125;1.983642578125;1.993408203125;1.990966796875;2.008056640625;1.993408203125;1.97998046875;1.99951171875;1.98486328125;1.99462890625;2.003173828125;1.9921875;2.025146484375;2.00927734375;1.99951171875;1.976318359375;1.9921875;2.01416015625;2.015380859375;1.97265625;1.961669921875;1.9970703125;2.021484375;1.993408203125;1.98974609375;1.99951171875;1.99462890625;1.986083984375;1.9873046875;1.95556640625;1.971435546875;1.98974609375;1.993408203125;2.00439453125;2.0166015625;2.010498046875;2.00439453125;1.986083984375;1.97021484375;1.98974609375;2.0166015625;2.008056640625;2.008056640625;1.97509765625;1.961669921875;2.003173828125;2.0166015625;2.003173828125;1.990966796875;1.98486328125;1.981201171875;2.000732421875;1.982421875;1.988525390625;1.978759765625;1.983642578125;1.97509765625;1.97998046875;2.0166015625;1.995849609375;1.98974609375;1.983642578125;1.97021484375;1.9775390625;1.9775390625;2.008056640625;2.01171875;2.000732421875;1.961669921875;2.00927734375;2.0361328125;2.015380859375;1.990966796875;2.0166015625;1.99951171875;1.995849609375;1.99462890625;1.959228515625;1.964111328125;1.953125;1.968994140625;1.97509765625;1.995849609375;2.02392578125;2.0068359375;1.9970703125;1.98974609375;1.973876953125;1.983642578125;2.010498046875
2024-08-29 15:33:53.804618;2.003173828125;1.97265625;1.98974609375;1.99951171875;2.012939453125;1.983642578125;1.993408203125;1.9873046875;2.01171875;1.9921875;2.003173828125;1.98974609375;1.97021484375;2.00927734375;2.021484375;2.0166015625;1.98486328125;1.981201171875;1.982421875;1.982421875;1.97998046875;1.998291015625;2.01416015625;2.008056640625;2.010498046875;2.020263671875;1.9970703125;1.97509765625;1.929931640625;1.961669921875;1.97265625;1.978759765625;1.9873046875;2.020263671875;1.976318359375;1.988525390625;2.027587890625;2.003173828125;1.9775390625;2.012939453125;2.0068359375;1.973876953125;1.9873046875;1.990966796875;1.978759765625;1.988525390625;2.0166015625;1.99951171875;1.995849609375;1.998291015625;1.99462890625;1.99462890625;2.003173828125;2.000732421875;2.000732421875;1.99951171875;2.000732421875;2.008056640625;2.010498046875;1.976318359375;1.982421875;1.966552734375;1.98486328125;1.96533203125;1.956787109375;1.98974609375;2.00439453125;1.99951171875;2.008056640625;1.990966796875;2.017822265625;1.99951171875;1.964111328125;1.9775390625;1.983642578125;1.993408203125;2.001953125;2.0068359375;1.9921875;2.008056640625;2.01904296875;2.010498046875;1.988525390625;1.986083984375;1.993408203125;1.995849609375;1.993408203125;2.01904296875;2.00927734375;2.01171875;2.010498046875;2.01171875;2.005615234375;1.9775390625;1.98974609375;1.97265625;1.964111328125;1.968994140625;1.96533203125;1.97998046875
2024-08-29 15:33:53.820141;1.983642578125;1.9873046875;2.03125;2.03857421875;1.98974609375;1.98974609375;1.976318359375;1.982421875;1.978759765625;1.962890625;1.962890625;1.995849609375;1.988525390625;1.9921875;2.0068359375;1.99462890625;1.973876953125;1.9677734375;2.00439453125;1.983642578125;2.01904296875;2.017822265625;1.99951171875;1.9921875;1.9921875;1.9775390625;1.97265625;1.982421875;1.98974609375;1.995849609375;2.003173828125;2.017822265625;2.02392578125;2.000732421875;1.986083984375;1.990966796875;2.0068359375;2.008056640625;2.005615234375;2.003173828125;1.982421875;1.97265625;1.981201171875;1.971435546875;1.995849609375;1.99951171875;1.97265625;1.986083984375;1.998291015625;1.96533203125;1.9873046875;2.00927734375;2.00439453125;1.971435546875;1.98974609375;1.993408203125;1.986083984375;1.9677734375;1.993408203125;2.00439453125;1.9775390625;2.000732421875;2.00439453125;2.0068359375;2.01171875;1.995849609375;1.99462890625;1.98486328125;1.981201171875;2.008056640625;1.982421875;1.98974609375;1.995849609375;2.001953125;2.008056640625;1.998291015625;1.998291015625;1.983642578125;1.9873046875;2.001953125;1.998291015625;1.9775390625;1.9873046875;1.99462890625;2.0068359375;2.010498046875;1.99462890625;1.976318359375;1.97021484375;1.998291015625;2.03125;2.008056640625;1.97265625;1.982421875;1.986083984375;1.983642578125;2.010498046875;2.00439453125;2.00439453125;2.0068359375
2024-08-29 15:33:53.866688;1.995849609375;1.97265625;1.982421875;1.966552734375;2.005615234375;2.020263671875;2.000732421875;1.995849609375;1.995849609375;1.98486328125;1.978759765625;1.982421875;1.988525390625;1.982421875;1.964111328125;1.96533203125;1.98486328125;1.9775390625;1.98486328125;1.99951171875;2.0068359375;2.0068359375;2.012939453125;1.995849609375;2.012939453125;2.003173828125;1.9921875;1.968994140625;1.95556640625;1.968994140625;1.97265625;1.98974609375;2.000732421875;1.99951171875;2.010498046875;2.015380859375;2.000732421875;1.981201171875;1.983642578125;1.982421875;1.9970703125;1.99951171875;2.003173828125;1.986083984375;1.993408203125;1.995849609375;1.9921875;1.97998046875;2.008056640625;1.99462890625;1.99462890625;1.978759765625;1.98486328125;2.003173828125;1.99951171875;2.012939453125;2.003173828125;1.98974609375;2.012939453125;1.982421875;1.97509765625;1.988525390625;2.008056640625;1.998291015625;2.01171875;2.020263671875;2.008056640625;1.97998046875;1.966552734375;1.978759765625;1.981201171875;2.000732421875;1.97509765625;1.9677734375;1.995849609375;1.993408203125;2.017822265625;1.988525390625;1.9921875;1.983642578125;1.97509765625;1.9873046875;1.995849609375;1.988525390625;1.973876953125;1.97021484375;1.9775390625;1.978759765625;1.978759765625;1.990966796875;1.9970703125;1.9873046875;2.010498046875;2.0263671875;2.001953125;1.9921875;1.9970703125;2.00439453125;1.9775390625;2.0166015625
2024-08-29 15:33:53.912970;2.000732421875;1.97509765625;1.976318359375;1.99462890625;1.986083984375;1.97509765625;1.978759765625;1.998291015625;2.00927734375;1.995849609375;1.98974609375;1.995849609375;1.998291015625;1.990966796875;1.97998046875;1.97998046875;1.9970703125;2.012939453125;2.020263671875;2.008056640625;1.982421875;1.97998046875;1.986083984375;1.9873046875;1.9970703125;2.005615234375;2.008056640625;1.98974609375;1.97998046875;1.97021484375;1.986083984375;1.988525390625;2.02880859375;2.027587890625;1.9970703125;1.962890625;1.96044921875;1.97998046875;1.98974609375;1.9677734375;1.961669921875;1.978759765625;1.97998046875;1.982421875;1.995849609375;2.003173828125;1.99951171875;1.98974609375;1.98974609375;2.005615234375;2.021484375;2.01416015625;1.981201171875;1.995849609375;2.005615234375;1.98486328125;1.973876953125;1.988525390625;2.00439453125;1.973876953125;1.968994140625;1.97265625;1.986083984375;2.00439453125;1.97265625;1.99462890625;2.00927734375;2.012939453125;2.010498046875;1.995849609375;1.981201171875;1.981201171875;1.978759765625;1.982421875;1.990966796875;1.995849609375;1.98974609375;1.986083984375;2.003173828125;2.01171875;2.000732421875;1.993408203125;1.983642578125;1.982421875;1.988525390625;2.001953125;2.000732421875;1.998291015625;1.978759765625;1.976318359375;1.981201171875;1.976318359375;1.976318359375;1.981201171875;1.986083984375;1.99462890625;2.005615234375;2.015380859375;2.017822265625;2.012939453125
2024-08-29 15:33:53.944179;2.005615234375;1.995849609375;1.990966796875;1.97998046875;1.9775390625;1.993408203125;2.00439453125;2.005615234375;2.00439453125;1.99462890625;1.97265625;1.956787109375;1.97265625;1.99462890625;1.990966796875;1.986083984375;1.988525390625;1.98486328125;1.98486328125;1.97509765625;1.982421875;1.998291015625;2.015380859375;2.025146484375;2.021484375;2.012939453125;1.99951171875;1.98974609375;1.988525390625;1.98974609375;1.98974609375;1.9921875;1.98486328125;1.971435546875;1.9677734375;1.9677734375;1.968994140625;1.97998046875;1.98486328125;1.9873046875;1.9873046875;1.983642578125;1.97265625;1.983642578125;2.010498046875;2.02392578125;2.03857421875;2.027587890625;1.99951171875;1.973876953125;1.96533203125;1.962890625;1.96533203125;1.964111328125;1.9677734375;1.97998046875;2.000732421875;2.00927734375;2.012939453125;2.015380859375;2.012939453125;2.010498046875;2.01416015625;2.010498046875;2.005615234375;2.000732421875;2.00439453125;1.998291015625;1.9921875;1.983642578125;1.982421875;1.98486328125;1.9921875;1.990966796875;1.97998046875;1.97021484375;1.966552734375;1.9677734375;1.971435546875;1.97265625;1.976318359375;1.981201171875;1.981201171875;1.983642578125;1.993408203125;2.00439453125;2.01416015625;2.025146484375;2.032470703125;2.02880859375;2.022705078125;2.017822265625;2.012939453125;2.00439453125;1.993408203125;1.986083984375;1.97998046875;1.971435546875;1.97509765625;1.978759765625
2024-08-29 15:33:53.975007;1.9775390625;1.976318359375;2.000732421875;2.003173828125;1.998291015625;1.993408203125;1.98974609375;1.98974609375;1.990966796875;1.988525390625;1.98486328125;1.983642578125;1.982421875;1.982421875;1.982421875;1.993408203125;1.9970703125;2.0068359375;2.015380859375;2.01904296875;2.015380859375;2.00927734375;1.998291015625;1.9921875;1.9873046875;1.986083984375;1.981201171875;1.971435546875;1.96044921875;1.9677734375;1.986083984375;2.003173828125;2.00439453125;1.995849609375;1.9921875;1.99462890625;1.9921875;1.995849609375;1.99462890625;1.9970703125;1.99462890625;1.993408203125;1.988525390625;1.978759765625;1.971435546875;1.978759765625;1.993408203125;2.008056640625;2.0166015625;2.01171875;1.9921875;1.971435546875;1.959228515625;1.96533203125;1.982421875;2.00439453125;2.021484375;2.0263671875;2.02392578125;2.015380859375;2.005615234375;2.003173828125;1.9970703125;1.9921875;1.99462890625;1.98974609375;1.978759765625;1.966552734375;1.96044921875;1.96044921875;1.96044921875;1.97021484375;1.976318359375;1.9873046875;1.98974609375;1.995849609375;1.995849609375;1.99462890625;1.9970703125;1.990966796875;1.976318359375;1.976318359375;2.000732421875;2.03125;2.03369140625;2.0166015625;2.003173828125;1.993408203125;1.99462890625;1.99951171875;1.9970703125;1.99462890625;1.9921875;1.98974609375;1.98486328125;1.986083984375;1.986083984375;1.986083984375;1.9921875;2.003173828125
2024-08-29 15:33:53.991000;1.998291015625;1.982421875;1.998291015625;1.998291015625;1.9970703125;1.99462890625;2.000732421875;2.00439453125;2.0068359375;2.01171875;2.012939453125;2.015380859375;2.01416015625;2.01416015625;2.015380859375;2.0068359375;2.0068359375;2.00439453125;2.003173828125;1.998291015625;1.9921875;1.982421875;1.976318359375;1.97021484375;1.97021484375;1.97021484375;1.976318359375;1.9775390625;1.9775390625;1.97998046875;1.97998046875;1.981201171875;1.983642578125;1.9873046875;1.9921875;1.990966796875;1.990966796875;2.000732421875;2.0068359375;2.01416015625;2.015380859375;2.012939453125;2.010498046875;2.0068359375;2.003173828125;2.003173828125;2.000732421875;1.98974609375;1.97509765625;1.968994140625;1.97021484375;1.97265625;1.978759765625;1.990966796875;2.001953125;2.008056640625;2.012939453125;2.012939453125;2.008056640625;1.99951171875;1.9970703125;1.9970703125;1.98974609375;1.988525390625;1.988525390625;1.9921875;1.998291015625;2.003173828125;1.99951171875;1.99951171875;1.99462890625;1.990966796875;1.9921875;1.98974609375;1.995849609375;2.001953125;2.000732421875;1.998291015625;1.993408203125;1.990966796875;1.982421875;1.978759765625;1.973876953125;1.973876953125;1.976318359375;1.973876953125;1.973876953125;1.97998046875;1.983642578125;1.986083984375;1.9921875;1.998291015625;1.995849609375;1.9921875;1.98974609375;1.98974609375;1.98974609375;1.990966796875;1.990966796875;1.9921875
2024-08-29 15:33:54.031866;1.9921875;1.9970703125;1.982421875;1.978759765625;1.978759765625;1.982421875;1.9873046875;1.98974609375;1.98974609375;1.98974609375;1.988525390625;1.97998046875;1.973876953125;1.97998046875;1.981201171875;1.982421875;1.9873046875;1.990966796875;1.99462890625;2.001953125;2.005615234375;2.003173828125;2.003173828125;1.998291015625;1.995849609375;2.003173828125;2.00927734375;2.005615234375;2.005615234375;2.000732421875;1.995849609375;1.990966796875;1.98974609375;1.983642578125;1.983642578125;1.9873046875;1.9873046875;1.982421875;1.9873046875;1.986083984375;1.990966796875;1.9970703125;2.003173828125;2.01416015625;2.01904296875;2.022705078125;2.015380859375;2.010498046875;2.003173828125;2.005615234375;2.003173828125;1.998291015625;1.998291015625;1.998291015625;2.001953125;2.005615234375;2.003173828125;1.9970703125;1.993408203125;1.988525390625;1.98486328125;1.982421875;1.978759765625;1.98486328125;1.988525390625;1.9873046875;1.982421875;1.98486328125;1.986083984375;1.9873046875;1.98486328125;1.986083984375;1.988525390625;1.98974609375;1.990966796875;1.9970703125;1.998291015625;1.993408203125;1.995849609375;1.990966796875;1.98974609375;1.98974609375;1.986083984375;1.988525390625;1.98974609375;1.99462890625;1.998291015625;2.003173828125;2.005615234375;2.010498046875;2.008056640625;2.00927734375;2.005615234375;2.001953125;2.001953125;1.99951171875;1.995849609375;1.98974609375;1.990966796875;1.990966796875
2024-08-29 15:33:54.031866;1.9873046875;1.98486328125;1.986083984375;1.988525390625;1.9921875;1.990966796875;1.993408203125;1.99462890625;1.995849609375;1.995849609375;1.9970703125;2.001953125;2.000732421875;1.998291015625;1.99951171875;1.998291015625;2.001953125;2.003173828125;2.000732421875;1.995849609375;1.9970703125;1.99462890625;1.990966796875;1.990966796875;1.99462890625;1.9970703125;1.998291015625;1.99951171875;2.003173828125;1.998291015625;1.9921875;1.990966796875;1.988525390625;1.9873046875;1.9873046875;1.993408203125;1.995849609375;1.99462890625;1.98974609375;1.98974609375;1.97998046875;1.97021484375;1.966552734375;1.9677734375;1.971435546875;1.9775390625;1.9775390625;1.983642578125;1.98486328125;1.986083984375;1.98486328125;1.98974609375;1.99462890625;1.99462890625;1.995849609375;1.993408203125;1.990966796875;1.990966796875;1.988525390625;1.993408203125;1.9921875;1.9873046875;1.9873046875;1.988525390625;1.986083984375;1.983642578125;1.9921875;1.986083984375;1.98974609375;1.9921875;1.9921875;1.995849609375;1.9970703125;1.998291015625;1.998291015625;1.998291015625;1.9970703125;1.99951171875;1.995849609375;1.99462890625;1.99462890625;1.99462890625;1.993408203125;1.995849609375;1.99462890625;1.998291015625;2.003173828125;2.000732421875;2.000732421875;2.005615234375;2.0068359375;2.0068359375;2.0068359375;2.00439453125;1.995849609375;1.9921875;1.990966796875;1.993408203125;1.9921875;1.993408203125
2024-08-29 15:33:54.068191;1.98974609375;1.993408203125;1.9873046875;1.990966796875;1.993408203125;1.9921875;1.99462890625;1.9921875;1.990966796875;1.9921875;1.98974609375;1.983642578125;1.97998046875;1.97998046875;1.973876953125;1.9775390625;1.983642578125;1.9873046875;1.98974609375;1.98974609375;1.995849609375;1.99462890625;1.9921875;1.993408203125;1.995849609375;1.9970703125;1.998291015625;1.99951171875;1.998291015625;1.99462890625;1.9921875;1.9921875;1.9921875;1.98974609375;1.9873046875;1.982421875;1.988525390625;1.986083984375;1.990966796875;1.993408203125;1.993408203125;1.99462890625;2.000732421875;1.9970703125;1.99462890625;1.995849609375;1.99462890625;1.9970703125;1.99462890625;1.995849609375;1.9970703125;1.993408203125;1.993408203125;1.993408203125;1.99462890625;1.993408203125;1.9921875;1.99462890625;1.9970703125;1.9921875;1.988525390625;1.990966796875;1.9921875;1.99462890625;1.995849609375;2.003173828125;2.008056640625;1.99951171875;1.995849609375;1.99951171875;1.998291015625;1.995849609375;1.995849609375;1.99951171875;2.00439453125;2.003173828125;2.0068359375;2.005615234375;2.005615234375;1.99951171875;1.995849609375;1.98974609375;1.9873046875;1.9873046875;1.988525390625;1.9873046875;1.98486328125;1.988525390625;1.98974609375;1.98974609375;1.99462890625;1.995849609375;1.99951171875;1.9921875;1.9921875;1.99462890625;1.98974609375;1.98974609375;1.990966796875;1.993408203125
2024-08-29 15:33:54.114880;1.97998046875;1.97998046875;1.986083984375;1.98486328125;1.9873046875;1.9921875;1.995849609375;1.9970703125;1.993408203125;1.9921875;1.99462890625;1.99462890625;1.9970703125;1.993408203125;1.9921875;1.9921875;1.990966796875;1.986083984375;1.990966796875;1.98974609375;1.9921875;2.000732421875;2.003173828125;2.001953125;1.99951171875;1.99462890625;1.9873046875;1.982421875;1.981201171875;1.981201171875;1.978759765625;1.982421875;1.988525390625;1.990966796875;1.98974609375;1.988525390625;1.98974609375;1.986083984375;1.986083984375;1.98974609375;1.993408203125;1.98974609375;1.988525390625;1.990966796875;1.988525390625;1.98486328125;1.982421875;1.981201171875;1.983642578125;1.983642578125;1.986083984375;1.993408203125;1.99462890625;1.993408203125;1.99462890625;2.000732421875;2.00439453125;2.001953125;1.99951171875;2.000732421875;1.99951171875;1.9970703125;2.000732421875;2.000732421875;1.9970703125;1.995849609375;1.993408203125;1.99462890625;1.995849609375;1.998291015625;1.998291015625;1.9970703125;1.99462890625;1.9921875;1.995849609375;1.995849609375;1.9921875;1.98974609375;1.982421875;1.97998046875;1.976318359375;1.97509765625;1.976318359375;1.976318359375;1.973876953125;1.97021484375;1.968994140625;1.968994140625;1.97509765625;1.976318359375;1.9775390625;1.983642578125;1.988525390625;1.990966796875;1.9921875;1.995849609375;1.9921875;1.9921875;1.993408203125;1.9970703125
2024-08-29 15:33:54.161091;1.990966796875;1.9873046875;1.99462890625;1.995849609375;1.995849609375;1.988525390625;1.993408203125;1.995849609375;1.99951171875;2.00439453125;2.003173828125;2.003173828125;2.003173828125;2.000732421875;1.9970703125;1.99951171875;1.99951171875;2.000732421875;1.993408203125;1.990966796875;1.98974609375;1.98974609375;1.98974609375;1.988525390625;1.988525390625;1.986083984375;1.990966796875;1.99462890625;1.99462890625;1.98974609375;1.9873046875;1.988525390625;1.98486328125;1.98486328125;1.982421875;1.982421875;1.98486328125;1.990966796875;1.995849609375;1.998291015625;1.9921875;1.99462890625;1.9921875;1.988525390625;1.98974609375;1.993408203125;1.993408203125;1.998291015625;2.003173828125;2.01171875;2.01171875;2.010498046875;2.005615234375;2.003173828125;2.000732421875;1.998291015625;1.998291015625;1.998291015625;1.995849609375;1.993408203125;1.995849609375;1.9921875;1.99462890625;1.995849609375;2.000732421875;1.9970703125;1.993408203125;1.993408203125;1.988525390625;1.983642578125;1.978759765625;1.982421875;1.98486328125;1.98486328125;1.98486328125;1.98974609375;1.9921875;1.98974609375;1.990966796875;1.99462890625;1.99951171875;1.995849609375;1.995849609375;1.9921875;1.99462890625;1.99951171875;1.9970703125;1.995849609375;1.9970703125;1.998291015625;1.995849609375;1.993408203125;1.98974609375;1.99462890625;1.98974609375;1.990966796875;1.986083984375;1.990966796875;1.993408203125;1.995849609375
2024-08-29 15:33:54.176414;1.99462890625;1.9970703125;1.982421875;1.982421875;1.986083984375;1.990966796875;1.99462890625;1.993408203125;1.995849609375;1.993408203125;1.990966796875;1.98974609375;1.990966796875;1.9921875;1.99462890625;1.993408203125;1.99462890625;1.990966796875;1.988525390625;1.9921875;1.99951171875;1.998291015625;1.99462890625;1.99462890625;1.9921875;1.995849609375;1.995849609375;2.001953125;1.998291015625;1.995849609375;1.99462890625;1.9970703125;1.99462890625;1.99462890625;1.99951171875;1.99462890625;1.99462890625;1.995849609375;1.993408203125;1.99462890625;1.99951171875;1.9970703125;1.99462890625;1.99462890625;1.98974609375;1.982421875;1.983642578125;1.990966796875;1.993408203125;1.98974609375;1.988525390625;1.9873046875;1.9873046875;1.9921875;1.99462890625;1.99951171875;2.000732421875;2.001953125;2.000732421875;2.001953125;2.005615234375;2.008056640625;2.00927734375;2.001953125;1.995849609375;1.9970703125;1.993408203125;1.98974609375;1.986083984375;1.98974609375;1.988525390625;1.982421875;1.986083984375;1.995849609375;2.003173828125;2.003173828125;2.000732421875;1.99462890625;1.993408203125;1.9921875;1.9921875;1.990966796875;1.9921875;1.9921875;1.98974609375;1.98974609375;1.990966796875;1.990966796875;1.990966796875;1.98974609375;1.9873046875;1.98486328125;1.97998046875;1.97998046875;1.982421875;1.97998046875;1.982421875;1.983642578125;1.98486328125;1.986083984375
2024-08-29 15:33:54.207252;1.983642578125;1.986083984375;1.99951171875;1.99951171875;1.99951171875;1.99951171875;1.9970703125;1.99462890625;1.988525390625;1.988525390625;1.988525390625;1.988525390625;1.98974609375;1.995849609375;1.995849609375;1.998291015625;1.99951171875;2.005615234375;2.00439453125;1.99951171875;1.99951171875;1.9970703125;1.9921875;1.993408203125;1.993408203125;1.98974609375;1.98974609375;1.98974609375;1.9873046875;1.988525390625;1.986083984375;1.978759765625;1.983642578125;1.983642578125;1.988525390625;1.988525390625;1.993408203125;1.98974609375;1.9873046875;1.988525390625;1.98974609375;1.99462890625;1.998291015625;2.000732421875;1.995849609375;1.995849609375;1.98974609375;1.988525390625;1.986083984375;1.983642578125;1.978759765625;1.976318359375;1.981201171875;1.98486328125;1.981201171875;1.988525390625;1.9873046875;1.981201171875;1.986083984375;1.98974609375;1.9921875;1.9970703125;1.998291015625;1.998291015625;2.001953125;2.003173828125;2.003173828125;2.000732421875;1.9970703125;1.9970703125;2.00439453125;2.0068359375;2.005615234375;2.003173828125;2.005615234375;2.010498046875;2.00927734375;2.00927734375;2.00439453125;2.003173828125;2.003173828125;2.00439453125;2.001953125;1.99951171875;1.9970703125;2.000732421875;1.9970703125;1.9921875;1.98974609375;1.990966796875;1.98974609375;1.9921875;1.9921875;1.98974609375;1.9921875;1.99462890625;1.99462890625;1.995849609375;1.99951171875;1.9921875
2024-08-29 15:33:54.254636;1.9921875;1.995849609375;1.981201171875;1.982421875;1.982421875;1.986083984375;1.988525390625;1.990966796875;1.990966796875;1.99462890625;1.995849609375;2.003173828125;2.005615234375;2.0068359375;2.005615234375;2.00927734375;2.008056640625;2.005615234375;2.0068359375;2.0068359375;2.0068359375;2.001953125;2.003173828125;2.00439453125;2.001953125;2.000732421875;2.003173828125;2.000732421875;1.998291015625;1.9970703125;1.998291015625;1.9970703125;1.9970703125;1.990966796875;1.9873046875;1.9873046875;1.98974609375;1.993408203125;1.9970703125;1.99951171875;1.9970703125;1.9970703125;1.99462890625;1.990966796875;1.990966796875;1.993408203125;1.993408203125;1.9873046875;1.986083984375;1.9873046875;1.98486328125;1.983642578125;1.97998046875;1.983642578125;1.983642578125;1.988525390625;1.9921875;1.986083984375;1.981201171875;1.982421875;1.981201171875;1.97998046875;1.97509765625;1.97509765625;1.976318359375;1.98486328125;1.98486328125;1.982421875;1.983642578125;1.986083984375;1.982421875;1.978759765625;1.9873046875;1.988525390625;1.98974609375;1.988525390625;1.9873046875;1.988525390625;1.986083984375;1.983642578125;1.98974609375;1.98486328125;1.9873046875;1.9921875;1.993408203125;1.98974609375;1.99462890625;1.995849609375;1.9970703125;1.998291015625;1.99462890625;1.99462890625;1.98974609375;1.98974609375;1.986083984375;1.988525390625;1.990966796875;1.988525390625;1.99462890625;1.98974609375
2024-08-29 15:33:54.301105;1.988525390625;1.986083984375;1.99462890625;1.98974609375;1.990966796875;1.98974609375;1.988525390625;1.988525390625;1.9921875;1.993408203125;1.9921875;1.9921875;1.99951171875;2.001953125;1.99462890625;1.990966796875;1.988525390625;1.98486328125;1.9873046875;1.986083984375;1.986083984375;1.988525390625;1.98486328125;1.982421875;1.98486328125;1.988525390625;1.98974609375;1.998291015625;2.001953125;2.00439453125;2.003173828125;2.003173828125;2.00439453125;2.0068359375;2.010498046875;2.003173828125;1.995849609375;1.98974609375;1.9873046875;1.9873046875;1.9921875;1.9921875;1.9873046875;1.993408203125;1.9921875;1.9873046875;1.986083984375;1.986083984375;1.993408203125;1.99951171875;1.99951171875;1.998291015625;1.995849609375;1.9970703125;2.003173828125;2.000732421875;1.998291015625;1.9970703125;1.993408203125;1.998291015625;1.995849609375;1.99462890625;1.99951171875;1.998291015625;1.998291015625;2.003173828125;1.99951171875;1.998291015625;2.000732421875;2.003173828125;2.003173828125;2.000732421875;1.995849609375;1.9921875;1.9970703125;1.990966796875;1.98974609375;1.986083984375;1.98974609375;1.99462890625;1.995849609375;1.990966796875;1.983642578125;1.98974609375;1.9970703125;1.990966796875;1.98486328125;1.981201171875;1.9873046875;1.9921875;1.995849609375;2.000732421875;1.998291015625;1.993408203125;1.9921875;1.986083984375;1.98486328125;1.9873046875;1.9873046875;1.98486328125
2024-08-29 15:33:54.332169;1.982421875;1.98486328125;1.9921875;1.995849609375;1.9970703125;1.998291015625;2.000732421875;1.9921875;1.988525390625;1.98974609375;1.98974609375;1.988525390625;1.986083984375;1.988525390625;1.983642578125;1.981201171875;1.98974609375;1.993408203125;1.990966796875;1.988525390625;1.98974609375;1.990966796875;1.990966796875;1.993408203125;1.995849609375;1.995849609375;1.9921875;1.990966796875;1.98974609375;1.988525390625;1.990966796875;1.993408203125;1.995849609375;1.995849609375;1.990966796875;1.99462890625;1.99951171875;1.995849609375;1.993408203125;1.9873046875;1.98486328125;1.981201171875;1.986083984375;1.9921875;1.9921875;1.993408203125;1.99462890625;1.993408203125;1.99951171875;1.995849609375;1.9970703125;1.99951171875;2.000732421875;2.00439453125;2.001953125;1.995849609375;1.9970703125;2.000732421875;1.995849609375;1.9921875;1.9873046875;1.990966796875;1.99951171875;2.001953125;1.99462890625;1.993408203125;1.9921875;1.98974609375;1.990966796875;1.988525390625;1.995849609375;1.993408203125;1.98974609375;1.99462890625;1.99462890625;1.99462890625;1.993408203125;1.99462890625;1.99951171875;1.99951171875;2.000732421875;2.003173828125;2.00439453125;2.003173828125;1.998291015625;1.99951171875;2.000732421875;1.998291015625;2.000732421875;2.001953125;1.99951171875;1.99462890625;1.993408203125;1.998291015625;2.001953125;1.9970703125;1.9970703125;1.993408203125;1.995849609375;1.998291015625
2024-08-29 15:33:54.347719;1.998291015625;1.998291015625;1.98974609375;1.98974609375;1.9873046875;1.9873046875;1.990966796875;1.9921875;1.990966796875;1.988525390625;1.98486328125;1.9873046875;1.990966796875;1.995849609375;1.993408203125;1.990966796875;1.993408203125;1.990966796875;1.9921875;1.988525390625;1.988525390625;1.9873046875;1.98486328125;1.98486328125;1.9873046875;1.9873046875;1.98974609375;1.98486328125;1.98486328125;1.98974609375;1.98974609375;1.9921875;1.9970703125;1.998291015625;1.995849609375;1.9921875;1.990966796875;1.99462890625;1.990966796875;1.993408203125;1.99462890625;1.99951171875;1.995849609375;1.995849609375;1.995849609375;1.998291015625;1.998291015625;1.99462890625;1.9921875;1.995849609375;1.998291015625;1.995849609375;1.99462890625;1.993408203125;1.99462890625;1.9970703125;1.9970703125;1.99951171875;2.003173828125;1.99951171875;1.99462890625;1.993408203125;1.995849609375;2.000732421875;1.998291015625;1.99462890625;1.990966796875;1.9921875;1.9921875;1.9921875;1.99462890625;1.9970703125;1.995849609375;1.9970703125;1.9970703125;1.99951171875;1.998291015625;2.003173828125;2.0068359375;2.001953125;1.993408203125;1.986083984375;1.988525390625;1.995849609375;1.99462890625;1.993408203125;1.9921875;1.98974609375;1.993408203125;1.998291015625;2.00439453125;2.003173828125;1.99951171875;1.9970703125;1.993408203125;1.9921875;1.990966796875;1.9921875;1.986083984375;1.98974609375
2024-08-29 15:33:54.387850;1.990966796875;1.9921875;1.9873046875;1.98974609375;1.986083984375;1.983642578125;1.978759765625;1.983642578125;1.98974609375;1.993408203125;1.988525390625;1.982421875;1.988525390625;1.99462890625;1.993408203125;1.9921875;1.9921875;1.9921875;1.99951171875;1.99462890625;1.995849609375;2.000732421875;2.000732421875;1.99951171875;1.995849609375;1.993408203125;1.993408203125;1.995849609375;1.99462890625;1.99951171875;1.99951171875;1.995849609375;1.993408203125;1.99462890625;1.99462890625;1.98974609375;1.988525390625;1.990966796875;1.988525390625;1.9873046875;1.99462890625;1.998291015625;1.998291015625;1.9970703125;1.99951171875;1.998291015625;1.99951171875;2.003173828125;2.00927734375;2.0068359375;2.008056640625;2.00927734375;2.0166015625;2.01171875;2.005615234375;2.00439453125;2.001953125;1.9970703125;1.99951171875;2.000732421875;1.998291015625;1.995849609375;1.99462890625;1.9873046875;1.990966796875;1.988525390625;1.9921875;1.99462890625;1.9921875;1.990966796875;1.9921875;1.986083984375;1.9873046875;1.990966796875;1.990966796875;1.99462890625;1.99462890625;1.990966796875;1.9921875;1.9921875;1.9873046875;1.98486328125;1.982421875;1.981201171875;1.98486328125;1.986083984375;1.982421875;1.986083984375;1.990966796875;1.99462890625;1.9921875;1.993408203125;1.9921875;1.9921875;1.995849609375;1.99951171875;1.995849609375;1.9970703125;1.993408203125;1.993408203125
2024-08-29 15:33:54.387850;1.988525390625;1.9873046875;1.995849609375;1.9970703125;1.995849609375;1.99462890625;1.995849609375;1.99462890625;1.990966796875;1.9921875;1.993408203125;1.98974609375;1.9873046875;1.983642578125;1.98486328125;1.990966796875;1.993408203125;1.99462890625;1.9921875;1.98974609375;1.99462890625;1.9921875;1.990966796875;1.9970703125;1.99462890625;1.998291015625;2.00439453125;2.001953125;1.995849609375;1.9970703125;1.9970703125;1.99951171875;1.995849609375;1.993408203125;1.9921875;1.988525390625;1.986083984375;1.982421875;1.98486328125;1.983642578125;1.986083984375;1.98974609375;1.993408203125;1.9921875;1.993408203125;1.998291015625;1.9970703125;1.9970703125;1.995849609375;1.9921875;1.988525390625;1.9921875;1.9921875;1.988525390625;1.990966796875;1.98974609375;1.988525390625;1.98486328125;1.981201171875;1.983642578125;1.9873046875;1.988525390625;1.98974609375;1.993408203125;1.990966796875;1.988525390625;1.99462890625;1.993408203125;1.993408203125;1.995849609375;1.9970703125;1.995849609375;1.998291015625;2.000732421875;2.000732421875;2.000732421875;1.99951171875;1.995849609375;2.001953125;2.003173828125;2.005615234375;2.000732421875;2.000732421875;2.000732421875;1.998291015625;1.990966796875;1.9873046875;1.993408203125;1.9921875;1.993408203125;1.99951171875;1.9970703125;1.995849609375;1.993408203125;1.995849609375;1.99462890625;1.9921875;1.993408203125;1.9921875;1.9970703125
2024-08-29 15:33:54.424871;1.995849609375;1.993408203125;1.983642578125;1.988525390625;1.988525390625;1.98974609375;1.9921875;2.001953125;2.000732421875;2.003173828125;1.998291015625;1.993408203125;1.990966796875;1.98974609375;1.995849609375;1.998291015625;1.99951171875;2.001953125;1.99951171875;2.001953125;2.000732421875;2.001953125;1.998291015625;1.998291015625;1.9970703125;1.9921875;1.993408203125;1.990966796875;1.9921875;1.995849609375;2.003173828125;2.0068359375;2.005615234375;1.99951171875;2.000732421875;2.000732421875;1.99951171875;1.998291015625;1.99462890625;1.993408203125;1.99462890625;1.99462890625;1.99462890625;1.9921875;1.993408203125;1.993408203125;1.9921875;1.99462890625;1.9970703125;1.99951171875;1.99951171875;2.000732421875;2.003173828125;1.9970703125;1.998291015625;2.001953125;1.9970703125;1.9921875;1.9921875;1.993408203125;1.995849609375;2.000732421875;1.99951171875;1.9970703125;1.99951171875;1.9970703125;1.993408203125;1.99462890625;1.995849609375;1.993408203125;1.995849609375;1.9970703125;1.9970703125;1.998291015625;1.9970703125;1.993408203125;1.99462890625;1.99951171875;2.000732421875;2.00439453125;2.000732421875;2.003173828125;2.001953125;1.99951171875;2.00439453125;1.9970703125;1.99462890625;1.99462890625;1.9873046875;1.986083984375;1.986083984375;1.98486328125;1.98486328125;1.982421875;1.9873046875;1.9873046875;1.988525390625;1.9921875;1.990966796875;1.986083984375
2024-08-29 15:33:54.534015;1.99462890625;1.9970703125;1.988525390625;1.9921875;1.993408203125;1.98974609375;1.990966796875;1.993408203125;1.998291015625;1.998291015625;2.000732421875;2.005615234375;2.000732421875;1.998291015625;1.993408203125;1.995849609375;1.993408203125;1.99462890625;1.995849609375;1.990966796875;1.98486328125;1.988525390625;1.986083984375;1.98486328125;1.988525390625;1.98974609375;1.9873046875;1.9921875;1.9921875;1.99462890625;1.993408203125;1.9921875;1.993408203125;1.9921875;1.99462890625;1.9921875;1.99462890625;1.99462890625;1.993408203125;1.993408203125;1.995849609375;1.995849609375;1.99462890625;2.00439453125;1.9970703125;1.99462890625;1.995849609375;1.998291015625;2.00439453125;2.003173828125;2.000732421875;1.99951171875;2.000732421875;2.000732421875;1.993408203125;1.993408203125;1.993408203125;1.99462890625;1.99462890625;1.995849609375;1.993408203125;1.993408203125;1.9970703125;2.005615234375;2.0068359375;2.003173828125;1.99951171875;1.99951171875;2.001953125;2.003173828125;1.9970703125;1.995849609375;2.00439453125;2.008056640625;2.0068359375;2.000732421875;1.995849609375;1.9921875;1.9921875;1.9921875;1.990966796875;1.990966796875;1.988525390625;1.98486328125;1.982421875;1.98486328125;1.98486328125;1.98974609375;1.993408203125;1.99462890625;1.998291015625;2.00439453125;2.000732421875;2.000732421875;2.000732421875;1.9970703125;1.99951171875;2.003173828125;2.005615234375;2.001953125
2024-08-29 15:33:54.565108;2.001953125;1.9970703125;1.986083984375;1.98974609375;1.988525390625;1.990966796875;1.988525390625;1.98974609375;1.9921875;1.9873046875;1.9873046875;1.990966796875;1.9921875;1.98974609375;1.990966796875;1.988525390625;1.9873046875;1.98486328125;1.98974609375;1.99462890625;1.995849609375;1.990966796875;1.993408203125;1.9970703125;1.998291015625;2.005615234375;2.010498046875;2.003173828125;1.9970703125;1.995849609375;1.9970703125;1.9970703125;1.99462890625;1.995849609375;1.99462890625;1.98974609375;1.986083984375;1.9873046875;1.988525390625;1.990966796875;1.9921875;1.995849609375;1.99951171875;1.99951171875;2.003173828125;2.003173828125;1.998291015625;1.995849609375;1.98974609375;1.9921875;1.988525390625;1.990966796875;1.993408203125;1.98974609375;1.993408203125;1.993408203125;1.9921875;1.99951171875;1.99951171875;1.9970703125;1.9970703125;1.993408203125;1.9921875;1.995849609375;1.993408203125;1.99462890625;1.993408203125;1.988525390625;1.983642578125;1.982421875;1.9873046875;1.9970703125;1.998291015625;1.99462890625;1.9970703125;1.9970703125;1.995849609375;1.9921875;1.98974609375;1.9873046875;1.98486328125;1.9921875;1.995849609375;1.9921875;1.986083984375;1.9873046875;1.988525390625;1.990966796875;1.993408203125;1.998291015625;1.99462890625;1.99462890625;1.993408203125;1.993408203125;1.995849609375;1.9970703125;1.99951171875;2.000732421875;2.001953125;2.003173828125
2024-08-29 15:33:54.618111;1.993408203125;1.99462890625;1.9921875;1.9921875;1.993408203125;1.9921875;1.98974609375;1.990966796875;1.988525390625;1.986083984375;1.9873046875;1.990966796875;1.99462890625;1.993408203125;1.99462890625;1.998291015625;1.99462890625;1.990966796875;1.993408203125;1.998291015625;2.003173828125;2.0068359375;1.99951171875;1.995849609375;1.9921875;1.990966796875;1.986083984375;1.98486328125;1.98486328125;1.986083984375;1.990966796875;1.990966796875;1.993408203125;1.99462890625;1.9970703125;1.99462890625;1.99462890625;1.998291015625;1.998291015625;2.003173828125;2.00439453125;2.001953125;1.998291015625;1.98974609375;1.990966796875;1.98486328125;1.97998046875;1.9775390625;1.982421875;1.9873046875;1.9921875;1.99462890625;1.99462890625;1.9970703125;1.998291015625;1.99462890625;1.995849609375;1.9970703125;1.995849609375;1.990966796875;1.990966796875;1.990966796875;1.99462890625;1.9921875;1.99462890625;1.995849609375;1.9873046875;1.98486328125;1.9873046875;1.98486328125;1.9921875;2.003173828125;2.003173828125;1.998291015625;1.998291015625;2.000732421875;2.003173828125;2.0068359375;2.005615234375;2.00439453125;2.003173828125;2.001953125;1.993408203125;1.990966796875;1.986083984375;1.986083984375;1.988525390625;1.98486328125;1.9873046875;1.98486328125;1.9873046875;1.988525390625;1.9873046875;1.990966796875;1.9921875;1.99462890625;1.993408203125;1.993408203125;1.99462890625;1.998291015625
2024-08-29 15:33:54.637972;1.995849609375;1.99462890625;1.98486328125;1.9873046875;1.993408203125;1.990966796875;1.988525390625;1.995849609375;1.993408203125;1.990966796875;1.990966796875;1.993408203125;1.988525390625;1.986083984375;1.9921875;1.998291015625;1.995849609375;1.995849609375;1.9970703125;1.995849609375;1.9921875;1.9970703125;1.99462890625;1.993408203125;1.993408203125;1.995849609375;1.9970703125;2.00439453125;2.000732421875;2.000732421875;1.9970703125;1.9921875;1.99462890625;1.998291015625;2.000732421875;1.99951171875;1.9970703125;1.9970703125;1.995849609375;1.9970703125;1.9970703125;1.9970703125;1.99951171875;1.9970703125;1.99462890625;1.995849609375;1.9970703125;1.998291015625;2.000732421875;2.000732421875;2.0068359375;2.00927734375;2.005615234375;2.005615234375;2.003173828125;1.9970703125;1.99462890625;1.99462890625;1.99462890625;1.995849609375;1.993408203125;1.995849609375;1.990966796875;1.990966796875;1.988525390625;1.993408203125;1.99951171875;1.9970703125;1.98974609375;1.988525390625;1.98974609375;1.995849609375;1.99951171875;1.9970703125;1.993408203125;1.990966796875;1.988525390625;1.990966796875;1.990966796875;1.988525390625;1.9921875;1.9921875;1.9873046875;1.9873046875;1.98974609375;1.988525390625;1.98974609375;1.990966796875;1.9921875;1.993408203125;1.990966796875;1.990966796875;1.9970703125;1.998291015625;1.99462890625;1.99462890625;1.99462890625;1.993408203125;1.9921875;1.9921875
2024-08-29 15:33:54.666088;1.99462890625;1.993408203125;1.995849609375;1.990966796875;1.9921875;1.9921875;1.9970703125;1.99462890625;1.998291015625;1.98974609375;1.98974609375;1.98974609375;1.99462890625;1.993408203125;1.98974609375;1.9921875;1.998291015625;1.998291015625;1.995849609375;1.98974609375;1.98974609375;1.9921875;1.988525390625;1.98486328125;1.982421875;1.986083984375;1.988525390625;1.988525390625;1.98974609375;1.9873046875;1.98486328125;1.986083984375;1.988525390625;1.990966796875;1.986083984375;1.990966796875;1.998291015625;1.995849609375;1.99462890625;1.99462890625;1.993408203125;1.990966796875;1.986083984375;1.97998046875;1.973876953125;1.976318359375;1.973876953125;1.97509765625;1.9775390625;1.983642578125;1.982421875;1.981201171875;1.982421875;1.98974609375;1.990966796875;1.988525390625;1.990966796875;1.99462890625;1.993408203125;1.99462890625;1.99462890625;1.993408203125;1.99462890625;1.990966796875;1.98974609375;1.986083984375;1.990966796875;1.995849609375;1.993408203125;1.995849609375;1.9921875;1.990966796875;1.9921875;1.98974609375;1.9873046875;1.98486328125;1.988525390625;1.988525390625;1.988525390625;1.98974609375;1.9921875;1.99462890625;1.99462890625;1.9921875;1.98974609375;1.993408203125;1.988525390625;1.986083984375;1.9873046875;1.98974609375;1.98486328125;1.982421875;1.98486328125;1.98486328125;1.981201171875;1.982421875;1.986083984375;1.98974609375;1.9921875;1.993408203125
2024-08-29 15:33:54.690987;1.990966796875;1.98974609375;1.99462890625;1.99462890625;1.993408203125;1.990966796875;1.983642578125;1.981201171875;1.981201171875;1.983642578125;1.986083984375;1.993408203125;1.99951171875;2.000732421875;1.99462890625;1.98974609375;1.9970703125;1.998291015625;1.998291015625;1.998291015625;1.995849609375;1.98974609375;1.99462890625;1.9921875;1.98974609375;1.98974609375;1.993408203125;1.988525390625;1.986083984375;1.98974609375;1.990966796875;1.99462890625;1.993408203125;1.99462890625;1.99462890625;1.998291015625;1.993408203125;1.988525390625;1.9873046875;1.98974609375;1.993408203125;1.998291015625;2.000732421875;1.99951171875;1.99951171875;1.998291015625;1.9970703125;1.99951171875;2.003173828125;2.005615234375;2.0068359375;2.00927734375;2.0068359375;2.000732421875;1.995849609375;1.9970703125;2.000732421875;1.998291015625;1.99462890625;1.995849609375;1.99462890625;1.99462890625;1.993408203125;1.98974609375;1.990966796875;1.990966796875;1.988525390625;1.9921875;1.993408203125;1.9921875;1.990966796875;1.9921875;1.993408203125;1.993408203125;1.990966796875;1.990966796875;1.995849609375;1.998291015625;1.990966796875;1.986083984375;1.986083984375;1.988525390625;1.990966796875;1.99462890625;1.998291015625;1.99462890625;1.998291015625;2.003173828125;1.99951171875;2.003173828125;2.003173828125;2.005615234375;2.000732421875;1.99951171875;1.99951171875;1.995849609375;1.993408203125;1.998291015625;1.99951171875;1.993408203125
2024-08-29 15:33:54.719715;1.98486328125;1.986083984375;1.988525390625;1.986083984375;1.9873046875;1.988525390625;1.988525390625;1.9873046875;1.988525390625;1.99462890625;1.993408203125;1.9921875;1.988525390625;1.9921875;1.993408203125;1.9970703125;2.000732421875;2.001953125;1.9970703125;1.990966796875;1.993408203125;1.995849609375;1.995849609375;1.993408203125;1.9921875;1.990966796875;1.9921875;1.993408203125;1.988525390625;1.988525390625;1.988525390625;1.9921875;1.993408203125;1.993408203125;1.9921875;1.988525390625;1.98486328125;1.9873046875;1.990966796875;1.993408203125;1.99951171875;1.99951171875;1.9921875;1.98486328125;1.983642578125;1.98974609375;1.99462890625;1.99462890625;1.98974609375;1.9921875;1.995849609375;1.9970703125;1.995849609375;1.995849609375;1.99951171875;2.000732421875;1.99951171875;1.9970703125;1.9970703125;1.9970703125;2.000732421875;1.998291015625;1.99951171875;2.001953125;1.99951171875;1.995849609375;1.993408203125;1.993408203125;1.9921875;1.988525390625;1.98974609375;1.990966796875;1.9921875;1.988525390625;1.98974609375;1.9873046875;1.9873046875;1.9873046875;1.9921875;1.99462890625;1.995849609375;1.99951171875;2.000732421875;2.001953125;2.001953125;1.9970703125;1.9970703125;1.9970703125;1.99462890625;1.98974609375;1.990966796875;1.9921875;1.990966796875;1.9873046875;1.990966796875;1.9970703125;1.9970703125;2.003173828125;2.001953125;1.995849609375
2024-08-29 15:33:54.748413;1.9873046875;1.988525390625;1.998291015625;1.995849609375;1.9921875;1.990966796875;1.99462890625;1.9970703125;1.995849609375;1.998291015625;1.998291015625;1.99951171875;2.003173828125;1.99951171875;1.993408203125;1.9921875;1.9921875;1.988525390625;1.986083984375;1.9921875;1.99462890625;1.98974609375;1.988525390625;1.988525390625;1.98974609375;1.990966796875;1.995849609375;1.9921875;1.99462890625;1.98974609375;1.990966796875;1.988525390625;1.983642578125;1.9873046875;1.988525390625;1.988525390625;1.993408203125;1.993408203125;1.990966796875;1.98974609375;1.9921875;1.993408203125;1.998291015625;2.000732421875;1.998291015625;1.998291015625;2.001953125;1.995849609375;1.99462890625;1.9970703125;1.9970703125;1.99462890625;1.993408203125;1.995849609375;1.9970703125;1.998291015625;1.99951171875;1.9970703125;1.995849609375;1.998291015625;1.99951171875;1.9970703125;1.998291015625;1.995849609375;1.9970703125;1.99951171875;1.9970703125;1.9970703125;1.9970703125;1.9970703125;1.998291015625;1.995849609375;1.990966796875;1.993408203125;1.988525390625;1.986083984375;1.98486328125;1.98974609375;1.98974609375;1.9873046875;1.98974609375;1.9873046875;1.986083984375;1.986083984375;1.9921875;1.99462890625;1.99462890625;1.995849609375;1.9921875;1.995849609375;1.9921875;1.988525390625;1.988525390625;1.9873046875;1.98974609375;1.988525390625;1.993408203125;1.99462890625;1.995849609375;1.99462890625
2024-08-29 15:33:54.772944;1.993408203125;1.98974609375;1.98486328125;1.986083984375;1.9873046875;1.988525390625;1.990966796875;1.98974609375;1.9873046875;1.988525390625;1.9921875;1.993408203125;1.993408203125;1.988525390625;1.998291015625;1.99462890625;1.9921875;1.98486328125;1.986083984375;1.988525390625;1.988525390625;1.986083984375;1.98486328125;1.983642578125;1.9775390625;1.97998046875;1.983642578125;1.97998046875;1.983642578125;1.9873046875;1.98486328125;1.98486328125;1.9873046875;1.9921875;1.995849609375;1.99462890625;1.990966796875;1.9921875;1.99462890625;1.986083984375;1.9873046875;1.9873046875;1.988525390625;1.98486328125;1.97998046875;1.981201171875;1.9873046875;1.988525390625;1.98486328125;1.9873046875;1.986083984375;1.988525390625;1.9921875;1.9921875;1.9921875;1.993408203125;1.990966796875;1.99462890625;1.995849609375;1.995849609375;1.993408203125;1.998291015625;1.9970703125;2.000732421875;2.000732421875;1.995849609375;1.993408203125;1.993408203125;1.99462890625;1.99462890625;1.986083984375;1.986083984375;1.990966796875;1.988525390625;1.988525390625;1.98974609375;1.990966796875;1.995849609375;1.99951171875;1.995849609375;1.9921875;1.9873046875;1.983642578125;1.97998046875;1.982421875;1.982421875;1.9873046875;1.993408203125;1.99951171875;2.001953125;1.998291015625;1.9970703125;1.995849609375;1.990966796875;1.988525390625;1.9921875;1.990966796875;1.9873046875;1.988525390625;1.993408203125
